# kind	path	size	ROM location (MIO0 block offset and offset in it, or file offset)
texture	actors/amp/amp_body.rgba16.inc.c	2048	[2032944, 6936]
texture	actors/amp/amp_electricity.rgba16.inc.c	1024	[2032944, 3864]
texture	actors/amp/amp_eyes.rgba16.inc.c	2048	[2032944, 4888]
texture	actors/amp/amp_mouth.rgba16.inc.c	2048	[2032944, 8984]
texture	actors/blue_coin_switch/blue_coin_switch_side.rgba16.inc.c	1024	[2032944, 24]
texture	actors/blue_coin_switch/blue_coin_switch_top.rgba16.inc.c	2048	[2032944, 1048]
texture	actors/blue_fish/blue_fish.rgba16.inc.c	2048	[2094912, 112096]
texture	actors/bobomb/bob-omb_buddy_left_side.rgba16.inc.c	4096	[1257760, 120]
texture	actors/bobomb/bob-omb_buddy_right_side.rgba16.inc.c	4096	[1257760, 4216]
texture	actors/bobomb/bob-omb_eyes.rgba16.inc.c	2048	[1257760, 18552]
texture	actors/bobomb/bob-omb_eyes_blink.rgba16.inc.c	2048	[1257760, 20600]
texture	actors/bobomb/bob-omb_left_side.rgba16.inc.c	4096	[2032944, 121440]
texture	actors/bobomb/bob-omb_right_side.rgba16.inc.c	4096	[2032944, 125536]
texture	actors/bomb/bomb_left_side.rgba16.inc.c	4096	[1599504, 359104]
texture	actors/bomb/bomb_right_side.rgba16.inc.c	4096	[1599504, 363200]
texture	actors/bomb/bomb_spike.rgba16.inc.c	2048	[1599504, 367296]
texture	actors/boo/boo_eyes.rgba16.inc.c	4096	[1462368, 39744]
texture	actors/boo/boo_mouth.rgba16.inc.c	2048	[1462368, 43840]
texture	actors/boo_castle/bbh_boo_eyes.rgba16.inc.c	4096	[1462368, 39744]
texture	actors/boo_castle/bbh_boo_mouth.rgba16.inc.c	2048	[1462368, 43840]
texture	actors/book/book_cover.rgba16.inc.c	2048	[1462368, 4192]
texture	actors/bookend/bookend_cover.rgba16.inc.c	2048	[1462368, 4192]
texture	actors/bookend/bookend_mouth.rgba16.inc.c	1024	[1462368, 2144]
texture	actors/bookend/bookend_pages.rgba16.inc.c	1024	[1462368, 3168]
texture	actors/bookend/bookend_spine.rgba16.inc.c	1024	[1462368, 96]
texture	actors/bookend/bookend_tooth.rgba16.inc.c	1024	[1462368, 1120]
texture	actors/bowser/bowser_armband.rgba16.inc.c	2048	[1599504, 146488]
texture	actors/bowser/bowser_armband_spike.rgba16.inc.c	4096	[1599504, 142392]
texture	actors/bowser/bowser_blue_eye_unused.rgba16.inc.c	4096	[1599504, 156728]
texture	actors/bowser/bowser_body.rgba16.inc.c	2048	[1599504, 140344]
texture	actors/bowser/bowser_chest.rgba16.inc.c	2048	[1599504, 152632]
texture	actors/bowser/bowser_claw_edge.rgba16.inc.c	4096	[1599504, 171064]
texture	actors/bowser/bowser_claw_horn_angle.rgba16.inc.c	4096	[1599504, 179256]
texture	actors/bowser/bowser_claw_horn_tooth.rgba16.inc.c	4096	[1599504, 175160]
texture	actors/bowser/bowser_eye_center_0.rgba16.inc.c	4096	[1599504, 195640]
texture	actors/bowser/bowser_eye_center_1.rgba16.inc.c	4096	[1599504, 195640]
texture	actors/bowser/bowser_eye_closed_0.rgba16.inc.c	4096	[1599504, 191544]
texture	actors/bowser/bowser_eye_closed_1.rgba16.inc.c	4096	[1599504, 191544]
texture	actors/bowser/bowser_eye_far_left_0.rgba16.inc.c	4096	[1599504, 203832]
texture	actors/bowser/bowser_eye_far_left_1.rgba16.inc.c	4096	[1599504, 203832]
texture	actors/bowser/bowser_eye_half_closed_0.rgba16.inc.c	4096	[1599504, 187448]
texture	actors/bowser/bowser_eye_half_closed_1.rgba16.inc.c	4096	[1599504, 187448]
texture	actors/bowser/bowser_eye_left_0.rgba16.inc.c	4096	[1599504, 183352]
texture	actors/bowser/bowser_eye_left_1.rgba16.inc.c	4096	[1599504, 183352]
texture	actors/bowser/bowser_eye_right_0.rgba16.inc.c	4096	[1599504, 199736]
texture	actors/bowser/bowser_eye_right_1.rgba16.inc.c	4096	[1599504, 199736]
texture	actors/bowser/bowser_eyebrow.rgba16.inc.c	4096	[1599504, 130104]
texture	actors/bowser/bowser_hair.rgba16.inc.c	4096	[1599504, 166968]
texture	actors/bowser/bowser_mouth_unused.rgba16.inc.c	4096	[1599504, 160824]
texture	actors/bowser/bowser_muzzle.rgba16.inc.c	2048	[1599504, 134200]
texture	actors/bowser/bowser_nostrils.rgba16.inc.c	4096	[1599504, 136248]
texture	actors/bowser/bowser_shell.rgba16.inc.c	2048	[1599504, 128056]
texture	actors/bowser/bowser_shell_edge.rgba16.inc.c	2048	[1599504, 154680]
texture	actors/bowser/bowser_tongue.rgba16.inc.c	4096	[1599504, 148536]
texture	actors/bowser/bowser_upper_face.rgba16.inc.c	2048	[1599504, 164920]
texture	actors/bowser_flame/bowser_flame_0.rgba16.inc.c	8192	[1599504, 0]
texture	actors/bowser_flame/bowser_flame_1.rgba16.inc.c	8192	[1599504, 8192]
texture	actors/bowser_flame/bowser_flame_10.rgba16.inc.c	8192	[1599504, 81920]
texture	actors/bowser_flame/bowser_flame_11.rgba16.inc.c	8192	[1599504, 90112]
texture	actors/bowser_flame/bowser_flame_12.rgba16.inc.c	8192	[1599504, 98304]
texture	actors/bowser_flame/bowser_flame_13.rgba16.inc.c	8192	[1599504, 106496]
texture	actors/bowser_flame/bowser_flame_2.rgba16.inc.c	8192	[1599504, 16384]
texture	actors/bowser_flame/bowser_flame_3.rgba16.inc.c	8192	[1599504, 24576]
texture	actors/bowser_flame/bowser_flame_4.rgba16.inc.c	8192	[1599504, 32768]
texture	actors/bowser_flame/bowser_flame_5.rgba16.inc.c	8192	[1599504, 40960]
texture	actors/bowser_flame/bowser_flame_6.rgba16.inc.c	8192	[1599504, 49152]
texture	actors/bowser_flame/bowser_flame_7.rgba16.inc.c	8192	[1599504, 57344]
texture	actors/bowser_flame/bowser_flame_8.rgba16.inc.c	8192	[1599504, 65536]
texture	actors/bowser_flame/bowser_flame_9.rgba16.inc.c	8192	[1599504, 73728]
texture	actors/breakable_box/cork_box_surface.rgba16.inc.c	2048	[2032944, 74384]
texture	actors/breakable_box/crazy_box_surface.rgba16.inc.c	2048	[2032944, 72336]
texture	actors/bub/bub_eye_border.rgba16.inc.c	2048	[1568640, 5128]
texture	actors/bub/bub_eyes.rgba16.inc.c	4096	[1568640, 1032]
texture	actors/bub/bub_fins.rgba16.inc.c	2048	[1568640, 7176]
texture	actors/bub/bub_scales.rgba16.inc.c	4096	[1568640, 9224]
texture	actors/bubba/bubba_eye_border.rgba16.inc.c	2048	[1568640, 5128]
texture	actors/bubba/bubba_eyes_unused.rgba16.inc.c	4096	[1568640, 1032]
texture	actors/bubba/bubba_fins.rgba16.inc.c	2048	[1568640, 7176]
texture	actors/bubba/bubba_scales.rgba16.inc.c	8192	[1568640, 9224]
texture	actors/bubba/bubba_sunglasses.rgba16.inc.c	1024	[1568640, 8]
texture	actors/bubble/bubble.rgba16.inc.c	2048	[1125200, 118112]
texture	actors/bubble/mr_i_bubble.rgba16.inc.c	2048	[1125200, 120160]
texture	actors/bullet_bill/bullet_bill_eye.rgba16.inc.c	4096	[1215456, 47784]
texture	actors/bullet_bill/bullet_bill_mouth.rgba16.inc.c	4096	[1215456, 51880]
texture	actors/bully/bully_eye.rgba16.inc.c	2048	[1249376, 9320]
texture	actors/bully/bully_horn.rgba16.inc.c	512	[1249376, 224]
texture	actors/bully/bully_left_side.rgba16.inc.c	4096	[1249376, 1128]
texture	actors/bully/bully_right_side.rgba16.inc.c	4096	[1249376, 5224]
texture	actors/burn_smoke/burn_smoke.ia16.inc.c	2048	[1125200, 137216]
texture	actors/butterfly/butterfly_wing.rgba16.inc.c	4096	[2094912, 17320]
texture	actors/cannon_barrel/cannon_barrel.rgba16.inc.c	2048	[2032944, 22696]
texture	actors/cannon_base/cannon_base.rgba16.inc.c	2048	[2032944, 18872]
texture	actors/cannon_lid/cannon_lid.rgba16.inc.c	2048	[2032944, 16472]
texture	actors/capswitch/cap_switch_base.rgba16.inc.c	128	[1457744, 11336]
texture	actors/capswitch/cap_switch_head.ia16.inc.c	4096	[1457744, 7240]
texture	actors/chain_ball/chain_ball.rgba16.inc.c	2048	[1844608, 133864]
texture	actors/chain_chomp/chain_chomp_bright_shine.rgba16.inc.c	2048	[1844608, 136144]
texture	actors/chain_chomp/chain_chomp_dull_shine.rgba16.inc.c	2048	[1844608, 138192]
texture	actors/chain_chomp/chain_chomp_eye.rgba16.inc.c	2048	[1844608, 144336]
texture	actors/chain_chomp/chain_chomp_tongue.rgba16.inc.c	2048	[1844608, 140240]
texture	actors/chain_chomp/chain_chomp_tooth.rgba16.inc.c	2048	[1462368, 27376]
texture	actors/chair/chair_bottom.rgba16.inc.c	1024	[1462368, 16480]
texture	actors/chair/chair_front.rgba16.inc.c	2048	[1462368, 12384]
texture	actors/chair/chair_leg.rgba16.inc.c	2048	[1462368, 14432]
texture	actors/chair/chair_surface_unused.rgba16.inc.c	2048	[1462368, 17504]
texture	actors/checkerboard_platform/checkerboard_platform.rgba16.inc.c	2048	[2032944, 52288]
texture	actors/checkerboard_platform/checkerboard_platform_side.rgba16.inc.c	1024	[2032944, 51264]
texture	actors/chillychief/chill_bully_eye.rgba16.inc.c	2048	[1249376, 9320]
texture	actors/chillychief/chill_bully_left_side.rgba16.inc.c	4096	[1979680, 96]
texture	actors/chillychief/chill_bully_right_side.rgba16.inc.c	4096	[1979680, 4192]
texture	actors/chuckya/chuckya_body_arm_left_side.rgba16.inc.c	4096	[2032944, 32632]
texture	actors/chuckya/chuckya_body_arm_right_side.rgba16.inc.c	4096	[2032944, 36728]
texture	actors/chuckya/chuckya_eyes.rgba16.inc.c	4096	[2032944, 26488]
texture	actors/chuckya/chuckya_hand_antenna.rgba16.inc.c	2048	[2032944, 30584]
texture	actors/clam_shell/clam_shell.rgba16.inc.c	2048	[1285392, 48]
texture	actors/clam_shell/clam_shell_mouth.rgba16.inc.c	2048	[1285392, 2096]
texture	actors/coin/coin_front.ia16.inc.c	2048	[2094912, 22400]
texture	actors/coin/coin_side.ia16.inc.c	2048	[2094912, 26496]
texture	actors/coin/coin_tilt_left.ia16.inc.c	2048	[2094912, 28544]
texture	actors/coin/coin_tilt_right.ia16.inc.c	2048	[2094912, 24448]
texture	actors/cyan_fish/cyan_fish.rgba16.inc.c	2048	[1802256, 54376]
texture	actors/dirt/dirt_particle.rgba16.inc.c	512	[2094912, 179704]
texture	actors/door/bbh_door.rgba16.inc.c	4096	[2094912, 66832]
texture	actors/door/bbh_door_overlay.rgba16.inc.c	2048	[2094912, 70928]
texture	actors/door/door_lock.rgba16.inc.c	1024	[2094912, 79120]
texture	actors/door/hmc_mural_door.rgba16.inc.c	4096	[2094912, 60688]
texture	actors/door/hmc_mural_door_overlay.rgba16.inc.c	2048	[2094912, 64784]
texture	actors/door/metal_door.rgba16.inc.c	4096	[2094912, 54544]
texture	actors/door/metal_door_overlay.rgba16.inc.c	2048	[2094912, 58640]
texture	actors/door/one_star_door_sign.rgba16.inc.c	2048	[2094912, 75024]
texture	actors/door/polished_wooden_door.rgba16.inc.c	4096	[2094912, 40208]
texture	actors/door/polished_wooden_door_overlay.rgba16.inc.c	4096	[2094912, 44304]
texture	actors/door/rough_wooden_door.rgba16.inc.c	4096	[2094912, 48400]
texture	actors/door/rough_wooden_door_overlay.rgba16.inc.c	2048	[2094912, 52496]
texture	actors/door/three_star_door_sign.rgba16.inc.c	2048	[2094912, 77072]
texture	actors/door/zero_star_door_sign.rgba16.inc.c	2048	[2094912, 72976]
texture	actors/dorrie/dorrie_eye.rgba16.inc.c	512	[1991184, 39840]
texture	actors/dorrie/dorrie_skin.rgba16.inc.c	4096	[1991184, 40352]
texture	actors/dorrie/dorrie_tongue.rgba16.inc.c	2048	[1844608, 140240]
texture	actors/exclamation_box/exclamation_box_front.rgba16.inc.c	2048	[2032944, 95784]
texture	actors/exclamation_box/exclamation_box_side.rgba16.inc.c	4096	[2032944, 97832]
texture	actors/exclamation_box/metal_cap_box_front.rgba16.inc.c	2048	[2032944, 83496]
texture	actors/exclamation_box/metal_cap_box_side.rgba16.inc.c	4096	[2032944, 85544]
texture	actors/exclamation_box/vanish_cap_box_front.rgba16.inc.c	2048	[2032944, 77352]
texture	actors/exclamation_box/vanish_cap_box_side.rgba16.inc.c	4096	[2032944, 79400]
texture	actors/exclamation_box/wing_cap_box_front.rgba16.inc.c	2048	[2032944, 89640]
texture	actors/exclamation_box/wing_cap_box_side.rgba16.inc.c	4096	[2032944, 91688]
texture	actors/exclamation_box_outline/exclamation_box_outline.rgba16.inc.c	2048	[2032944, 151912]
texture	actors/exclamation_box_outline/exclamation_point.rgba16.inc.c	1024	[2032944, 154240]
texture	actors/explosion/explosion_0.rgba16.inc.c	2048	[2094912, 2568]
texture	actors/explosion/explosion_1.rgba16.inc.c	2048	[2094912, 4616]
texture	actors/explosion/explosion_2.rgba16.inc.c	2048	[2094912, 6664]
texture	actors/explosion/explosion_3.rgba16.inc.c	2048	[2094912, 8712]
texture	actors/explosion/explosion_4.rgba16.inc.c	2048	[2094912, 10760]
texture	actors/explosion/explosion_5.rgba16.inc.c	2048	[2094912, 12808]
texture	actors/explosion/explosion_6.rgba16.inc.c	2048	[2094912, 14856]
texture	actors/eyerok/eyerok_bricks.rgba16.inc.c	2048	[1327760, 36160]
texture	actors/eyerok/eyerok_eye_closed.rgba16.inc.c	2048	[1327760, 44352]
texture	actors/eyerok/eyerok_eye_mostly_closed.rgba16.inc.c	2048	[1327760, 42304]
texture	actors/eyerok/eyerok_eye_mostly_open.rgba16.inc.c	2048	[1327760, 40256]
texture	actors/eyerok/eyerok_eye_open.rgba16.inc.c	2048	[1327760, 38208]
texture	actors/flame/flame_0.ia16.inc.c	2048	[2094912, 95008]
texture	actors/flame/flame_1.ia16.inc.c	2048	[2094912, 97056]
texture	actors/flame/flame_2.ia16.inc.c	2048	[2094912, 99104]
texture	actors/flame/flame_3.ia16.inc.c	2048	[2094912, 101152]
texture	actors/flame/flame_4.ia16.inc.c	2048	[2094912, 103200]
texture	actors/flame/flame_5.ia16.inc.c	2048	[2094912, 105248]
texture	actors/flame/flame_6.ia16.inc.c	2048	[2094912, 107296]
texture	actors/flame/flame_7.ia16.inc.c	2048	[2094912, 109344]
texture	actors/flyguy/flyguy_cloth_wrinkle.rgba16.inc.c	4096	[2032944, 57480]
texture	actors/flyguy/flyguy_face.rgba16.inc.c	2048	[2032944, 61576]
texture	actors/flyguy/flyguy_propeller.ia16.inc.c	2048	[2032944, 63624]
texture	actors/fwoosh/fwoosh_face.ia16.inc.c	2048	[1377744, 88072]
texture	actors/goomba/goomba_body.rgba16.inc.c	2048	[2032944, 103728]
texture	actors/goomba/goomba_face.rgba16.inc.c	2048	[2032944, 105776]
texture	actors/goomba/goomba_face_blink.rgba16.inc.c	2048	[2032944, 107824]
texture	actors/haunted_cage/bbh_cage_bars.rgba16.inc.c	2048	[1462368, 55944]
texture	actors/haunted_cage/bbh_cage_double_ornament.rgba16.inc.c	2048	[1462368, 51848]
texture	actors/haunted_cage/bbh_cage_floor.rgba16.inc.c	2048	[1462368, 49800]
texture	actors/haunted_cage/bbh_cage_garbage.rgba16.inc.c	2048	[1462368, 57992]
texture	actors/haunted_cage/bbh_cage_ornament.rgba16.inc.c	1024	[1462368, 53896]
texture	actors/haunted_cage/bbh_cage_wooden_base.rgba16.inc.c	1024	[1462368, 54920]
texture	actors/heart/spinning_heart.rgba16.inc.c	2048	[2032944, 55264]
texture	actors/heave_ho/heave-ho_arm_ornament.rgba16.inc.c	2048	[1215456, 68040]
texture	actors/heave_ho/heave-ho_face.rgba16.inc.c	2048	[1215456, 59848]
texture	actors/heave_ho/heave-ho_logo.rgba16.inc.c	4096	[1215456, 63944]
texture	actors/heave_ho/heave-ho_platform.rgba16.inc.c	2048	[1215456, 61896]
texture	actors/heave_ho/heave-ho_roller.rgba16.inc.c	512	[1215456, 70088]
texture	actors/heave_ho/heave-ho_turnkey.rgba16.inc.c	2048	[1215456, 70600]
texture	actors/hoot/hoot_eyes.rgba16.inc.c	2048	[1215456, 2592]
texture	actors/hoot/hoot_wing.rgba16.inc.c	2048	[1215456, 7760]
texture	actors/hoot/hoot_wing_tip.rgba16.inc.c	2048	[1215456, 9808]
texture	actors/impact_ring/impact_ring_left_side.ia16.inc.c	4096	[1599504, 117328]
texture	actors/impact_ring/impact_ring_right_side.ia16.inc.c	4096	[1599504, 121424]
texture	actors/impact_smoke/impact_smoke_0.ia16.inc.c	8192	[1599504, 371240]
texture	actors/impact_smoke/impact_smoke_1.ia16.inc.c	8192	[1599504, 379432]
texture	actors/impact_smoke/impact_smoke_2.ia16.inc.c	8192	[1599504, 387624]
texture	actors/impact_smoke/impact_smoke_3.ia16.inc.c	8192	[1599504, 395816]
texture	actors/king_bobomb/bob-omb_buddy_body_unused.rgba16.inc.c	8192	[1257760, 25720]
texture	actors/king_bobomb/bob-omb_buddy_left_side_unused.rgba16.inc.c	4096	[1257760, 120]
texture	actors/king_bobomb/bob-omb_buddy_right_side_unused.rgba16.inc.c	4096	[1257760, 4216]
texture	actors/king_bobomb/king_bob-omb_arm.rgba16.inc.c	2048	[1257760, 8312]
texture	actors/king_bobomb/king_bob-omb_body_unused.rgba16.inc.c	8192	[1257760, 10360]
texture	actors/king_bobomb/king_bob-omb_crown_rim.rgba16.inc.c	1024	[1257760, 24696]
texture	actors/king_bobomb/king_bob-omb_eyes.rgba16.inc.c	2048	[1257760, 18552]
texture	actors/king_bobomb/king_bob-omb_eyes_blink.rgba16.inc.c	2048	[1257760, 20600]
texture	actors/king_bobomb/king_bob-omb_hand.rgba16.inc.c	2048	[1257760, 22648]
texture	actors/king_bobomb/king_bob-omb_left_side.rgba16.inc.c	4096	[1257760, 33912]
texture	actors/king_bobomb/king_bob-omb_right_side.rgba16.inc.c	4096	[1257760, 38008]
texture	actors/klepto/klepto_beak.rgba16.inc.c	4096	[1327760, 4104]
texture	actors/klepto/klepto_chest_tuft.rgba16.inc.c	2048	[1327760, 8]
texture	actors/klepto/klepto_eye.rgba16.inc.c	2048	[1327760, 2056]
texture	actors/klepto/klepto_wing.rgba16.inc.c	4096	[1327760, 8200]
texture	actors/klepto/klepto_wing_flap.rgba16.inc.c	2048	[1327760, 12296]
texture	actors/koopa/koopa_eye_border.rgba16.inc.c	2048	[1844608, 22088]
texture	actors/koopa/koopa_eyes_closed.rgba16.inc.c	2048	[1844608, 20040]
texture	actors/koopa/koopa_eyes_open.rgba16.inc.c	2048	[1844608, 17992]
texture	actors/koopa/koopa_nostrils.rgba16.inc.c	4096	[1844608, 24136]
texture	actors/koopa/koopa_shell_back.rgba16.inc.c	2048	[1844608, 11848]
texture	actors/koopa/koopa_shell_front.rgba16.inc.c	2048	[1844608, 9800]
texture	actors/koopa/koopa_shell_front_top.rgba16.inc.c	2048	[1844608, 15944]
texture	actors/koopa/koopa_shoe.rgba16.inc.c	2048	[1844608, 13896]
texture	actors/koopa_flag/koopa_flag_banner.rgba16.inc.c	2048	[1844608, 72]
texture	actors/koopa_shell/koopa_shell_back.rgba16.inc.c	2048	[1844608, 11848]
texture	actors/koopa_shell/koopa_shell_front.rgba16.inc.c	2048	[1844608, 9800]
texture	actors/lakitu_cameraman/lakitu_camera_lens.rgba16.inc.c	512	[1926752, 14336]
texture	actors/lakitu_cameraman/lakitu_cameraman_cloud_face_unused.rgba16.inc.c	2048	[1568640, 60640]
texture	actors/lakitu_cameraman/lakitu_cameraman_eyes_closed.rgba16.inc.c	4096	[1568640, 66784]
texture	actors/lakitu_cameraman/lakitu_cameraman_eyes_open.rgba16.inc.c	4096	[1568640, 62688]
texture	actors/lakitu_cameraman/lakitu_cameraman_frown.rgba16.inc.c	2048	[1568640, 72928]
texture	actors/lakitu_cameraman/lakitu_cameraman_shell.rgba16.inc.c	2048	[1568640, 70880]
texture	actors/lakitu_enemy/lakitu_enemy_cloud_face_unused.rgba16.inc.c	2048	[1568640, 60640]
texture	actors/lakitu_enemy/lakitu_enemy_eyes_closed.rgba16.inc.c	4096	[1568640, 66784]
texture	actors/lakitu_enemy/lakitu_enemy_eyes_open.rgba16.inc.c	4096	[1568640, 62688]
texture	actors/lakitu_enemy/lakitu_enemy_frown.rgba16.inc.c	2048	[1568640, 72928]
texture	actors/lakitu_enemy/lakitu_enemy_shell.rgba16.inc.c	2048	[1568640, 70880]
texture	actors/leaves/leaf.rgba16.inc.c	512	[2094912, 117728]
texture	actors/mad_piano/mad_piano_body.rgba16.inc.c	1024	[1462368, 29424]
texture	actors/mad_piano/mad_piano_keys.rgba16.inc.c	1024	[1462368, 32496]
texture	actors/mad_piano/mad_piano_keys_corner.rgba16.inc.c	1024	[1462368, 30448]
texture	actors/mad_piano/mad_piano_keys_edge.rgba16.inc.c	1024	[1462368, 33520]
texture	actors/mad_piano/mad_piano_mouth.rgba16.inc.c	1024	[1462368, 31472]
texture	actors/mad_piano/mad_piano_tooth.rgba16.inc.c	2048	[1462368, 27376]
texture	actors/manta/manta_eye.rgba16.inc.c	2048	[1285392, 12192]
texture	actors/manta/manta_fin_corner.rgba16.inc.c	2048	[1285392, 6048]
texture	actors/manta/manta_fin_edge.rgba16.inc.c	4096	[1285392, 14240]
texture	actors/manta/manta_gills.rgba16.inc.c	4096	[1285392, 8096]
texture	actors/mario/mario_eyes_center.rgba16.inc.c	2048	[1125200, 12432]
texture	actors/mario/mario_eyes_closed.rgba16.inc.c	2048	[1125200, 16528]
texture	actors/mario/mario_eyes_closed_unused_0.rgba16.inc.c	2048	[1125200, 16528]
texture	actors/mario/mario_eyes_closed_unused_1.rgba16.inc.c	2048	[1125200, 16528]
texture	actors/mario/mario_eyes_dead.rgba16.inc.c	2048	[1125200, 30864]
texture	actors/mario/mario_eyes_down_unused.rgba16.inc.c	2048	[1125200, 28816]
texture	actors/mario/mario_eyes_half_closed.rgba16.inc.c	2048	[1125200, 14480]
texture	actors/mario/mario_eyes_left_unused.rgba16.inc.c	2048	[1125200, 22672]
texture	actors/mario/mario_eyes_right_unused.rgba16.inc.c	2048	[1125200, 24720]
texture	actors/mario/mario_eyes_up_unused.rgba16.inc.c	2048	[1125200, 26768]
texture	actors/mario/mario_logo.rgba16.inc.c	2048	[1125200, 6288]
texture	actors/mario/mario_metal.rgba16.inc.c	4096	[1125200, 144]
texture	actors/mario/mario_metal_wing_tip_unused.rgba16.inc.c	4096	[1125200, 45200]
texture	actors/mario/mario_metal_wing_unused.rgba16.inc.c	4096	[1125200, 41104]
texture	actors/mario/mario_mustache.rgba16.inc.c	2048	[1125200, 10384]
texture	actors/mario/mario_overalls_button.rgba16.inc.c	2048	[1125200, 4240]
texture	actors/mario/mario_sideburn.rgba16.inc.c	2048	[1125200, 8336]
texture	actors/mario/mario_wing.rgba16.inc.c	4096	[1125200, 32912]
texture	actors/mario/mario_wing_tip.rgba16.inc.c	4096	[1125200, 37008]
texture	actors/mario_cap/mario_cap_logo.rgba16.inc.c	2048	[1125200, 6288]
texture	actors/mario_cap/mario_cap_metal.rgba16.inc.c	4096	[1125200, 144]
texture	actors/mario_cap/mario_cap_metal_wing_tip_unused.rgba16.inc.c	4096	[1125200, 45200]
texture	actors/mario_cap/mario_cap_metal_wing_unused.rgba16.inc.c	4096	[1125200, 41104]
texture	actors/mario_cap/mario_cap_wing.rgba16.inc.c	4096	[1125200, 32912]
texture	actors/mario_cap/mario_cap_wing_tip.rgba16.inc.c	4096	[1125200, 37008]
texture	actors/metal_box/metal_box_side.rgba16.inc.c	4096	[2032944, 145816]
texture	actors/mips/mips_eyes.rgba16.inc.c	2048	[1926752, 64384]
texture	actors/mist/mist.ia16.inc.c	2048	[2094912, 128]
texture	actors/moneybag/moneybag_eyes.rgba16.inc.c	2048	[1979680, 18864]
texture	actors/moneybag/moneybag_mouth.rgba16.inc.c	4096	[1979680, 14768]
texture	actors/monty_mole/monty_mole_cheek.rgba16.inc.c	2048	[1377744, 2416]
texture	actors/monty_mole/monty_mole_claw.rgba16.inc.c	2048	[1377744, 10608]
texture	actors/monty_mole/monty_mole_eye.rgba16.inc.c	2048	[1377744, 4464]
texture	actors/monty_mole/monty_mole_nose.rgba16.inc.c	2048	[1377744, 6512]
texture	actors/monty_mole/monty_mole_tooth.rgba16.inc.c	2048	[1377744, 8560]
texture	actors/monty_mole_hole/monty_mole_hole.ia16.inc.c	2048	[1377744, 64]
texture	actors/mr_i_eyeball/mr_i_eyeball_left_side.rgba16.inc.c	4096	[1991184, 128]
texture	actors/mr_i_eyeball/mr_i_eyeball_right_side.rgba16.inc.c	4096	[1991184, 4224]
texture	actors/mr_i_iris/mr_i_iris_closed.rgba16.inc.c	2048	[1991184, 14704]
texture	actors/mr_i_iris/mr_i_iris_mostly_closed.rgba16.inc.c	2048	[1991184, 12656]
texture	actors/mr_i_iris/mr_i_iris_mostly_open.rgba16.inc.c	2048	[1991184, 10608]
texture	actors/mr_i_iris/mr_i_iris_open.rgba16.inc.c	2048	[1991184, 8560]
texture	actors/mushroom_1up/1-up_mushroom.rgba16.inc.c	4096	[2094912, 169512]
texture	actors/peach/peach_chest_jewel.rgba16.inc.c	512	[1490032, 11304]
texture	actors/peach/peach_crown_jewel.rgba16.inc.c	512	[1490032, 10792]
texture	actors/peach/peach_dress.rgba16.inc.c	2048	[1490032, 16424]
texture	actors/peach/peach_eye_closed.rgba16.inc.c	2048	[1490032, 8744]
texture	actors/peach/peach_eye_mostly_closed.rgba16.inc.c	2048	[1490032, 6696]
texture	actors/peach/peach_eye_mostly_open.rgba16.inc.c	2048	[1490032, 4648]
texture	actors/peach/peach_eye_open.rgba16.inc.c	2048	[1490032, 2600]
texture	actors/peach/peach_lips.rgba16.inc.c	2048	[1490032, 13864]
texture	actors/peach/peach_lips_scrunched.rgba16.inc.c	2048	[1490032, 11816]
texture	actors/peach/peach_nostril.rgba16.inc.c	512	[1490032, 15912]
texture	actors/pebble/pebble.rgba16.inc.c	2048	[2094912, 115456]
texture	actors/penguin/penguin_beak.rgba16.inc.c	2048	[1436272, 21984]
texture	actors/penguin/penguin_eye_angry.rgba16.inc.c	2048	[1436272, 17888]
texture	actors/penguin/penguin_eye_angry_unused.rgba16.inc.c	2048	[1436272, 19936]
texture	actors/penguin/penguin_eye_closed.rgba16.inc.c	2048	[1436272, 15840]
texture	actors/penguin/penguin_eye_half_closed.rgba16.inc.c	2048	[1436272, 13792]
texture	actors/penguin/penguin_eye_open.rgba16.inc.c	2048	[1436272, 11744]
texture	actors/piranha_plant/piranha_plant_bottom_lip.rgba16.inc.c	2048	[1844608, 78840]
texture	actors/piranha_plant/piranha_plant_leaf.rgba16.inc.c	4096	[1844608, 82936]
texture	actors/piranha_plant/piranha_plant_skin.rgba16.inc.c	2048	[1844608, 74744]
texture	actors/piranha_plant/piranha_plant_stem.rgba16.inc.c	2048	[1844608, 76792]
texture	actors/piranha_plant/piranha_plant_tongue.rgba16.inc.c	4096	[1599504, 148536]
texture	actors/piranha_plant/piranha_plant_tooth.rgba16.inc.c	2048	[1844608, 80888]
texture	actors/pokey/pokey_body.rgba16.inc.c	2048	[1327760, 75896]
texture	actors/pokey/pokey_face.rgba16.inc.c	2048	[1327760, 71504]
texture	actors/pokey/pokey_face_blink.rgba16.inc.c	2048	[1327760, 73552]
texture	actors/poundable_pole/poundable_pole_side.rgba16.inc.c	2048	[1844608, 6224]
texture	actors/poundable_pole/poundable_pole_top.rgba16.inc.c	2048	[1844608, 4176]
texture	actors/power_meter/power_meter_five_segments.rgba16.inc.c	2048	[2094912, 158688]
texture	actors/power_meter/power_meter_four_segments.rgba16.inc.c	2048	[2094912, 160736]
texture	actors/power_meter/power_meter_full.rgba16.inc.c	2048	[2094912, 152544]
texture	actors/power_meter/power_meter_left_side.rgba16.inc.c	4096	[2094912, 144352]
texture	actors/power_meter/power_meter_one_segment.rgba16.inc.c	2048	[2094912, 166880]
texture	actors/power_meter/power_meter_right_side.rgba16.inc.c	4096	[2094912, 148448]
texture	actors/power_meter/power_meter_seven_segments.rgba16.inc.c	2048	[2094912, 154592]
texture	actors/power_meter/power_meter_six_segments.rgba16.inc.c	2048	[2094912, 156640]
texture	actors/power_meter/power_meter_three_segments.rgba16.inc.c	2048	[2094912, 162784]
texture	actors/power_meter/power_meter_two_segments.rgba16.inc.c	2048	[2094912, 164832]
texture	actors/purple_switch/purple_switch_base.rgba16.inc.c	128	[2032944, 49320]
texture	actors/purple_switch/purple_switch_exclamation_point.rgba16.inc.c	1024	[2032944, 49448]
texture	actors/sand/sand_particle.rgba16.inc.c	512	[2094912, 178896]
texture	actors/scuttlebug/scuttlebug_eye.rgba16.inc.c	2048	[1991184, 65800]
texture	actors/scuttlebug/scuttlebug_iris.rgba16.inc.c	2048	[1991184, 76040]
texture	actors/scuttlebug/scuttlebug_left_side.rgba16.inc.c	4096	[1991184, 67848]
texture	actors/scuttlebug/scuttlebug_leg.rgba16.inc.c	2048	[1991184, 78088]
texture	actors/scuttlebug/scuttlebug_right_side.rgba16.inc.c	4096	[1991184, 71944]
texture	actors/seaweed/seaweed_base.rgba16.inc.c	2048	[1802256, 38416]
texture	actors/seaweed/seaweed_lower_center.rgba16.inc.c	2048	[1802256, 36368]
texture	actors/seaweed/seaweed_tip.rgba16.inc.c	2048	[1802256, 32272]
texture	actors/seaweed/seaweed_upper_center.rgba16.inc.c	2048	[1802256, 34320]
texture	actors/skeeter/skeeter_eye.rgba16.inc.c	2048	[1802256, 144]
texture	actors/skeeter/skeeter_iris.rgba16.inc.c	256	[1802256, 2192]
texture	actors/smoke/smoke.ia16.inc.c	2048	[1377744, 29376]
texture	actors/snowman/mr_blizzard_eye.rgba16.inc.c	2048	[1436272, 46192]
texture	actors/snowman/mr_blizzard_left_side.rgba16.inc.c	4096	[1436272, 38000]
texture	actors/snowman/mr_blizzard_mitten.rgba16.inc.c	2048	[1436272, 35952]
texture	actors/snowman/mr_blizzard_mouth.rgba16.inc.c	2048	[1436272, 48240]
texture	actors/snowman/mr_blizzard_right_side.rgba16.inc.c	4096	[1436272, 42096]
texture	actors/snufit/snufit_body.rgba16.inc.c	2048	[1991184, 28896]
texture	actors/snufit/snufit_eye.rgba16.inc.c	2048	[1991184, 30944]
texture	actors/snufit/snufit_mask_strap.rgba16.inc.c	1024	[1991184, 32992]
texture	actors/snufit/snufit_mouth.rgba16.inc.c	2048	[1991184, 34016]
texture	actors/sparkle/sparkle_0.rgba16.inc.c	2048	[1125200, 160912]
texture	actors/sparkle/sparkle_1.rgba16.inc.c	2048	[1125200, 162960]
texture	actors/sparkle/sparkle_2.rgba16.inc.c	2048	[1125200, 165008]
texture	actors/sparkle/sparkle_3.rgba16.inc.c	2048	[1125200, 167056]
texture	actors/sparkle/sparkle_4.rgba16.inc.c	2048	[1125200, 169104]
texture	actors/sparkle/sparkle_5.rgba16.inc.c	2048	[1125200, 171152]
texture	actors/sparkle_animation/sparkle_animation_0.ia16.inc.c	2048	[1125200, 207496]
texture	actors/sparkle_animation/sparkle_animation_1.ia16.inc.c	2048	[1125200, 209544]
texture	actors/sparkle_animation/sparkle_animation_2.ia16.inc.c	2048	[1125200, 211592]
texture	actors/sparkle_animation/sparkle_animation_3.ia16.inc.c	2048	[1125200, 213640]
texture	actors/sparkle_animation/sparkle_animation_4.ia16.inc.c	2048	[1125200, 215688]
texture	actors/spindrift/spindrift_face.rgba16.inc.c	2048	[1436272, 1744]
texture	actors/spindrift/spindrift_head.rgba16.inc.c	2048	[1436272, 7888]
texture	actors/spindrift/spindrift_leaf.rgba16.inc.c	2048	[1436272, 5840]
texture	actors/spindrift/spindrift_petal.rgba16.inc.c	2048	[1436272, 3792]
texture	actors/springboard/springboard_base_unused.rgba16.inc.c	2048	[1457744, 2072]
texture	actors/springboard/springboard_top_unused.rgba16.inc.c	2048	[1457744, 24]
texture	actors/star/star_eye.rgba16.inc.c	2048	[1568640, 31280]
texture	actors/star/star_surface.rgba16.inc.c	2048	[2094912, 173808]
texture	actors/stomp_smoke/stomp_smoke_0.ia16.inc.c	2048	[1125200, 139592]
texture	actors/stomp_smoke/stomp_smoke_1.ia16.inc.c	2048	[1125200, 141640]
texture	actors/stomp_smoke/stomp_smoke_2.ia16.inc.c	2048	[1125200, 143688]
texture	actors/stomp_smoke/stomp_smoke_3.ia16.inc.c	2048	[1125200, 145736]
texture	actors/stomp_smoke/stomp_smoke_4.ia16.inc.c	2048	[1125200, 147784]
texture	actors/stomp_smoke/stomp_smoke_5.ia16.inc.c	2048	[1125200, 149832]
texture	actors/sushi/sushi_eye.rgba16.inc.c	1024	[1285392, 38608]
texture	actors/sushi/sushi_snout.rgba16.inc.c	2048	[1285392, 36560]
texture	actors/sushi/sushi_tooth.rgba16.inc.c	128	[1285392, 39632]
texture	actors/swoop/swoop_body.rgba16.inc.c	2048	[1991184, 17008]
texture	actors/swoop/swoop_eye.rgba16.inc.c	2048	[1991184, 19056]
texture	actors/swoop/swoop_nose.rgba16.inc.c	2048	[1991184, 21104]
texture	actors/swoop/swoop_wing.rgba16.inc.c	2048	[1991184, 23152]
texture	actors/thwomp/thwomp_face.rgba16.inc.c	4096	[1215456, 39168]
texture	actors/thwomp/thwomp_surface.rgba16.inc.c	2048	[1215456, 43264]
texture	actors/toad/toad_face.rgba16.inc.c	2048	[1926752, 22816]
texture	actors/toad/toad_head.rgba16.inc.c	2048	[1926752, 24864]
texture	actors/tornado/tornado.ia16.inc.c	4096	[1285392, 75848]
texture	actors/treasure_chest/treasure_chest_front.rgba16.inc.c	4096	[1802256, 87976]
texture	actors/treasure_chest/treasure_chest_lock.rgba16.inc.c	2048	[1802256, 81832]
texture	actors/treasure_chest/treasure_chest_lock_top.rgba16.inc.c	2048	[1802256, 85928]
texture	actors/treasure_chest/treasure_chest_side.rgba16.inc.c	2048	[1802256, 83880]
texture	actors/tree/palm_tree.rgba16.inc.c	4096	[2094912, 205336]
texture	actors/tree/pine_tree.rgba16.inc.c	4096	[2094912, 196448]
texture	actors/tree/snowy_pine_tree.rgba16.inc.c	4096	[2094912, 200776]
texture	actors/tree/tree_left_side.rgba16.inc.c	4096	[2094912, 187944]
texture	actors/tree/tree_right_side.rgba16.inc.c	4096	[2094912, 192040]
texture	actors/ukiki/ukiki_butt.rgba16.inc.c	2048	[1377744, 39872]
texture	actors/ukiki/ukiki_face.rgba16.inc.c	4096	[1377744, 31680]
texture	actors/ukiki/ukiki_face_blink.rgba16.inc.c	4096	[1377744, 35776]
texture	actors/ukiki/ukiki_fur.rgba16.inc.c	2048	[1377744, 41920]
texture	actors/unagi/unagi_body.rgba16.inc.c	2048	[1285392, 44832]
texture	actors/unagi/unagi_eye.rgba16.inc.c	512	[1285392, 46880]
texture	actors/unagi/unagi_head_base.rgba16.inc.c	2048	[1285392, 47392]
texture	actors/unagi/unagi_mouth.rgba16.inc.c	128	[1285392, 49952]
texture	actors/unagi/unagi_tail.rgba16.inc.c	2048	[1285392, 50080]
texture	actors/unagi/unagi_tooth.rgba16.inc.c	512	[1285392, 49440]
texture	actors/walk_smoke/walk_smoke_0.ia16.inc.c	2048	[1125200, 122528]
texture	actors/walk_smoke/walk_smoke_1.ia16.inc.c	2048	[1125200, 124576]
texture	actors/walk_smoke/walk_smoke_2.ia16.inc.c	2048	[1125200, 126624]
texture	actors/walk_smoke/walk_smoke_3.ia16.inc.c	2048	[1125200, 128672]
texture	actors/walk_smoke/walk_smoke_4.ia16.inc.c	2048	[1125200, 130720]
texture	actors/walk_smoke/walk_smoke_5.ia16.inc.c	2048	[1125200, 132768]
texture	actors/walk_smoke/walk_smoke_6.ia16.inc.c	2048	[1125200, 134816]
texture	actors/warp_pipe/warp_pipe_side.rgba16.inc.c	4096	[2094912, 32320]
texture	actors/warp_pipe/warp_pipe_top.rgba16.inc.c	2048	[2094912, 37224]
texture	actors/water_bubble/water_bubble.rgba16.inc.c	2048	[1257760, 65152]
texture	actors/water_mine/water_mine_left_side_unused.rgba16.inc.c	4096	[1599504, 359104]
texture	actors/water_mine/water_mine_right_side_unused.rgba16.inc.c	4096	[1599504, 363200]
texture	actors/water_mine/water_mine_spike_unused.rgba16.inc.c	2048	[1599504, 367296]
texture	actors/water_ring/water_ring.rgba16.inc.c	4096	[1802256, 74624]
texture	actors/water_splash/water_splash_0.rgba16.inc.c	4096	[1125200, 173512]
texture	actors/water_splash/water_splash_1.rgba16.inc.c	4096	[1125200, 177608]
texture	actors/water_splash/water_splash_2.rgba16.inc.c	4096	[1125200, 181704]
texture	actors/water_splash/water_splash_3.rgba16.inc.c	4096	[1125200, 185800]
texture	actors/water_splash/water_splash_4.rgba16.inc.c	4096	[1125200, 189896]
texture	actors/water_splash/water_splash_5.rgba16.inc.c	4096	[1125200, 193992]
texture	actors/water_splash/water_splash_6.rgba16.inc.c	4096	[1125200, 198088]
texture	actors/water_splash/water_splash_7.rgba16.inc.c	4096	[1125200, 202184]
texture	actors/water_wave/water_wave_0.ia16.inc.c	2048	[1125200, 152408]
texture	actors/water_wave/water_wave_1.ia16.inc.c	2048	[1125200, 154456]
texture	actors/water_wave/water_wave_2.ia16.inc.c	2048	[1125200, 156504]
texture	actors/water_wave/water_wave_3.ia16.inc.c	2048	[1125200, 158552]
texture	actors/whirlpool/whirlpool.ia16.inc.c	4096	[1285392, 75848]
texture	actors/white_particle/snow_particle.rgba16.inc.c	512	[2094912, 181920]
texture	actors/white_particle_small/small_snow_particle.rgba16.inc.c	512	[1125200, 206720]
texture	actors/whomp/whomp_back.rgba16.inc.c	4096	[1844608, 115552]
texture	actors/whomp/whomp_face.rgba16.inc.c	4096	[1844608, 119648]
texture	actors/whomp/whomp_hand.rgba16.inc.c	2048	[1844608, 123744]
texture	actors/whomp/whomp_surface.rgba16.inc.c	2048	[1844608, 125792]
texture	actors/wiggler/wiggler_eye.rgba16.inc.c	2048	[1568640, 31280]
texture	actors/wiggler/wiggler_flower.rgba16.inc.c	2048	[1568640, 33328]
texture	actors/wiggler/wiggler_frown.rgba16.inc.c	2048	[1568640, 35376]
texture	actors/wiggler/wiggler_nose_left_side.rgba16.inc.c	4096	[1568640, 37424]
texture	actors/wiggler/wiggler_nose_right_side.rgba16.inc.c	4096	[1568640, 41520]
texture	actors/wiggler/wiggler_segment_left_side.rgba16.inc.c	4096	[1568640, 23088]
texture	actors/wiggler/wiggler_segment_right_side.rgba16.inc.c	4096	[1568640, 27184]
texture	actors/wooden_signpost/wooden_signpost_back.rgba16.inc.c	2048	[2094912, 182728]
texture	actors/wooden_signpost/wooden_signpost_front.rgba16.inc.c	2048	[2094912, 184776]
texture	actors/yellow_sphere/yellow_sphere.rgba16.inc.c	2048	[1215456, 64]
texture	actors/yellow_sphere_small/small_yellow_sphere.rgba16.inc.c	2048	[1215456, 64]
texture	actors/yoshi/yoshi_eye.rgba16.inc.c	512	[1490032, 115872]
texture	actors/yoshi/yoshi_eye_blink.rgba16.inc.c	512	[1490032, 116384]
texture	actors/yoshi/yoshi_nostril.rgba16.inc.c	512	[1490032, 116896]
texture	actors/yoshi_egg/yoshi_egg_0_unused.rgba16.inc.c	2048	[1215456, 22456]
texture	actors/yoshi_egg/yoshi_egg_1_unused.rgba16.inc.c	2048	[1215456, 24504]
texture	actors/yoshi_egg/yoshi_egg_2_unused.rgba16.inc.c	2048	[1215456, 26552]
texture	actors/yoshi_egg/yoshi_egg_3_unused.rgba16.inc.c	2048	[1215456, 28600]
texture	actors/yoshi_egg/yoshi_egg_4_unused.rgba16.inc.c	2048	[1215456, 30648]
texture	actors/yoshi_egg/yoshi_egg_5_unused.rgba16.inc.c	2048	[1215456, 32696]
texture	actors/yoshi_egg/yoshi_egg_6_unused.rgba16.inc.c	2048	[1215456, 34744]
texture	actors/yoshi_egg/yoshi_egg_7_unused.rgba16.inc.c	2048	[1215456, 36792]
demo	assets/demos/bbh.bin	988	[5733368]
demo	assets/demos/ccm.bin	1320	[5734356]
demo	assets/demos/hmc.bin	980	[5735676]
demo	assets/demos/jrb.bin	620	[5736656]
demo	assets/demos/pss.bin	748	[5737948]
demo	assets/demos/unused.bin	108	[5738696]
demo	assets/demos/wf.bin	672	[5737276]
skybox	bin/bbh_skybox.c	84288	[3118928, 0]
skybox	bin/bidw_skybox.c	131392	[3146352, 0]
skybox	bin/bitfs_skybox.c	102720	[2942432, 0]
skybox	bin/bits_skybox.c	131392	[3191904, 0]
skybox	bin/ccm_skybox.c	131392	[2847920, 0]
skybox	bin/cloud_floor_skybox.c	131392	[3038752, 0]
skybox	bin/clouds_skybox.c	84288	[2906480, 0]
skybox	bin/ssl_skybox.c	131392	[3078784, 0]
skybox	bin/water_skybox.c	131392	[2796624, 0]
skybox	bin/wdw_skybox.c	131392	[2968208, 0]
texture	levels/bbh/0.rgba16.inc.c	4096	[3604960, 0]
texture	levels/bbh/1.rgba16.inc.c	2048	[3604960, 4096]
texture	levels/bbh/2.rgba16.inc.c	2048	[3604960, 6144]
texture	levels/bbh/3.rgba16.inc.c	4096	[3604960, 8192]
texture	levels/bbh/4.rgba16.inc.c	1024	[3604960, 12288]
texture	levels/bbh/5.rgba16.inc.c	4096	[3604960, 13312]
texture	levels/bbh/6.rgba16.inc.c	1024	[3604960, 17408]
texture	levels/bitdw/0.rgba16.inc.c	2048	[4533568, 0]
texture	levels/bitdw/1.rgba16.inc.c	2048	[4533568, 2048]
texture	levels/bitdw/2.rgba16.inc.c	2048	[4533568, 4096]
texture	levels/bitdw/3.rgba16.inc.c	2048	[4533568, 6144]
texture	levels/bitfs/0.rgba16.inc.c	4096	[4584464, 0]
texture	levels/bitfs/1.rgba16.inc.c	2048	[4584464, 4096]
texture	levels/bitfs/2.rgba16.inc.c	2048	[4584464, 6144]
texture	levels/bits/0.rgba16.inc.c	4096	[4629216, 0]
texture	levels/bits/1.rgba16.inc.c	4096	[4629216, 4096]
texture	levels/bits/2.rgba16.inc.c	2048	[4629216, 8192]
texture	levels/bob/0.rgba16.inc.c	2048	[4170512, 0]
texture	levels/bob/1.rgba16.inc.c	2048	[4170512, 2048]
texture	levels/bob/2.rgba16.inc.c	2048	[4170512, 4096]
texture	levels/bob/3.rgba16.inc.c	2048	[4170512, 6144]
texture	levels/bob/4.rgba16.inc.c	2048	[4170512, 8192]
texture	levels/bowser_1/0.rgba16.inc.c	4096	[4982976, 0]
texture	levels/bowser_1/1.rgba16.inc.c	2048	[4982976, 4096]
texture	levels/bowser_1/2.rgba16.inc.c	2048	[4982976, 6144]
texture	levels/bowser_2/0.rgba16.inc.c	2048	[5028720, 0]
texture	levels/bowser_3/0.rgba16.inc.c	2048	[5032864, 0]
texture	levels/bowser_3/1.rgba16.inc.c	2048	[5032864, 2048]
texture	levels/bowser_3/2.rgba16.inc.c	4096	[5032864, 4096]
texture	levels/castle_grounds/0.rgba16.inc.c	4096	[4492416, 0]
texture	levels/castle_grounds/1.rgba16.inc.c	4096	[4492416, 4096]
texture	levels/castle_grounds/2.rgba16.inc.c	4096	[4492416, 8192]
texture	levels/castle_grounds/3.rgba16.inc.c	4096	[4492416, 51688]
texture	levels/castle_grounds/4.rgba16.inc.c	4096	[4492416, 55784]
texture	levels/castle_inside/1.rgba16.inc.c	2048	[3754192, 2048]
texture	levels/castle_inside/10.rgba16.inc.c	2048	[3754192, 28672]
texture	levels/castle_inside/11.rgba16.inc.c	2048	[3754192, 30720]
texture	levels/castle_inside/12.rgba16.inc.c	2048	[3754192, 32768]
texture	levels/castle_inside/13.rgba16.inc.c	2048	[3754192, 34816]
texture	levels/castle_inside/14.rgba16.inc.c	2048	[3754192, 36864]
texture	levels/castle_inside/15.rgba16.inc.c	2048	[3754192, 38912]
texture	levels/castle_inside/16.ia16.inc.c	2048	[3754192, 40960]
texture	levels/castle_inside/17.rgba16.inc.c	4096	[3754192, 43008]
texture	levels/castle_inside/18.rgba16.inc.c	4096	[3754192, 47104]
texture	levels/castle_inside/19.rgba16.inc.c	4096	[3754192, 51200]
texture	levels/castle_inside/2.ia16.inc.c	4096	[3298272, 47104]
texture	levels/castle_inside/20.rgba16.inc.c	4096	[3754192, 55296]
texture	levels/castle_inside/21.rgba16.inc.c	4096	[3754192, 59392]
texture	levels/castle_inside/22.rgba16.inc.c	4096	[3754192, 63488]
texture	levels/castle_inside/23.rgba16.inc.c	4096	[3754192, 67584]
texture	levels/castle_inside/24.rgba16.inc.c	4096	[3754192, 71680]
texture	levels/castle_inside/25.rgba16.inc.c	4096	[3754192, 75776]
texture	levels/castle_inside/26.rgba16.inc.c	4096	[3754192, 79872]
texture	levels/castle_inside/27.rgba16.inc.c	4096	[3754192, 83968]
texture	levels/castle_inside/28.rgba16.inc.c	4096	[3754192, 88064]
texture	levels/castle_inside/29.rgba16.inc.c	2048	[3754192, 92160]
texture	levels/castle_inside/3.rgba16.inc.c	4096	[3754192, 8192]
texture	levels/castle_inside/30.rgba16.inc.c	2048	[3754192, 94208]
texture	levels/castle_inside/31.rgba16.inc.c	4096	[3754192, 96256]
texture	levels/castle_inside/32.rgba16.inc.c	4096	[3754192, 100352]
texture	levels/castle_inside/33.rgba16.inc.c	4096	[3754192, 104448]
texture	levels/castle_inside/34.rgba16.inc.c	4096	[3754192, 108544]
texture	levels/castle_inside/35.rgba16.inc.c	4096	[3754192, 112640]
texture	levels/castle_inside/36.rgba16.inc.c	4096	[3754192, 116736]
texture	levels/castle_inside/37.rgba16.inc.c	4096	[3754192, 120832]
texture	levels/castle_inside/38.rgba16.inc.c	4096	[3754192, 124928]
texture	levels/castle_inside/39.rgba16.inc.c	4096	[3754192, 129024]
texture	levels/castle_inside/4.rgba16.inc.c	2048	[3754192, 12288]
texture	levels/castle_inside/40.rgba16.inc.c	4096	[3754192, 133120]
texture	levels/castle_inside/5.rgba16.inc.c	4096	[3754192, 14336]
texture	levels/castle_inside/6.rgba16.inc.c	4096	[3754192, 18432]
texture	levels/castle_inside/7.rgba16.inc.c	2048	[3754192, 22528]
texture	levels/castle_inside/8.rgba16.inc.c	2048	[3754192, 24576]
texture	levels/castle_inside/9.rgba16.inc.c	2048	[3754192, 26624]
texture	levels/castle_inside/castle_light.ia16.inc.c	2048	[3432432, 47104]
texture	levels/ccm/0.rgba16.inc.c	2048	[3677936, 0]
texture	levels/ccm/1.rgba16.inc.c	256	[3677936, 2048]
texture	levels/ccm/10.rgba16.inc.c	2048	[3677936, 17152]
texture	levels/ccm/11.rgba16.inc.c	2048	[3677936, 19200]
texture	levels/ccm/12.rgba16.inc.c	2048	[3677936, 72024]
texture	levels/ccm/2.rgba16.inc.c	2048	[3677936, 2304]
texture	levels/ccm/3.rgba16.inc.c	2048	[3677936, 4352]
texture	levels/ccm/4.rgba16.inc.c	2048	[3677936, 6400]
texture	levels/ccm/5.rgba16.inc.c	2048	[1436272, 48240]
texture	levels/ccm/6.rgba16.inc.c	2048	[1436272, 46192]
texture	levels/ccm/7.rgba16.inc.c	2048	[3677936, 12544]
texture	levels/ccm/8.ia16.inc.c	512	[3677936, 14592]
texture	levels/ccm/9.ia16.inc.c	2048	[3677936, 15104]
texture	levels/cotmc/0.rgba16.inc.c	4096	[4939888, 0]
texture	levels/cotmc/1.rgba16.inc.c	2048	[4939888, 4096]
texture	levels/cotmc/2.rgba16.inc.c	2048	[4939888, 6144]
texture	levels/cotmc/3.rgba16.inc.c	2048	[4939888, 8192]
texture	levels/cotmc/4.rgba16.inc.c	2048	[4939888, 10240]
texture	levels/ddd/0.rgba16.inc.c	4096	[4765904, 0]
texture	levels/ddd/1.rgba16.inc.c	2048	[3432432, 4096]
texture	levels/ddd/2.rgba16.inc.c	2048	[4765904, 6144]
texture	levels/ddd/3.rgba16.inc.c	4096	[4765904, 8192]
texture	levels/ddd/4.rgba16.inc.c	2048	[4765904, 12288]
cake	levels/ending/cake.inc.c	153600	[4834992, 0]
texture	levels/hmc/0.rgba16.inc.c	4096	[3993136, 0]
texture	levels/hmc/1.rgba16.inc.c	4096	[3993136, 4096]
texture	levels/hmc/2.rgba16.inc.c	4096	[3993136, 8192]
texture	levels/hmc/3.rgba16.inc.c	2048	[3993136, 12288]
texture	levels/hmc/4.rgba16.inc.c	2048	[3993136, 14336]
texture	levels/hmc/5.rgba16.inc.c	2048	[3993136, 16384]
texture	levels/hmc/6.rgba16.inc.c	4096	[3993136, 18432]
texture	levels/hmc/7.rgba16.inc.c	2048	[3754192, 92160]
texture	levels/intro/0.rgba16.inc.c	2048	[2524448, 32416]
texture	levels/intro/1.rgba16.inc.c	2048	[2524448, 34464]
texture	levels/intro/2_copyright.rgba16.inc.c	4096	[2524448, 46240]
texture	levels/intro/3_tm.rgba16.inc.c	512	[2524448, 50336]
texture	levels/jrb/0.rgba16.inc.c	2048	[3432432, 4096]
texture	levels/jrb/1.rgba16.inc.c	4096	[4294592, 2048]
texture	levels/jrb/2.rgba16.inc.c	2048	[4294592, 6144]
texture	levels/jrb/3.rgba16.inc.c	2048	[4294592, 8192]
texture	levels/lll/0.rgba16.inc.c	2048	[4678592, 0]
texture	levels/lll/1.rgba16.inc.c	2048	[4678592, 2048]
texture	levels/lll/10.rgba16.inc.c	2048	[4678592, 20480]
texture	levels/lll/11.rgba16.inc.c	2048	[4678592, 22528]
texture	levels/lll/12.rgba16.inc.c	2048	[4678592, 24576]
texture	levels/lll/13.rgba16.inc.c	2048	[4678592, 26624]
texture	levels/lll/14.rgba16.inc.c	2048	[4678592, 28672]
texture	levels/lll/15.rgba16.inc.c	2048	[4678592, 30720]
texture	levels/lll/16.rgba16.inc.c	2048	[4678592, 32768]
texture	levels/lll/17.rgba16.inc.c	2048	[4678592, 34816]
texture	levels/lll/18.rgba16.inc.c	2048	[4678592, 36864]
texture	levels/lll/19.rgba16.inc.c	2048	[4678592, 38912]
texture	levels/lll/2.rgba16.inc.c	2048	[4678592, 4096]
texture	levels/lll/20.rgba16.inc.c	2048	[4678592, 40960]
texture	levels/lll/21.rgba16.inc.c	2048	[4678592, 43008]
texture	levels/lll/22.rgba16.inc.c	2048	[4678592, 45056]
texture	levels/lll/23.rgba16.inc.c	2048	[4678592, 47104]
texture	levels/lll/24.rgba16.inc.c	2048	[4678592, 49152]
texture	levels/lll/25.rgba16.inc.c	2048	[4678592, 51200]
texture	levels/lll/26.rgba16.inc.c	512	[4678592, 53248]
texture	levels/lll/27.ia16.inc.c	512	[3677936, 14592]
texture	levels/lll/28.rgba16.inc.c	2048	[4678592, 54272]
texture	levels/lll/29.rgba16.inc.c	2048	[4678592, 56320]
texture	levels/lll/3.rgba16.inc.c	2048	[4678592, 6144]
texture	levels/lll/30.rgba16.inc.c	2048	[4678592, 58368]
texture	levels/lll/31.rgba16.inc.c	2048	[4678592, 60416]
texture	levels/lll/32.rgba16.inc.c	2048	[4678592, 62464]
texture	levels/lll/4.rgba16.inc.c	2048	[4678592, 8192]
texture	levels/lll/5.rgba16.inc.c	2048	[4678592, 10240]
texture	levels/lll/6.rgba16.inc.c	2048	[4678592, 12288]
texture	levels/lll/7.rgba16.inc.c	2048	[3262320, 6144]
texture	levels/lll/8.rgba16.inc.c	2048	[4678592, 16384]
texture	levels/lll/9.rgba16.inc.c	2048	[4678592, 18432]
texture	levels/menu/main_menu_seg7.00018.rgba16.inc.c	2048	[2770736, 24]
texture	levels/menu/main_menu_seg7.00818.rgba16.inc.c	2048	[2770736, 2072]
texture	levels/menu/main_menu_seg7.01018.rgba16.inc.c	4096	[2770736, 4120]
texture	levels/menu/main_menu_seg7.02018.rgba16.inc.c	4096	[2770736, 8216]
texture	levels/menu/main_menu_seg7.03468.rgba16.inc.c	2048	[2770736, 13416]
texture	levels/menu/main_menu_seg7.03C68.rgba16.inc.c	2048	[2770736, 15464]
texture	levels/menu/main_menu_seg7.04468.rgba16.inc.c	2048	[2770736, 17512]
texture	levels/menu/main_menu_seg7.04C68.rgba16.inc.c	2048	[2770736, 19560]
texture	levels/menu/main_menu_seg7.05468.rgba16.inc.c	2048	[2770736, 21608]
texture	levels/menu/main_menu_seg7.06328.rgba16.inc.c	2048	[2770736, 25384]
texture	levels/menu/main_menu_seg7.06B28.rgba16.inc.c	2048	[2770736, 27432]
texture	levels/menu/main_menu_seg7.073D0.rgba16.inc.c	512	[2770736, 29648]
texture	levels/menu/main_menu_seg7.075D0.rgba16.inc.c	512	[2770736, 30160]
texture	levels/menu/main_menu_seg7.077D0.rgba16.inc.c	512	[2770736, 30672]
texture	levels/menu/main_menu_seg7.079D0.rgba16.inc.c	512	[2770736, 31184]
texture	levels/menu/main_menu_seg7.07BD0.rgba16.inc.c	512	[2770736, 31696]
texture	levels/menu/main_menu_seg7.07DD0.rgba16.inc.c	512	[2770736, 32208]
texture	levels/menu/main_menu_seg7.07FD0.rgba16.inc.c	512	[2770736, 32720]
texture	levels/menu/main_menu_seg7.081D0.rgba16.inc.c	512	[2770736, 33232]
texture	levels/menu/main_menu_seg7.083D0.rgba16.inc.c	512	[2770736, 33744]
texture	levels/menu/main_menu_seg7.085D0.rgba16.inc.c	512	[2770736, 34256]
texture	levels/menu/main_menu_seg7.087D0.rgba16.inc.c	512	[2770736, 34768]
texture	levels/menu/main_menu_seg7.089D0.rgba16.inc.c	512	[2770736, 35280]
texture	levels/menu/main_menu_seg7.08BD0.rgba16.inc.c	512	[2770736, 35792]
texture	levels/menu/main_menu_seg7.08DD0.rgba16.inc.c	512	[2770736, 36304]
texture	levels/menu/main_menu_seg7.08FD0.rgba16.inc.c	512	[2770736, 36816]
texture	levels/menu/main_menu_seg7.091D0.rgba16.inc.c	512	[2770736, 37328]
texture	levels/menu/main_menu_seg7.093D0.rgba16.inc.c	512	[2770736, 37840]
texture	levels/menu/main_menu_seg7.095D0.rgba16.inc.c	512	[2770736, 38352]
texture	levels/menu/main_menu_seg7.097D0.rgba16.inc.c	512	[2770736, 38864]
texture	levels/menu/main_menu_seg7.099D0.rgba16.inc.c	512	[2770736, 39376]
texture	levels/menu/main_menu_seg7.09BD0.rgba16.inc.c	512	[2770736, 39888]
texture	levels/menu/main_menu_seg7.09DD0.rgba16.inc.c	512	[2770736, 40400]
texture	levels/menu/main_menu_seg7.09FD0.rgba16.inc.c	512	[2770736, 40912]
texture	levels/menu/main_menu_seg7.0A1D0.rgba16.inc.c	512	[1078992, 20480]
texture	levels/menu/main_menu_seg7.0A3D0.rgba16.inc.c	512	[2770736, 41936]
texture	levels/menu/main_menu_seg7.0A5D0.rgba16.inc.c	512	[2770736, 42448]
texture	levels/menu/main_menu_seg7.0A7D0.rgba16.inc.c	512	[2770736, 42960]
texture	levels/menu/main_menu_seg7.0A9D0.rgba16.inc.c	512	[2770736, 43472]
texture	levels/menu/main_menu_seg7.0AC48.ia8.inc.c	64	[2770736, 44104]
texture	levels/menu/main_menu_seg7.0AC88.ia8.inc.c	64	[2770736, 44168]
texture	levels/menu/main_menu_seg7.0ACC8.ia8.inc.c	64	[2770736, 44232]
texture	levels/menu/main_menu_seg7.0AD08.ia8.inc.c	64	[2770736, 44296]
texture	levels/menu/main_menu_seg7.0AD48.ia8.inc.c	64	[2770736, 44360]
texture	levels/menu/main_menu_seg7.0AD88.ia8.inc.c	64	[2770736, 44424]
texture	levels/menu/main_menu_seg7.0ADC8.ia8.inc.c	64	[2770736, 44488]
texture	levels/menu/main_menu_seg7.0AE08.ia8.inc.c	64	[2770736, 44552]
texture	levels/menu/main_menu_seg7.0AE48.ia8.inc.c	64	[2770736, 44616]
texture	levels/menu/main_menu_seg7.0AE88.ia8.inc.c	64	[2770736, 44680]
texture	levels/menu/main_menu_seg7.0AEC8.ia8.inc.c	64	[2770736, 44744]
texture	levels/menu/main_menu_seg7.0AF08.ia8.inc.c	64	[2770736, 44808]
texture	levels/menu/main_menu_seg7.0AF48.ia8.inc.c	64	[2770736, 44872]
texture	levels/menu/main_menu_seg7.0AF88.ia8.inc.c	64	[2770736, 44936]
texture	levels/menu/main_menu_seg7.0AFC8.ia8.inc.c	64	[2770736, 45000]
texture	levels/menu/main_menu_seg7.0B008.ia8.inc.c	64	[2770736, 45064]
texture	levels/menu/main_menu_seg7.0B048.ia8.inc.c	64	[2770736, 45128]
texture	levels/menu/main_menu_seg7.0B088.ia8.inc.c	64	[2770736, 45192]
texture	levels/menu/main_menu_seg7.0B0C8.ia8.inc.c	64	[2770736, 45256]
texture	levels/menu/main_menu_seg7.0B108.ia8.inc.c	64	[2770736, 45320]
texture	levels/menu/main_menu_seg7.0B148.ia8.inc.c	64	[2770736, 45384]
texture	levels/menu/main_menu_seg7.0B188.ia8.inc.c	64	[2770736, 45448]
texture	levels/menu/main_menu_seg7.0B1C8.ia8.inc.c	64	[2770736, 45512]
texture	levels/menu/main_menu_seg7.0B208.ia8.inc.c	64	[2770736, 45576]
texture	levels/menu/main_menu_seg7.0B248.ia8.inc.c	64	[2770736, 45640]
texture	levels/menu/main_menu_seg7.0B288.ia8.inc.c	64	[2770736, 45704]
texture	levels/menu/main_menu_seg7.0B2C8.ia8.inc.c	64	[2770736, 45768]
texture	levels/menu/main_menu_seg7.0B308.ia8.inc.c	64	[2770736, 45832]
texture	levels/menu/main_menu_seg7.0B348.ia8.inc.c	64	[2770736, 45896]
texture	levels/menu/main_menu_seg7.0B388.ia8.inc.c	64	[2770736, 45960]
texture	levels/menu/main_menu_seg7.0B3C8.ia8.inc.c	64	[2770736, 46024]
texture	levels/menu/main_menu_seg7.0B408.ia8.inc.c	64	[2770736, 46088]
texture	levels/menu/main_menu_seg7.0B448.ia8.inc.c	64	[2770736, 46152]
texture	levels/menu/main_menu_seg7.0B488.ia8.inc.c	64	[2770736, 46216]
texture	levels/menu/main_menu_seg7.0B4C8.ia8.inc.c	64	[2770736, 46280]
texture	levels/menu/main_menu_seg7.0B508.ia8.inc.c	64	[2770736, 46344]
texture	levels/menu/main_menu_seg7.0B548.ia8.inc.c	64	[2770736, 46408]
texture	levels/menu/main_menu_seg7.0B588.ia8.inc.c	64	[2770736, 46472]
texture	levels/menu/main_menu_seg7.0B5C8.ia8.inc.c	64	[2770736, 46536]
texture	levels/menu/main_menu_seg7.0B608.ia8.inc.c	64	[2770736, 46600]
texture	levels/menu/main_menu_seg7.0B648.ia8.inc.c	64	[2770736, 46664]
texture	levels/menu/main_menu_seg7.0B688.ia8.inc.c	64	[2770736, 46728]
texture	levels/menu/main_menu_seg7.0B6C8.ia8.inc.c	64	[2770736, 46792]
texture	levels/menu/main_menu_seg7.0B708.ia8.inc.c	64	[2770736, 46856]
texture	levels/menu/main_menu_seg7.0B748.ia8.inc.c	64	[2770736, 46920]
texture	levels/menu/main_menu_seg7.0B788.ia8.inc.c	64	[2770736, 46984]
texture	levels/menu/main_menu_seg7.0B7C8.ia8.inc.c	64	[2770736, 47048]
texture	levels/menu/main_menu_seg7.0B808.ia8.inc.c	64	[2770736, 47112]
texture	levels/menu/main_menu_seg7.0B848.ia8.inc.c	64	[2770736, 47176]
texture	levels/menu/main_menu_seg7.0B888.ia8.inc.c	64	[2770736, 47240]
texture	levels/menu/main_menu_seg7.0B8C8.ia8.inc.c	64	[2770736, 47304]
texture	levels/menu/main_menu_seg7.0B908.ia8.inc.c	64	[2770736, 47368]
texture	levels/menu/main_menu_seg7.0B948.ia8.inc.c	64	[2770736, 47432]
texture	levels/menu/main_menu_seg7.0B988.ia8.inc.c	64	[2770736, 47496]
texture	levels/menu/main_menu_seg7.0B9C8.ia8.inc.c	64	[2770736, 47560]
texture	levels/menu/main_menu_seg7.0BA08.ia8.inc.c	64	[2770736, 47624]
texture	levels/menu/main_menu_seg7.0BA48.ia8.inc.c	64	[2770736, 47688]
texture	levels/menu/main_menu_seg7.0BA88.ia8.inc.c	64	[2770736, 47752]
texture	levels/menu/main_menu_seg7.0BAC8.ia8.inc.c	64	[2770736, 47816]
texture	levels/menu/main_menu_seg7.0BB08.ia8.inc.c	64	[2770736, 47880]
texture	levels/menu/main_menu_seg7.0BB48.ia8.inc.c	64	[2770736, 47944]
texture	levels/menu/main_menu_seg7.0BB88.ia8.inc.c	64	[2770736, 48008]
texture	levels/menu/main_menu_seg7.0BBC8.ia8.inc.c	64	[2770736, 48072]
texture	levels/menu/main_menu_seg7.0BC08.ia8.inc.c	64	[2770736, 48136]
texture	levels/menu/main_menu_seg7.0BC48.ia8.inc.c	64	[2770736, 48200]
texture	levels/menu/main_menu_seg7.0BC88.ia8.inc.c	64	[2770736, 48264]
texture	levels/menu/main_menu_seg7.0BCC8.ia8.inc.c	64	[2770736, 48328]
texture	levels/menu/main_menu_seg7.0BD08.ia8.inc.c	64	[2770736, 48392]
texture	levels/menu/main_menu_seg7.0BD48.ia8.inc.c	64	[2770736, 48456]
texture	levels/menu/main_menu_seg7.0BD88.ia8.inc.c	64	[2770736, 48520]
texture	levels/menu/main_menu_seg7.0BDC8.ia8.inc.c	64	[2770736, 48584]
texture	levels/menu/main_menu_seg7.0BE08.ia8.inc.c	64	[2770736, 48648]
texture	levels/menu/main_menu_seg7.0BE48.ia8.inc.c	64	[2770736, 48712]
texture	levels/menu/main_menu_seg7.0BE88.ia8.inc.c	64	[2770736, 48776]
texture	levels/menu/main_menu_seg7.0BEC8.ia8.inc.c	64	[2770736, 48840]
texture	levels/menu/main_menu_seg7.0BF08.ia8.inc.c	64	[2770736, 48904]
texture	levels/menu/main_menu_seg7.0BF48.ia8.inc.c	64	[2770736, 48968]
texture	levels/menu/main_menu_seg7.0BF88.ia8.inc.c	64	[2770736, 49032]
texture	levels/menu/main_menu_seg7.0BFC8.ia8.inc.c	64	[2770736, 49096]
texture	levels/menu/main_menu_seg7.0C008.ia8.inc.c	64	[2770736, 49160]
texture	levels/menu/main_menu_seg7.0C048.ia8.inc.c	64	[2770736, 49224]
texture	levels/menu/main_menu_seg7.0C088.ia8.inc.c	64	[2770736, 49288]
texture	levels/menu/main_menu_seg7.0C0C8.ia8.inc.c	64	[2770736, 49352]
texture	levels/menu/main_menu_seg7.0C108.ia8.inc.c	64	[2770736, 49416]
texture	levels/menu/main_menu_seg7.0C148.ia8.inc.c	64	[2770736, 49480]
texture	levels/menu/main_menu_seg7.0C188.ia8.inc.c	64	[2770736, 49544]
texture	levels/menu/main_menu_seg7.0C1C8.ia8.inc.c	64	[2770736, 49608]
texture	levels/menu/main_menu_seg7.0C208.ia8.inc.c	64	[2770736, 49672]
texture	levels/menu/main_menu_seg7.0C248.ia8.inc.c	64	[2770736, 49736]
texture	levels/menu/main_menu_seg7.0C288.ia8.inc.c	64	[2770736, 49800]
texture	levels/menu/main_menu_seg7.0C2C8.ia8.inc.c	64	[2770736, 49864]
texture	levels/menu/main_menu_seg7.0C308.ia8.inc.c	64	[2770736, 49928]
texture	levels/menu/main_menu_seg7.0C348.ia8.inc.c	64	[2770736, 49992]
texture	levels/menu/main_menu_seg7.0C388.ia8.inc.c	64	[2770736, 50056]
texture	levels/menu/main_menu_seg7.0C3C8.ia8.inc.c	64	[2770736, 50120]
texture	levels/menu/main_menu_seg7.0C408.ia8.inc.c	64	[2770736, 50184]
texture	levels/menu/main_menu_seg7.0C448.ia8.inc.c	64	[2770736, 46536]
texture	levels/menu/main_menu_seg7.0C488.ia8.inc.c	64	[2770736, 50312]
texture	levels/menu/main_menu_seg7.0C4C8.ia8.inc.c	64	[2770736, 50376]
texture	levels/menu/main_menu_seg7.0C508.ia8.inc.c	64	[2770736, 50440]
texture	levels/menu/main_menu_seg7.0C548.ia8.inc.c	64	[2770736, 50504]
texture	levels/menu/main_menu_seg7.0C588.ia8.inc.c	64	[2770736, 50568]
texture	levels/menu/main_menu_seg7.0C5C8.ia8.inc.c	64	[2770736, 50632]
texture	levels/menu/main_menu_seg7.0C608.ia8.inc.c	64	[2770736, 50696]
texture	levels/menu/main_menu_seg7.0C648.ia8.inc.c	64	[2770736, 50760]
texture	levels/menu/main_menu_seg7.0C688.ia8.inc.c	64	[2770736, 50824]
texture	levels/menu/main_menu_seg7.0C6C8.ia8.inc.c	64	[2770736, 50888]
texture	levels/menu/main_menu_seg7.0C708.ia8.inc.c	64	[2770736, 50952]
texture	levels/menu/main_menu_seg7.0C748.ia8.inc.c	64	[2770736, 51016]
texture	levels/menu/main_menu_seg7.0C788.ia8.inc.c	64	[2770736, 51080]
texture	levels/menu/main_menu_seg7.0C7C8.ia8.inc.c	64	[2770736, 51144]
texture	levels/menu/main_menu_seg7.0C808.ia8.inc.c	64	[2770736, 51208]
texture	levels/menu/main_menu_seg7.0C848.ia8.inc.c	64	[2770736, 51272]
texture	levels/menu/main_menu_seg7.0C888.ia8.inc.c	64	[2770736, 51336]
texture	levels/menu/main_menu_seg7.0C8C8.ia8.inc.c	64	[2770736, 51400]
texture	levels/menu/main_menu_seg7.0C908.ia8.inc.c	64	[2770736, 51464]
texture	levels/menu/main_menu_seg7.0C948.ia8.inc.c	64	[2770736, 51528]
texture	levels/menu/main_menu_seg7.0C988.ia8.inc.c	64	[2770736, 51592]
texture	levels/menu/main_menu_seg7.0C9C8.ia8.inc.c	64	[2770736, 51656]
texture	levels/menu/main_menu_seg7.0CA08.ia8.inc.c	64	[2770736, 51720]
texture	levels/menu/main_menu_seg7.0CA48.ia8.inc.c	64	[2770736, 51784]
texture	levels/menu/main_menu_seg7.0CA88.ia8.inc.c	64	[2770736, 51848]
texture	levels/menu/main_menu_seg7.0CAC8.ia8.inc.c	64	[2770736, 51912]
texture	levels/menu/main_menu_seg7.0CB08.ia8.inc.c	64	[2770736, 51976]
texture	levels/menu/main_menu_seg7.0CB48.ia8.inc.c	64	[2770736, 52040]
texture	levels/menu/main_menu_seg7.0CB88.ia8.inc.c	64	[2770736, 52104]
texture	levels/menu/main_menu_seg7.0CBC8.ia8.inc.c	64	[2770736, 52168]
texture	levels/menu/main_menu_seg7.0CC08.ia8.inc.c	64	[2770736, 52232]
texture	levels/menu/main_menu_seg7.0CC48.ia8.inc.c	64	[2770736, 52296]
texture	levels/menu/main_menu_seg7.0CC88.ia8.inc.c	64	[2770736, 52360]
texture	levels/menu/main_menu_seg7.0CCC8.ia8.inc.c	64	[2770736, 52424]
texture	levels/menu/main_menu_seg7.0D1A8.rgba16.inc.c	4096	[2770736, 53672]
texture	levels/menu/main_menu_seg7.0E1A8.rgba16.inc.c	4096	[2770736, 57768]
texture	levels/pss/0.rgba16.inc.c	2048	[4905168, 0]
texture	levels/pss/1.ia16.inc.c	2048	[4905168, 2048]
texture	levels/pss/2.rgba16.inc.c	2048	[4905168, 4096]
texture	levels/rr/1.rgba16.inc.c	4096	[4413648, 2048]
texture	levels/rr/2.rgba16.inc.c	2048	[4413648, 6144]
texture	levels/rr/quarter_flying_carpet.rgba16.inc.c	2048	[4413648, 0]
texture	levels/sl/0.rgba16.inc.c	2048	[4210704, 0]
texture	levels/sl/1.rgba16.inc.c	2048	[4210704, 2048]
texture	levels/sl/2.rgba16.inc.c	2048	[4210704, 4096]
texture	levels/sl/3.rgba16.inc.c	2048	[4210704, 6144]
texture	levels/sl/4.rgba16.inc.c	2048	[4210704, 8192]
texture	levels/ssl/0.rgba16.inc.c	2048	[4085520, 0]
texture	levels/ssl/1.ia16.inc.c	2048	[4085520, 2048]
texture	levels/ssl/10.rgba16.inc.c	4096	[4085520, 55208]
texture	levels/ssl/11.rgba16.inc.c	4096	[4085520, 59304]
texture	levels/ssl/2.rgba16.inc.c	2048	[4085520, 4096]
texture	levels/ssl/3.rgba16.inc.c	2048	[4085520, 6144]
texture	levels/ssl/4.rgba16.inc.c	2048	[4085520, 8192]
texture	levels/ssl/5.rgba16.inc.c	4096	[4085520, 10240]
texture	levels/ssl/6.rgba16.inc.c	2048	[4085520, 14336]
texture	levels/ssl/7.rgba16.inc.c	2048	[3323408, 32768]
texture	levels/ssl/8.rgba16.inc.c	2048	[4085520, 49064]
texture	levels/ssl/9.rgba16.inc.c	4096	[4085520, 51112]
texture	levels/thi/0.rgba16.inc.c	2048	[4335408, 0]
texture	levels/thi/1.rgba16.inc.c	2048	[4335408, 2048]
texture	levels/totwc/0.rgba16.inc.c	4096	[4967376, 0]
texture	levels/totwc/1.rgba16.inc.c	2048	[4967376, 4096]
texture	levels/totwc/2.rgba16.inc.c	2048	[4967376, 6144]
texture	levels/totwc/3.ia16.inc.c	2048	[4967376, 8192]
texture	levels/ttc/0.rgba16.inc.c	2048	[4370304, 0]
texture	levels/ttc/1.rgba16.inc.c	2048	[4370304, 2048]
texture	levels/ttc/2.rgba16.inc.c	2048	[4370304, 90000]
texture	levels/ttm/0.ia16.inc.c	2048	[5044400, 0]
texture	levels/ttm/1.rgba16.inc.c	2048	[5044400, 2048]
texture	levels/ttm/2.rgba16.inc.c	2048	[5044400, 4096]
texture	levels/ttm/3.rgba16.inc.c	2048	[5044400, 6144]
texture	levels/ttm/4.rgba16.inc.c	2048	[5044400, 8192]
texture	levels/ttm/5.rgba16.inc.c	2048	[5044400, 10240]
texture	levels/ttm/6.rgba16.inc.c	4096	[5044400, 12288]
texture	levels/ttm/7.rgba16.inc.c	4096	[5044400, 16384]
texture	levels/ttm/8.rgba16.inc.c	2048	[3473152, 43008]
texture	levels/vcutm/0.rgba16.inc.c	2048	[4564288, 0]
texture	levels/vcutm/1.rgba16.inc.c	4096	[4564288, 2048]
texture	levels/vcutm/2.rgba16.inc.c	4096	[4564288, 6144]
texture	levels/vcutm/3.rgba16.inc.c	2048	[4564288, 10240]
texture	levels/wdw/0.rgba16.inc.c	2048	[4246992, 0]
texture	levels/wdw/1.rgba16.inc.c	2048	[4246992, 2048]
texture	levels/wdw/2.rgba16.inc.c	2048	[4246992, 4096]
texture	levels/wdw/3.rgba16.inc.c	2048	[4246992, 6144]
texture	levels/wdw/4.rgba16.inc.c	2048	[4246992, 8192]
texture	levels/wf/0.rgba16.inc.c	2048	[4800560, 0]
texture	levels/wf/1.rgba16.inc.c	2048	[4800560, 2048]
texture	levels/wf/2.rgba16.inc.c	2048	[4800560, 4096]
texture	levels/wf/3.rgba16.inc.c	2048	[4800560, 6144]
texture	levels/wf/4.rgba16.inc.c	2048	[4800560, 8192]
texture	levels/wf/5.ia8.inc.c	256	[1078992, 62296]
texture	levels/wmotr/0.rgba16.inc.c	2048	[4989632, 0]
texture	levels/wmotr/1.rgba16.inc.c	1024	[4989632, 2048]
texture	levels/wmotr/2.rgba16.inc.c	2048	[4989632, 3072]
texture	levels/wmotr/3.rgba16.inc.c	512	[4989632, 5120]
texture	levels/wmotr/4.rgba16.inc.c	512	[4989632, 5632]
texture	textures/cave/hmc_textures.00000.rgba16.inc.c	4096	[3432432, 0]
texture	textures/cave/hmc_textures.01000.rgba16.inc.c	2048	[3432432, 4096]
texture	textures/cave/hmc_textures.01800.rgba16.inc.c	4096	[3432432, 6144]
texture	textures/cave/hmc_textures.02800.rgba16.inc.c	2048	[3432432, 10240]
texture	textures/cave/hmc_textures.03000.rgba16.inc.c	2048	[3432432, 12288]
texture	textures/cave/hmc_textures.03800.rgba16.inc.c	4096	[3432432, 14336]
texture	textures/cave/hmc_textures.04800.rgba16.inc.c	4096	[3432432, 18432]
texture	textures/cave/hmc_textures.05800.rgba16.inc.c	4096	[3432432, 22528]
texture	textures/cave/hmc_textures.06800.rgba16.inc.c	2048	[3432432, 26624]
texture	textures/cave/hmc_textures.07000.rgba16.inc.c	2048	[3432432, 28672]
texture	textures/cave/hmc_textures.07800.rgba16.inc.c	4096	[3432432, 30720]
texture	textures/cave/hmc_textures.08800.rgba16.inc.c	4096	[3432432, 34816]
texture	textures/cave/hmc_textures.09800.rgba16.inc.c	2048	[3432432, 38912]
texture	textures/cave/hmc_textures.0A000.rgba16.inc.c	2048	[3432432, 40960]
texture	textures/cave/hmc_textures.0A800.rgba16.inc.c	4096	[3432432, 43008]
texture	textures/cave/hmc_textures.0B800.ia16.inc.c	2048	[3432432, 47104]
texture	textures/cave/hmc_textures.0C000.ia16.inc.c	2048	[3298272, 43008]
texture	textures/effect/bubble.06048.rgba16.inc.c	2048	[3594960, 24648]
texture	textures/effect/flower.00008.rgba16.inc.c	2048	[3594960, 8]
texture	textures/effect/flower.00808.rgba16.inc.c	2048	[3594960, 2056]
texture	textures/effect/flower.01008.rgba16.inc.c	2048	[3594960, 4104]
texture	textures/effect/flower.01808.rgba16.inc.c	2048	[3594960, 6152]
texture	textures/effect/lava_bubble.02020.rgba16.inc.c	2048	[3594960, 8224]
texture	textures/effect/lava_bubble.02820.rgba16.inc.c	2048	[3594960, 10272]
texture	textures/effect/lava_bubble.03020.rgba16.inc.c	2048	[3594960, 12320]
texture	textures/effect/lava_bubble.03820.rgba16.inc.c	2048	[3594960, 14368]
texture	textures/effect/lava_bubble.04020.rgba16.inc.c	2048	[3594960, 16416]
texture	textures/effect/lava_bubble.04820.rgba16.inc.c	2048	[3594960, 18464]
texture	textures/effect/lava_bubble.05020.rgba16.inc.c	2048	[3594960, 20512]
texture	textures/effect/lava_bubble.05820.rgba16.inc.c	2048	[3594960, 22560]
texture	textures/effect/tiny_bubble.0684C.rgba16.inc.c	512	[3594960, 26700]
texture	textures/effect/tiny_bubble.06AD8.rgba16.inc.c	512	[3594960, 27352]
texture	textures/fire/lll_textures.00000.rgba16.inc.c	2048	[3262320, 0]
texture	textures/fire/lll_textures.00800.rgba16.inc.c	2048	[3262320, 2048]
texture	textures/fire/lll_textures.01000.rgba16.inc.c	2048	[3262320, 4096]
texture	textures/fire/lll_textures.01800.rgba16.inc.c	2048	[3262320, 6144]
texture	textures/fire/lll_textures.02000.rgba16.inc.c	2048	[3262320, 8192]
texture	textures/fire/lll_textures.02800.rgba16.inc.c	2048	[3262320, 10240]
texture	textures/fire/lll_textures.03000.rgba16.inc.c	2048	[3262320, 12288]
texture	textures/fire/lll_textures.03800.rgba16.inc.c	2048	[3262320, 14336]
texture	textures/fire/lll_textures.04000.rgba16.inc.c	2048	[3262320, 16384]
texture	textures/fire/lll_textures.04800.rgba16.inc.c	2048	[3262320, 18432]
texture	textures/fire/lll_textures.05000.rgba16.inc.c	2048	[3262320, 20480]
texture	textures/fire/lll_textures.05800.rgba16.inc.c	2048	[3262320, 22528]
texture	textures/fire/lll_textures.06000.rgba16.inc.c	2048	[3262320, 24576]
texture	textures/fire/lll_textures.06800.rgba16.inc.c	2048	[3262320, 26624]
texture	textures/fire/lll_textures.07000.rgba16.inc.c	2048	[3262320, 28672]
texture	textures/fire/lll_textures.07800.rgba16.inc.c	2048	[3262320, 30720]
texture	textures/fire/lll_textures.08000.rgba16.inc.c	2048	[3262320, 32768]
texture	textures/fire/lll_textures.08800.rgba16.inc.c	2048	[3262320, 34816]
texture	textures/fire/lll_textures.09000.rgba16.inc.c	2048	[1078992, 80984]
texture	textures/fire/lll_textures.09800.rgba16.inc.c	2048	[3262320, 38912]
texture	textures/fire/lll_textures.0A000.rgba16.inc.c	2048	[3262320, 40960]
texture	textures/fire/lll_textures.0A800.rgba16.inc.c	2048	[3262320, 43008]
texture	textures/fire/lll_textures.0B000.rgba16.inc.c	2048	[3262320, 45056]
texture	textures/fire/lll_textures.0B800.rgba16.inc.c	2048	[3262320, 47104]
texture	textures/generic/bob_textures.00000.rgba16.inc.c	2048	[3323408, 0]
texture	textures/generic/bob_textures.00800.rgba16.inc.c	2048	[1327760, 36160]
texture	textures/generic/bob_textures.01000.rgba16.inc.c	2048	[3323408, 4096]
texture	textures/generic/bob_textures.01800.rgba16.inc.c	2048	[3323408, 6144]
texture	textures/generic/bob_textures.02000.rgba16.inc.c	2048	[3323408, 8192]
texture	textures/generic/bob_textures.02800.rgba16.inc.c	2048	[3323408, 10240]
texture	textures/generic/bob_textures.03000.rgba16.inc.c	2048	[3323408, 12288]
texture	textures/generic/bob_textures.03800.rgba16.inc.c	2048	[3323408, 14336]
texture	textures/generic/bob_textures.04000.rgba16.inc.c	2048	[3323408, 16384]
texture	textures/generic/bob_textures.04800.rgba16.inc.c	2048	[3323408, 18432]
texture	textures/generic/bob_textures.05000.rgba16.inc.c	2048	[3323408, 20480]
texture	textures/generic/bob_textures.05800.rgba16.inc.c	2048	[3323408, 22528]
texture	textures/generic/bob_textures.06000.rgba16.inc.c	4096	[3323408, 24576]
texture	textures/generic/bob_textures.07000.rgba16.inc.c	2048	[3323408, 28672]
texture	textures/generic/bob_textures.07800.rgba16.inc.c	2048	[3323408, 30720]
texture	textures/generic/bob_textures.08000.rgba16.inc.c	2048	[3323408, 32768]
texture	textures/generic/bob_textures.08800.rgba16.inc.c	2048	[3323408, 34816]
texture	textures/generic/bob_textures.09000.rgba16.inc.c	2048	[3323408, 36864]
texture	textures/generic/bob_textures.09800.rgba16.inc.c	2048	[3323408, 38912]
texture	textures/generic/bob_textures.0A000.rgba16.inc.c	2048	[3323408, 40960]
texture	textures/generic/bob_textures.0A800.rgba16.inc.c	2048	[3323408, 43008]
texture	textures/generic/bob_textures.0B000.ia16.inc.c	2048	[3323408, 45056]
texture	textures/grass/wf_textures.00000.rgba16.inc.c	2048	[3496176, 0]
texture	textures/grass/wf_textures.00800.rgba16.inc.c	2048	[3496176, 2048]
texture	textures/grass/wf_textures.01000.rgba16.inc.c	2048	[3496176, 4096]
texture	textures/grass/wf_textures.01800.rgba16.inc.c	2048	[3496176, 6144]
texture	textures/grass/wf_textures.02000.rgba16.inc.c	2048	[3496176, 8192]
texture	textures/grass/wf_textures.02800.rgba16.inc.c	2048	[3496176, 10240]
texture	textures/grass/wf_textures.03000.rgba16.inc.c	2048	[3496176, 12288]
texture	textures/grass/wf_textures.03800.rgba16.inc.c	2048	[3496176, 14336]
texture	textures/grass/wf_textures.04000.rgba16.inc.c	2048	[3496176, 16384]
texture	textures/grass/wf_textures.04800.rgba16.inc.c	2048	[3496176, 18432]
texture	textures/grass/wf_textures.05000.rgba16.inc.c	2048	[3496176, 20480]
texture	textures/grass/wf_textures.05800.rgba16.inc.c	2048	[3496176, 22528]
texture	textures/grass/wf_textures.06000.rgba16.inc.c	2048	[3390640, 20480]
texture	textures/grass/wf_textures.06800.rgba16.inc.c	2048	[3496176, 26624]
texture	textures/grass/wf_textures.07000.rgba16.inc.c	2048	[3496176, 28672]
texture	textures/grass/wf_textures.07800.rgba16.inc.c	2048	[3496176, 30720]
texture	textures/grass/wf_textures.08000.rgba16.inc.c	2048	[3496176, 32768]
texture	textures/grass/wf_textures.08800.rgba16.inc.c	2048	[3496176, 34816]
texture	textures/grass/wf_textures.09000.rgba16.inc.c	2048	[3496176, 36864]
texture	textures/grass/wf_textures.09800.rgba16.inc.c	2048	[3496176, 38912]
texture	textures/grass/wf_textures.0A000.rgba16.inc.c	2048	[3496176, 40960]
texture	textures/grass/wf_textures.0A800.rgba16.inc.c	2048	[3496176, 43008]
texture	textures/grass/wf_textures.0B000.ia16.inc.c	2048	[3323408, 45056]
texture	textures/grass/wf_textures.0B800.ia16.inc.c	2048	[3496176, 47104]
texture	textures/inside/inside_castle_textures.00000.rgba16.inc.c	4096	[3555104, 0]
texture	textures/inside/inside_castle_textures.01000.rgba16.inc.c	4096	[3555104, 4096]
texture	textures/inside/inside_castle_textures.02000.rgba16.inc.c	4096	[3555104, 8192]
texture	textures/inside/inside_castle_textures.03000.rgba16.inc.c	2048	[3555104, 12288]
texture	textures/inside/inside_castle_textures.03800.rgba16.inc.c	2048	[3555104, 14336]
texture	textures/inside/inside_castle_textures.04000.rgba16.inc.c	2048	[3555104, 16384]
texture	textures/inside/inside_castle_textures.04800.rgba16.inc.c	2048	[3460352, 2048]
texture	textures/inside/inside_castle_textures.05000.rgba16.inc.c	2048	[3555104, 20480]
texture	textures/inside/inside_castle_textures.05800.rgba16.inc.c	2048	[3555104, 22528]
texture	textures/inside/inside_castle_textures.06000.rgba16.inc.c	4096	[3555104, 24576]
texture	textures/inside/inside_castle_textures.07000.rgba16.inc.c	4096	[3555104, 28672]
texture	textures/inside/inside_castle_textures.08000.rgba16.inc.c	2048	[3555104, 32768]
texture	textures/inside/inside_castle_textures.08800.rgba16.inc.c	2048	[3555104, 34816]
texture	textures/inside/inside_castle_textures.09000.rgba16.inc.c	4096	[3555104, 36864]
texture	textures/inside/inside_castle_textures.0A000.rgba16.inc.c	4096	[3555104, 40960]
texture	textures/inside/inside_castle_textures.0B000.rgba16.inc.c	2048	[3555104, 45056]
texture	textures/inside/inside_castle_textures.0B800.rgba16.inc.c	4096	[3555104, 47104]
texture	textures/intro_raw/hand_closed.rgba16.inc.c	2048	[2455304]
texture	textures/intro_raw/hand_open.rgba16.inc.c	2048	[2453248]
texture	textures/intro_raw/mario_face_shine.ia8.inc.c	1024	[2503888]
texture	textures/intro_raw/red_star_0.rgba16.inc.c	2048	[2457352]
texture	textures/intro_raw/red_star_1.rgba16.inc.c	2048	[2459400]
texture	textures/intro_raw/red_star_2.rgba16.inc.c	2048	[2461448]
texture	textures/intro_raw/red_star_3.rgba16.inc.c	2048	[2463496]
texture	textures/intro_raw/red_star_4.rgba16.inc.c	2048	[2465544]
texture	textures/intro_raw/red_star_5.rgba16.inc.c	2048	[2467592]
texture	textures/intro_raw/red_star_6.rgba16.inc.c	2048	[2469640]
texture	textures/intro_raw/red_star_7.rgba16.inc.c	2048	[2471688]
texture	textures/intro_raw/sparkle_0.rgba16.inc.c	2048	[2490888]
texture	textures/intro_raw/sparkle_1.rgba16.inc.c	2048	[2492936]
texture	textures/intro_raw/sparkle_2.rgba16.inc.c	2048	[2494984]
texture	textures/intro_raw/sparkle_3.rgba16.inc.c	2048	[2497032]
texture	textures/intro_raw/sparkle_4.rgba16.inc.c	2048	[2499080]
texture	textures/intro_raw/sparkle_5.rgba16.inc.c	2048	[2501128]
texture	textures/intro_raw/white_star_0.rgba16.inc.c	2048	[2473736]
texture	textures/intro_raw/white_star_1.rgba16.inc.c	2048	[2475784]
texture	textures/intro_raw/white_star_2.rgba16.inc.c	2048	[2477832]
texture	textures/intro_raw/white_star_3.rgba16.inc.c	2048	[2479880]
texture	textures/intro_raw/white_star_4.rgba16.inc.c	2048	[2481928]
texture	textures/intro_raw/white_star_5.rgba16.inc.c	2048	[2483976]
texture	textures/intro_raw/white_star_6.rgba16.inc.c	2048	[2486024]
texture	textures/intro_raw/white_star_7.rgba16.inc.c	2048	[2488072]
texture	textures/machine/ttc_textures.00000.rgba16.inc.c	2048	[3460352, 0]
texture	textures/machine/ttc_textures.00800.rgba16.inc.c	2048	[3460352, 2048]
texture	textures/machine/ttc_textures.01000.rgba16.inc.c	2048	[3460352, 4096]
texture	textures/machine/ttc_textures.01800.rgba16.inc.c	2048	[3460352, 6144]
texture	textures/machine/ttc_textures.02000.rgba16.inc.c	2048	[3460352, 8192]
texture	textures/machine/ttc_textures.02800.rgba16.inc.c	2048	[3460352, 10240]
texture	textures/machine/ttc_textures.03000.rgba16.inc.c	2048	[3460352, 12288]
texture	textures/machine/ttc_textures.03800.rgba16.inc.c	2048	[3460352, 14336]
texture	textures/machine/ttc_textures.04000.rgba16.inc.c	4096	[3460352, 16384]
texture	textures/machine/ttc_textures.05000.rgba16.inc.c	2048	[3460352, 20480]
texture	textures/machine/ttc_textures.05800.rgba16.inc.c	2048	[3460352, 22528]
texture	textures/machine/ttc_textures.06000.rgba16.inc.c	2048	[3460352, 24576]
texture	textures/machine/ttc_textures.06800.rgba16.inc.c	2048	[3460352, 26624]
texture	textures/machine/ttc_textures.07000.rgba16.inc.c	2048	[3460352, 28672]
texture	textures/machine/ttc_textures.07800.rgba16.inc.c	2048	[3460352, 30720]
texture	textures/machine/ttc_textures.08000.rgba16.inc.c	1024	[3460352, 32768]
texture	textures/machine/ttc_textures.08400.rgba16.inc.c	2048	[3460352, 33792]
texture	textures/mountain/ttm_textures.00000.rgba16.inc.c	2048	[3473152, 0]
texture	textures/mountain/ttm_textures.00800.rgba16.inc.c	4096	[3473152, 2048]
texture	textures/mountain/ttm_textures.01800.rgba16.inc.c	4096	[3473152, 6144]
texture	textures/mountain/ttm_textures.02800.rgba16.inc.c	2048	[3473152, 10240]
texture	textures/mountain/ttm_textures.03000.rgba16.inc.c	2048	[3473152, 12288]
texture	textures/mountain/ttm_textures.03800.rgba16.inc.c	2048	[3473152, 14336]
texture	textures/mountain/ttm_textures.04000.rgba16.inc.c	2048	[3473152, 16384]
texture	textures/mountain/ttm_textures.04800.rgba16.inc.c	2048	[3473152, 18432]
texture	textures/mountain/ttm_textures.05000.rgba16.inc.c	2048	[3473152, 20480]
texture	textures/mountain/ttm_textures.05800.rgba16.inc.c	4096	[3473152, 22528]
texture	textures/mountain/ttm_textures.06800.rgba16.inc.c	2048	[3473152, 26624]
texture	textures/mountain/ttm_textures.07000.rgba16.inc.c	2048	[3473152, 28672]
texture	textures/mountain/ttm_textures.07800.rgba16.inc.c	2048	[3473152, 30720]
texture	textures/mountain/ttm_textures.08000.rgba16.inc.c	2048	[3473152, 32768]
texture	textures/mountain/ttm_textures.08800.rgba16.inc.c	4096	[3473152, 34816]
texture	textures/mountain/ttm_textures.09800.rgba16.inc.c	2048	[3473152, 38912]
texture	textures/mountain/ttm_textures.0A000.rgba16.inc.c	2048	[3390640, 24576]
texture	textures/mountain/ttm_textures.0A800.rgba16.inc.c	2048	[3473152, 43008]
texture	textures/mountain/ttm_textures.0B000.rgba16.inc.c	2048	[3473152, 45056]
texture	textures/mountain/ttm_textures.0B800.rgba16.inc.c	2048	[3473152, 47104]
texture	textures/mountain/ttm_textures.0C000.rgba16.inc.c	2048	[3473152, 49152]
texture	textures/outside/castle_grounds_textures.00000.rgba16.inc.c	2048	[3527344, 0]
texture	textures/outside/castle_grounds_textures.00800.rgba16.inc.c	2048	[3527344, 2048]
texture	textures/outside/castle_grounds_textures.01000.rgba16.inc.c	4096	[3527344, 4096]
texture	textures/outside/castle_grounds_textures.02000.rgba16.inc.c	4096	[3527344, 8192]
texture	textures/outside/castle_grounds_textures.03000.rgba16.inc.c	2048	[3527344, 12288]
texture	textures/outside/castle_grounds_textures.03800.rgba16.inc.c	2048	[3527344, 14336]
texture	textures/outside/castle_grounds_textures.04000.rgba16.inc.c	2048	[3527344, 16384]
texture	textures/outside/castle_grounds_textures.04800.rgba16.inc.c	4096	[3527344, 18432]
texture	textures/outside/castle_grounds_textures.05800.rgba16.inc.c	2048	[3527344, 22528]
texture	textures/outside/castle_grounds_textures.06000.rgba16.inc.c	2048	[3527344, 24576]
texture	textures/outside/castle_grounds_textures.06800.rgba16.inc.c	4096	[3527344, 26624]
texture	textures/outside/castle_grounds_textures.07800.rgba16.inc.c	2048	[3527344, 30720]
texture	textures/outside/castle_grounds_textures.08000.rgba16.inc.c	2048	[3527344, 32768]
texture	textures/outside/castle_grounds_textures.08800.rgba16.inc.c	2048	[3527344, 34816]
texture	textures/outside/castle_grounds_textures.09000.rgba16.inc.c	2048	[3527344, 36864]
texture	textures/outside/castle_grounds_textures.09800.rgba16.inc.c	2048	[3527344, 38912]
texture	textures/outside/castle_grounds_textures.0A000.rgba16.inc.c	2048	[3527344, 40960]
texture	textures/outside/castle_grounds_textures.0A800.rgba16.inc.c	2048	[3527344, 43008]
texture	textures/outside/castle_grounds_textures.0B000.rgba16.inc.c	1024	[3527344, 45056]
texture	textures/outside/castle_grounds_textures.0B400.rgba16.inc.c	2048	[3527344, 46080]
texture	textures/outside/castle_grounds_textures.0BC00.ia16.inc.c	2048	[3323408, 45056]
texture	textures/segment2/segment2.00000.rgba16.inc.c	512	[1078992, 0]
texture	textures/segment2/segment2.00200.rgba16.inc.c	512	[1078992, 512]
texture	textures/segment2/segment2.00400.rgba16.inc.c	512	[1078992, 1024]
texture	textures/segment2/segment2.00600.rgba16.inc.c	512	[1078992, 1536]
texture	textures/segment2/segment2.00800.rgba16.inc.c	512	[1078992, 2048]
texture	textures/segment2/segment2.00A00.rgba16.inc.c	512	[1078992, 2560]
texture	textures/segment2/segment2.00C00.rgba16.inc.c	512	[1078992, 3072]
texture	textures/segment2/segment2.00E00.rgba16.inc.c	512	[1078992, 3584]
texture	textures/segment2/segment2.01000.rgba16.inc.c	512	[1078992, 4096]
texture	textures/segment2/segment2.01200.rgba16.inc.c	512	[1078992, 4608]
texture	textures/segment2/segment2.01400.rgba16.inc.c	512	[1078992, 5120]
texture	textures/segment2/segment2.01600.rgba16.inc.c	512	[1078992, 5632]
texture	textures/segment2/segment2.01800.rgba16.inc.c	512	[1078992, 6144]
texture	textures/segment2/segment2.01A00.rgba16.inc.c	512	[1078992, 6656]
texture	textures/segment2/segment2.01C00.rgba16.inc.c	512	[1078992, 7168]
texture	textures/segment2/segment2.01E00.rgba16.inc.c	512	[1078992, 7680]
texture	textures/segment2/segment2.02000.rgba16.inc.c	512	[1078992, 8192]
texture	textures/segment2/segment2.02200.rgba16.inc.c	512	[1078992, 8704]
texture	textures/segment2/segment2.02400.rgba16.inc.c	512	[1078992, 9216]
texture	textures/segment2/segment2.02600.rgba16.inc.c	512	[1078992, 9728]
texture	textures/segment2/segment2.02800.rgba16.inc.c	512	[1078992, 10240]
texture	textures/segment2/segment2.02A00.rgba16.inc.c	512	[1078992, 10752]
texture	textures/segment2/segment2.02C00.rgba16.inc.c	512	[1078992, 11264]
texture	textures/segment2/segment2.02E00.rgba16.inc.c	512	[1078992, 11776]
texture	textures/segment2/segment2.03000.rgba16.inc.c	512	[1078992, 12288]
texture	textures/segment2/segment2.03200.rgba16.inc.c	512	[1078992, 12800]
texture	textures/segment2/segment2.03400.rgba16.inc.c	512	[1078992, 13312]
texture	textures/segment2/segment2.03600.rgba16.inc.c	512	[1078992, 13824]
texture	textures/segment2/segment2.03800.rgba16.inc.c	512	[1078992, 14336]
texture	textures/segment2/segment2.03A00.rgba16.inc.c	512	[1078992, 14848]
texture	textures/segment2/segment2.03C00.rgba16.inc.c	512	[1078992, 15360]
texture	textures/segment2/segment2.03E00.rgba16.inc.c	512	[1078992, 15872]
texture	textures/segment2/segment2.04000.rgba16.inc.c	512	[1078992, 16384]
texture	textures/segment2/segment2.04200.rgba16.inc.c	512	[1078992, 16896]
texture	textures/segment2/segment2.04400.rgba16.inc.c	512	[1078992, 17408]
texture	textures/segment2/segment2.04600.rgba16.inc.c	512	[1078992, 17920]
texture	textures/segment2/segment2.04800.rgba16.inc.c	512	[1078992, 18432]
texture	textures/segment2/segment2.04A00.rgba16.inc.c	512	[1078992, 18944]
texture	textures/segment2/segment2.04C00.rgba16.inc.c	512	[1078992, 19456]
texture	textures/segment2/segment2.04E00.rgba16.inc.c	512	[1078992, 19968]
texture	textures/segment2/segment2.05000.rgba16.inc.c	512	[1078992, 20480]
texture	textures/segment2/segment2.05200.rgba16.inc.c	512	[1078992, 20992]
texture	textures/segment2/segment2.05400.rgba16.inc.c	512	[1078992, 21504]
texture	textures/segment2/segment2.05600.rgba16.inc.c	512	[1078992, 22016]
texture	textures/segment2/segment2.05800.rgba16.inc.c	512	[1078992, 22528]
texture	textures/segment2/segment2.05A00.rgba16.inc.c	512	[1078992, 23040]
texture	textures/segment2/segment2.05C00.rgba16.inc.c	512	[1078992, 23552]
texture	textures/segment2/segment2.05E00.rgba16.inc.c	512	[1078992, 24064]
texture	textures/segment2/segment2.06000.rgba16.inc.c	512	[1078992, 24576]
texture	textures/segment2/segment2.06200.rgba16.inc.c	128	[1078992, 25088]
texture	textures/segment2/segment2.06280.rgba16.inc.c	128	[1078992, 25216]
texture	textures/segment2/segment2.06300.rgba16.inc.c	128	[1078992, 25344]
texture	textures/segment2/segment2.06380.rgba16.inc.c	128	[1078992, 25472]
texture	textures/segment2/segment2.06400.rgba16.inc.c	128	[1078992, 25600]
texture	textures/segment2/segment2.06480.rgba16.inc.c	128	[1078992, 25728]
texture	textures/segment2/segment2.06500.rgba16.inc.c	128	[1078992, 25856]
texture	textures/segment2/segment2.06580.rgba16.inc.c	128	[1078992, 25984]
texture	textures/segment2/segment2.06600.rgba16.inc.c	128	[1078992, 26112]
texture	textures/segment2/segment2.06680.rgba16.inc.c	128	[1078992, 26240]
texture	textures/segment2/segment2.06700.rgba16.inc.c	128	[1078992, 26368]
texture	textures/segment2/segment2.06780.rgba16.inc.c	128	[1078992, 26496]
texture	textures/segment2/segment2.06800.rgba16.inc.c	128	[1078992, 26624]
texture	textures/segment2/segment2.06880.rgba16.inc.c	128	[1078992, 26752]
texture	textures/segment2/segment2.06900.rgba16.inc.c	128	[1078992, 26880]
texture	textures/segment2/segment2.06980.rgba16.inc.c	128	[1078992, 27008]
texture	textures/segment2/segment2.06A00.rgba16.inc.c	128	[1078992, 27136]
texture	textures/segment2/segment2.06A80.rgba16.inc.c	128	[1078992, 27264]
texture	textures/segment2/segment2.06B00.rgba16.inc.c	128	[1078992, 27392]
texture	textures/segment2/segment2.06B80.rgba16.inc.c	128	[1078992, 27520]
texture	textures/segment2/segment2.06C00.rgba16.inc.c	128	[1078992, 27648]
texture	textures/segment2/segment2.06C80.rgba16.inc.c	128	[1078992, 27776]
texture	textures/segment2/segment2.06D00.rgba16.inc.c	128	[1078992, 27904]
texture	textures/segment2/segment2.06D80.rgba16.inc.c	128	[1078992, 28032]
texture	textures/segment2/segment2.06E00.rgba16.inc.c	128	[1078992, 28160]
texture	textures/segment2/segment2.06E80.rgba16.inc.c	128	[1078992, 28288]
texture	textures/segment2/segment2.06F00.rgba16.inc.c	128	[1078992, 28416]
texture	textures/segment2/segment2.06F80.rgba16.inc.c	128	[1078992, 28544]
texture	textures/segment2/segment2.07000.rgba16.inc.c	128	[1078992, 28672]
texture	textures/segment2/segment2.07080.rgba16.inc.c	128	[1078992, 28800]
texture	textures/segment2/segment2.07100.ia1.inc.c	16	[1078992, 28928]
texture	textures/segment2/segment2.07110.ia1.inc.c	16	[1078992, 28944]
texture	textures/segment2/segment2.07120.ia1.inc.c	16	[1078992, 28960]
texture	textures/segment2/segment2.07130.ia1.inc.c	16	[1078992, 28976]
texture	textures/segment2/segment2.07140.ia1.inc.c	16	[1078992, 28992]
texture	textures/segment2/segment2.07150.ia1.inc.c	16	[1078992, 29008]
texture	textures/segment2/segment2.07160.ia1.inc.c	16	[1078992, 29024]
texture	textures/segment2/segment2.07170.ia1.inc.c	16	[1078992, 29040]
texture	textures/segment2/segment2.07180.ia1.inc.c	16	[1078992, 29056]
texture	textures/segment2/segment2.07190.ia1.inc.c	16	[1078992, 29072]
texture	textures/segment2/segment2.071A0.ia1.inc.c	16	[1078992, 29088]
texture	textures/segment2/segment2.071B0.ia1.inc.c	16	[1078992, 29104]
texture	textures/segment2/segment2.071C0.ia1.inc.c	16	[1078992, 29120]
texture	textures/segment2/segment2.071D0.ia1.inc.c	16	[1078992, 29136]
texture	textures/segment2/segment2.071E0.ia1.inc.c	16	[1078992, 29152]
texture	textures/segment2/segment2.071F0.ia1.inc.c	16	[1078992, 29168]
texture	textures/segment2/segment2.07200.ia1.inc.c	16	[1078992, 29184]
texture	textures/segment2/segment2.07210.ia1.inc.c	16	[1078992, 29200]
texture	textures/segment2/segment2.07220.ia1.inc.c	16	[1078992, 29216]
texture	textures/segment2/segment2.07230.ia1.inc.c	16	[1078992, 29232]
texture	textures/segment2/segment2.07240.ia1.inc.c	16	[1078992, 29248]
texture	textures/segment2/segment2.07250.ia1.inc.c	16	[1078992, 29264]
texture	textures/segment2/segment2.07260.ia1.inc.c	16	[1078992, 29280]
texture	textures/segment2/segment2.07270.ia1.inc.c	16	[1078992, 29296]
texture	textures/segment2/segment2.07280.ia1.inc.c	16	[1078992, 29312]
texture	textures/segment2/segment2.07290.ia1.inc.c	16	[1078992, 29328]
texture	textures/segment2/segment2.072A0.ia1.inc.c	16	[1078992, 29344]
texture	textures/segment2/segment2.072B0.ia1.inc.c	16	[1078992, 29360]
texture	textures/segment2/segment2.072C0.ia1.inc.c	16	[1078992, 29376]
texture	textures/segment2/segment2.072D0.ia1.inc.c	16	[1078992, 29392]
texture	textures/segment2/segment2.072E0.ia1.inc.c	16	[1078992, 29408]
texture	textures/segment2/segment2.072F0.ia1.inc.c	16	[1078992, 29424]
texture	textures/segment2/segment2.07300.ia1.inc.c	16	[1078992, 29440]
texture	textures/segment2/segment2.07310.ia1.inc.c	16	[1078992, 29456]
texture	textures/segment2/segment2.07320.ia1.inc.c	16	[1078992, 29472]
texture	textures/segment2/segment2.07330.ia1.inc.c	16	[1078992, 29488]
texture	textures/segment2/segment2.07340.ia1.inc.c	16	[1078992, 29504]
texture	textures/segment2/segment2.07350.ia1.inc.c	16	[1078992, 29520]
texture	textures/segment2/segment2.07360.ia1.inc.c	16	[1078992, 29536]
texture	textures/segment2/segment2.07370.ia1.inc.c	16	[1078992, 29552]
texture	textures/segment2/segment2.07380.ia1.inc.c	16	[1078992, 29568]
texture	textures/segment2/segment2.07390.ia1.inc.c	16	[1078992, 29584]
texture	textures/segment2/segment2.073A0.ia1.inc.c	16	[1078992, 29600]
texture	textures/segment2/segment2.073B0.ia1.inc.c	16	[1078992, 29616]
texture	textures/segment2/segment2.073C0.ia1.inc.c	16	[1078992, 29632]
texture	textures/segment2/segment2.073D0.ia1.inc.c	16	[1078992, 29648]
texture	textures/segment2/segment2.073E0.ia1.inc.c	16	[1078992, 29664]
texture	textures/segment2/segment2.073F0.ia1.inc.c	16	[1078992, 29680]
texture	textures/segment2/segment2.07400.ia1.inc.c	16	[1078992, 29696]
texture	textures/segment2/segment2.07410.ia1.inc.c	16	[1078992, 29712]
texture	textures/segment2/segment2.07420.ia1.inc.c	16	[1078992, 29728]
texture	textures/segment2/segment2.07430.ia1.inc.c	16	[1078992, 29744]
texture	textures/segment2/segment2.07440.ia1.inc.c	16	[1078992, 29760]
texture	textures/segment2/segment2.07450.ia1.inc.c	16	[1078992, 29776]
texture	textures/segment2/segment2.07460.ia1.inc.c	16	[1078992, 29792]
texture	textures/segment2/segment2.07470.ia1.inc.c	16	[1078992, 29808]
texture	textures/segment2/segment2.07480.ia1.inc.c	16	[1078992, 29824]
texture	textures/segment2/segment2.07490.ia1.inc.c	16	[1078992, 29840]
texture	textures/segment2/segment2.074A0.ia1.inc.c	16	[1078992, 29856]
texture	textures/segment2/segment2.074B0.ia1.inc.c	16	[1078992, 29872]
texture	textures/segment2/segment2.074C0.ia1.inc.c	16	[1078992, 29888]
texture	textures/segment2/segment2.074D0.ia1.inc.c	16	[1078992, 29904]
texture	textures/segment2/segment2.074E0.ia1.inc.c	16	[1078992, 29920]
texture	textures/segment2/segment2.074F0.ia1.inc.c	16	[1078992, 29936]
texture	textures/segment2/segment2.07500.ia1.inc.c	16	[1078992, 29952]
texture	textures/segment2/segment2.07510.ia1.inc.c	16	[1078992, 29968]
texture	textures/segment2/segment2.07520.ia1.inc.c	16	[1078992, 29984]
texture	textures/segment2/segment2.07530.ia1.inc.c	16	[1078992, 30000]
texture	textures/segment2/segment2.07540.ia1.inc.c	16	[1078992, 30016]
texture	textures/segment2/segment2.07550.ia1.inc.c	16	[1078992, 30032]
texture	textures/segment2/segment2.07560.ia1.inc.c	16	[1078992, 30048]
texture	textures/segment2/segment2.07570.ia1.inc.c	16	[1078992, 30064]
texture	textures/segment2/segment2.07580.ia1.inc.c	16	[1078992, 30080]
texture	textures/segment2/segment2.07590.ia1.inc.c	16	[1078992, 30096]
texture	textures/segment2/segment2.075A0.ia1.inc.c	16	[1078992, 30112]
texture	textures/segment2/segment2.075B0.ia1.inc.c	16	[1078992, 30128]
texture	textures/segment2/segment2.075C0.ia1.inc.c	16	[1078992, 30144]
texture	textures/segment2/segment2.075D0.ia1.inc.c	16	[1078992, 30160]
texture	textures/segment2/segment2.075E0.ia1.inc.c	16	[1078992, 30176]
texture	textures/segment2/segment2.075F0.ia1.inc.c	16	[1078992, 30192]
texture	textures/segment2/segment2.07600.ia1.inc.c	16	[1078992, 30208]
texture	textures/segment2/segment2.07610.ia1.inc.c	16	[1078992, 30224]
texture	textures/segment2/segment2.07620.ia1.inc.c	16	[1078992, 30240]
texture	textures/segment2/segment2.07630.ia1.inc.c	16	[1078992, 30256]
texture	textures/segment2/segment2.07640.ia1.inc.c	16	[1078992, 30272]
texture	textures/segment2/segment2.07650.ia1.inc.c	16	[1078992, 30288]
texture	textures/segment2/segment2.07660.ia1.inc.c	16	[1078992, 30304]
texture	textures/segment2/segment2.07670.ia1.inc.c	16	[1078992, 30320]
texture	textures/segment2/segment2.07680.ia1.inc.c	16	[1078992, 30336]
texture	textures/segment2/segment2.07690.ia1.inc.c	16	[1078992, 30352]
texture	textures/segment2/segment2.076A0.ia1.inc.c	16	[1078992, 30368]
texture	textures/segment2/segment2.076B0.ia1.inc.c	16	[1078992, 30384]
texture	textures/segment2/segment2.076C0.ia1.inc.c	16	[1078992, 30400]
texture	textures/segment2/segment2.076D0.ia1.inc.c	16	[1078992, 30416]
texture	textures/segment2/segment2.076E0.ia1.inc.c	16	[1078992, 30432]
texture	textures/segment2/segment2.076F0.ia1.inc.c	16	[1078992, 30448]
texture	textures/segment2/segment2.07700.ia1.inc.c	16	[1078992, 30464]
texture	textures/segment2/segment2.07710.ia1.inc.c	16	[1078992, 30480]
texture	textures/segment2/segment2.07720.ia1.inc.c	16	[1078992, 30496]
texture	textures/segment2/segment2.07730.ia1.inc.c	16	[1078992, 30512]
texture	textures/segment2/segment2.07740.ia1.inc.c	16	[1078992, 30528]
texture	textures/segment2/segment2.07750.ia1.inc.c	16	[1078992, 30544]
texture	textures/segment2/segment2.07760.ia1.inc.c	16	[1078992, 30560]
texture	textures/segment2/segment2.07770.ia1.inc.c	16	[1078992, 30576]
texture	textures/segment2/segment2.07780.ia1.inc.c	16	[1078992, 30592]
texture	textures/segment2/segment2.07790.ia1.inc.c	16	[1078992, 30608]
texture	textures/segment2/segment2.077A0.ia1.inc.c	16	[1078992, 30624]
texture	textures/segment2/segment2.077B0.ia1.inc.c	16	[1078992, 30640]
texture	textures/segment2/segment2.077C0.ia1.inc.c	16	[1078992, 30656]
texture	textures/segment2/segment2.077D0.ia1.inc.c	16	[1078992, 30672]
texture	textures/segment2/segment2.077E0.ia1.inc.c	16	[1078992, 30688]
texture	textures/segment2/segment2.077F0.ia1.inc.c	16	[1078992, 30704]
texture	textures/segment2/segment2.07800.ia1.inc.c	16	[1078992, 30720]
texture	textures/segment2/segment2.07810.ia1.inc.c	16	[1078992, 30736]
texture	textures/segment2/segment2.07820.ia1.inc.c	16	[1078992, 30752]
texture	textures/segment2/segment2.07830.ia1.inc.c	16	[1078992, 30768]
texture	textures/segment2/segment2.07840.ia1.inc.c	16	[1078992, 30784]
texture	textures/segment2/segment2.07850.ia1.inc.c	16	[1078992, 30800]
texture	textures/segment2/segment2.07860.ia1.inc.c	16	[1078992, 30816]
texture	textures/segment2/segment2.07870.ia1.inc.c	16	[1078992, 30832]
texture	textures/segment2/segment2.07880.ia1.inc.c	16	[1078992, 30848]
texture	textures/segment2/segment2.07890.ia1.inc.c	16	[1078992, 30864]
texture	textures/segment2/segment2.078A0.ia1.inc.c	16	[1078992, 30880]
texture	textures/segment2/segment2.078B0.ia1.inc.c	16	[1078992, 30896]
texture	textures/segment2/segment2.078C0.ia1.inc.c	16	[1078992, 30912]
texture	textures/segment2/segment2.078D0.ia1.inc.c	16	[1078992, 30928]
texture	textures/segment2/segment2.078E0.ia1.inc.c	16	[1078992, 30944]
texture	textures/segment2/segment2.078F0.ia1.inc.c	16	[1078992, 30960]
texture	textures/segment2/segment2.07900.ia1.inc.c	16	[1078992, 30976]
texture	textures/segment2/segment2.07910.ia1.inc.c	16	[1078992, 30992]
texture	textures/segment2/segment2.07920.ia1.inc.c	16	[1078992, 31008]
texture	textures/segment2/segment2.07930.ia1.inc.c	16	[1078992, 31024]
texture	textures/segment2/segment2.07940.ia1.inc.c	16	[1078992, 31040]
texture	textures/segment2/segment2.07950.ia1.inc.c	16	[1078992, 31056]
texture	textures/segment2/segment2.07960.ia1.inc.c	16	[1078992, 31072]
texture	textures/segment2/segment2.07970.ia1.inc.c	16	[1078992, 31088]
texture	textures/segment2/segment2.07980.ia1.inc.c	16	[1078992, 31104]
texture	textures/segment2/segment2.07990.ia1.inc.c	16	[1078992, 31120]
texture	textures/segment2/segment2.079A0.ia1.inc.c	16	[1078992, 31136]
texture	textures/segment2/segment2.079B0.ia1.inc.c	16	[1078992, 31152]
texture	textures/segment2/segment2.079C0.ia1.inc.c	16	[1078992, 31168]
texture	textures/segment2/segment2.079D0.ia1.inc.c	16	[1078992, 31184]
texture	textures/segment2/segment2.079E0.ia1.inc.c	16	[1078992, 31200]
texture	textures/segment2/segment2.079F0.ia1.inc.c	16	[1078992, 31216]
texture	textures/segment2/segment2.07A00.ia1.inc.c	16	[1078992, 31232]
texture	textures/segment2/segment2.07A10.ia1.inc.c	16	[1078992, 31248]
texture	textures/segment2/segment2.07A20.ia1.inc.c	16	[1078992, 31264]
texture	textures/segment2/segment2.07A30.ia1.inc.c	16	[1078992, 31280]
texture	textures/segment2/segment2.07A40.ia1.inc.c	16	[1078992, 31296]
texture	textures/segment2/segment2.07A50.ia1.inc.c	16	[1078992, 31312]
texture	textures/segment2/segment2.07A60.ia1.inc.c	16	[1078992, 31328]
texture	textures/segment2/segment2.07A70.ia1.inc.c	16	[1078992, 31344]
texture	textures/segment2/segment2.07A80.ia1.inc.c	16	[1078992, 31360]
texture	textures/segment2/segment2.07A90.ia1.inc.c	16	[1078992, 31376]
texture	textures/segment2/segment2.07AA0.ia1.inc.c	16	[1078992, 31392]
texture	textures/segment2/segment2.07AB0.ia1.inc.c	16	[1078992, 31408]
texture	textures/segment2/segment2.07AC0.ia1.inc.c	16	[1078992, 31424]
texture	textures/segment2/segment2.07AD0.ia1.inc.c	16	[1078992, 31440]
texture	textures/segment2/segment2.07AE0.ia1.inc.c	16	[1078992, 31456]
texture	textures/segment2/segment2.07AF0.ia1.inc.c	16	[1078992, 31472]
texture	textures/segment2/segment2.07B00.ia1.inc.c	16	[1078992, 31488]
texture	textures/segment2/segment2.07B10.ia1.inc.c	16	[1078992, 31504]
texture	textures/segment2/segment2.07B20.ia1.inc.c	16	[1078992, 31520]
texture	textures/segment2/segment2.07B30.ia1.inc.c	16	[1078992, 31536]
texture	textures/segment2/segment2.07B40.ia1.inc.c	16	[1078992, 31552]
texture	textures/segment2/segment2.07B50.rgba16.inc.c	512	[1078992, 31568]
texture	textures/segment2/segment2.07D50.rgba16.inc.c	512	[1078992, 32080]
texture	textures/segment2/segment2.07F50.rgba16.inc.c	512	[1078992, 32592]
texture	textures/segment2/segment2.08150.rgba16.inc.c	128	[1078992, 33104]
texture	textures/segment2/segment2.081D0.rgba16.inc.c	128	[1078992, 33232]
texture	textures/segment2/segment2.0F458.ia8.inc.c	2048	[1078992, 62552]
texture	textures/segment2/segment2.0FC58.ia8.inc.c	2048	[1078992, 64600]
texture	textures/segment2/segment2.10458.ia8.inc.c	4096	[1078992, 66648]
texture	textures/segment2/segment2.11458.ia8.inc.c	2048	[1078992, 70744]
texture	textures/segment2/segment2.11C58.rgba16.inc.c	2048	[1078992, 72792]
texture	textures/segment2/segment2.12458.rgba16.inc.c	2048	[1078992, 74840]
texture	textures/segment2/segment2.12C58.rgba16.inc.c	2048	[1078992, 76888]
texture	textures/segment2/segment2.13458.ia16.inc.c	2048	[1078992, 78936]
texture	textures/segment2/segment2.13C58.rgba16.inc.c	2048	[1078992, 80984]
texture	textures/segment2/segment2.14838.ia8.inc.c	64	[1078992, 84024]
texture	textures/segment2/shadow_quarter_circle.ia8.inc.c	256	[1078992, 62040]
texture	textures/segment2/shadow_quarter_square.ia8.inc.c	256	[1078992, 62296]
texture	textures/sky/metal_hole.rgba16.inc.c	2048	[3390640, 26624]
texture	textures/sky/rr_textures.00000.rgba16.inc.c	2048	[3390640, 0]
texture	textures/sky/rr_textures.00800.rgba16.inc.c	2048	[3390640, 2048]
texture	textures/sky/rr_textures.01000.rgba16.inc.c	2048	[3390640, 4096]
texture	textures/sky/rr_textures.01800.rgba16.inc.c	2048	[3390640, 6144]
texture	textures/sky/rr_textures.02000.rgba16.inc.c	4096	[3390640, 8192]
texture	textures/sky/rr_textures.03000.rgba16.inc.c	2048	[3390640, 12288]
texture	textures/sky/rr_textures.03800.rgba16.inc.c	4096	[3390640, 14336]
texture	textures/sky/rr_textures.04800.rgba16.inc.c	2048	[3390640, 18432]
texture	textures/sky/rr_textures.05000.rgba16.inc.c	2048	[3390640, 20480]
texture	textures/sky/rr_textures.05800.rgba16.inc.c	2048	[3390640, 22528]
texture	textures/sky/rr_textures.06000.rgba16.inc.c	2048	[3390640, 24576]
texture	textures/sky/rr_textures.07000.rgba16.inc.c	2048	[3390640, 28672]
texture	textures/sky/rr_textures.07800.rgba16.inc.c	2048	[3390640, 30720]
texture	textures/sky/rr_textures.08000.rgba16.inc.c	2048	[3390640, 32768]
texture	textures/snow/ccm_textures.00000.rgba16.inc.c	2048	[3405536, 0]
texture	textures/snow/ccm_textures.00800.rgba16.inc.c	2048	[3405536, 2048]
texture	textures/snow/ccm_textures.01000.rgba16.inc.c	4096	[3405536, 4096]
texture	textures/snow/ccm_textures.02000.rgba16.inc.c	2048	[3405536, 8192]
texture	textures/snow/ccm_textures.02800.rgba16.inc.c	2048	[3405536, 10240]
texture	textures/snow/ccm_textures.03000.rgba16.inc.c	2048	[3405536, 12288]
texture	textures/snow/ccm_textures.03800.rgba16.inc.c	2048	[3405536, 14336]
texture	textures/snow/ccm_textures.04000.rgba16.inc.c	2048	[3405536, 16384]
texture	textures/snow/ccm_textures.04800.rgba16.inc.c	2048	[3405536, 18432]
texture	textures/snow/ccm_textures.05000.rgba16.inc.c	2048	[3405536, 20480]
texture	textures/snow/ccm_textures.05800.rgba16.inc.c	2048	[3405536, 22528]
texture	textures/snow/ccm_textures.06000.rgba16.inc.c	2048	[3405536, 24576]
texture	textures/snow/ccm_textures.06800.rgba16.inc.c	2048	[3405536, 26624]
texture	textures/snow/ccm_textures.07000.rgba16.inc.c	4096	[3405536, 28672]
texture	textures/snow/ccm_textures.08000.rgba16.inc.c	2048	[3405536, 32768]
texture	textures/snow/ccm_textures.08800.rgba16.inc.c	2048	[3405536, 34816]
texture	textures/snow/ccm_textures.09000.ia16.inc.c	2048	[3405536, 36864]
texture	textures/snow/ccm_textures.09800.ia16.inc.c	2048	[3405536, 38912]
texture	textures/spooky/bbh_textures.00000.rgba16.inc.c	2048	[3298272, 0]
texture	textures/spooky/bbh_textures.00800.rgba16.inc.c	4096	[3298272, 2048]
texture	textures/spooky/bbh_textures.01800.rgba16.inc.c	4096	[3298272, 6144]
texture	textures/spooky/bbh_textures.02800.rgba16.inc.c	4096	[3298272, 10240]
texture	textures/spooky/bbh_textures.03800.rgba16.inc.c	4096	[3298272, 14336]
texture	textures/spooky/bbh_textures.04800.rgba16.inc.c	2048	[3298272, 18432]
texture	textures/spooky/bbh_textures.05000.rgba16.inc.c	4096	[3298272, 20480]
texture	textures/spooky/bbh_textures.06000.rgba16.inc.c	2048	[3298272, 24576]
texture	textures/spooky/bbh_textures.06800.rgba16.inc.c	2048	[3298272, 26624]
texture	textures/spooky/bbh_textures.07000.rgba16.inc.c	4096	[3298272, 28672]
texture	textures/spooky/bbh_textures.08000.rgba16.inc.c	2048	[3298272, 32768]
texture	textures/spooky/bbh_textures.08800.rgba16.inc.c	2048	[3298272, 34816]
texture	textures/spooky/bbh_textures.09000.rgba16.inc.c	4096	[3298272, 36864]
texture	textures/spooky/bbh_textures.0A000.rgba16.inc.c	2048	[1462368, 49800]
texture	textures/spooky/bbh_textures.0A800.ia16.inc.c	2048	[3298272, 43008]
texture	textures/spooky/bbh_textures.0B000.ia16.inc.c	2048	[3298272, 45056]
texture	textures/spooky/bbh_textures.0B800.ia16.inc.c	4096	[3298272, 47104]
texture	textures/title_screen_bg/title_screen_bg.001C0.rgba16.inc.c	3200	[2550336, 448]
texture	textures/title_screen_bg/title_screen_bg.00E40.rgba16.inc.c	3200	[2550336, 3648]
texture	textures/title_screen_bg/title_screen_bg.01AC0.rgba16.inc.c	3200	[2550336, 6848]
texture	textures/title_screen_bg/title_screen_bg.02740.rgba16.inc.c	3200	[2550336, 10048]
texture	textures/title_screen_bg/title_screen_bg.033C0.rgba16.inc.c	3200	[2550336, 13248]
texture	textures/title_screen_bg/title_screen_bg.04040.rgba16.inc.c	3200	[2550336, 16448]
texture	textures/title_screen_bg/title_screen_bg.04CC0.rgba16.inc.c	3200	[2550336, 19648]
texture	textures/title_screen_bg/title_screen_bg.05940.rgba16.inc.c	3200	[2550336, 22848]
texture	textures/water/jrb_textures.00000.rgba16.inc.c	2048	[3354832, 0]
texture	textures/water/jrb_textures.00800.rgba16.inc.c	4096	[3354832, 2048]
texture	textures/water/jrb_textures.01800.rgba16.inc.c	4096	[3354832, 6144]
texture	textures/water/jrb_textures.02800.rgba16.inc.c	4096	[3354832, 10240]
texture	textures/water/jrb_textures.03800.rgba16.inc.c	4096	[3354832, 14336]
texture	textures/water/jrb_textures.04800.rgba16.inc.c	4096	[3354832, 18432]
texture	textures/water/jrb_textures.05800.rgba16.inc.c	2048	[3354832, 22528]
texture	textures/water/jrb_textures.06000.rgba16.inc.c	2048	[3354832, 24576]
texture	textures/water/jrb_textures.06800.rgba16.inc.c	4096	[3354832, 26624]
texture	textures/water/jrb_textures.07800.rgba16.inc.c	4096	[3354832, 30720]
texture	textures/water/jrb_textures.08800.rgba16.inc.c	2048	[3354832, 34816]
texture	textures/water/jrb_textures.09000.rgba16.inc.c	4096	[3354832, 36864]
texture	textures/water/jrb_textures.0A000.rgba16.inc.c	2048	[3354832, 40960]
texture	textures/water/jrb_textures.0A800.rgba16.inc.c	4096	[3354832, 43008]
texture	textures/water/jrb_textures.0B800.rgba16.inc.c	4096	[3354832, 47104]
