# kind	path	size	ROM location (MIO0 block offset and offset in it, or file offset)
texture	actors/amp/amp_body.rgba16.inc.c	2048	[1888800, 6936]
texture	actors/amp/amp_electricity.rgba16.inc.c	1024	[1888800, 3864]
texture	actors/amp/amp_eyes.rgba16.inc.c	2048	[1888800, 4888]
texture	actors/amp/amp_mouth.rgba16.inc.c	2048	[1888800, 8984]
texture	actors/blue_coin_switch/blue_coin_switch_side.rgba16.inc.c	1024	[1888800, 24]
texture	actors/blue_coin_switch/blue_coin_switch_top.rgba16.inc.c	2048	[1888800, 1048]
texture	actors/blue_fish/blue_fish.rgba16.inc.c	2048	[1950768, 112096]
texture	actors/bobomb/bob-omb_buddy_left_side.rgba16.inc.c	4096	[1113408, 120]
texture	actors/bobomb/bob-omb_buddy_right_side.rgba16.inc.c	4096	[1113408, 4216]
texture	actors/bobomb/bob-omb_eyes.rgba16.inc.c	2048	[1113408, 18552]
texture	actors/bobomb/bob-omb_eyes_blink.rgba16.inc.c	2048	[1113408, 20600]
texture	actors/bobomb/bob-omb_left_side.rgba16.inc.c	4096	[1888800, 121440]
texture	actors/bobomb/bob-omb_right_side.rgba16.inc.c	4096	[1888800, 125536]
texture	actors/bomb/bomb_left_side.rgba16.inc.c	4096	[1455200, 359440]
texture	actors/bomb/bomb_right_side.rgba16.inc.c	4096	[1455200, 363536]
texture	actors/bomb/bomb_spike.rgba16.inc.c	2048	[1455200, 367632]
texture	actors/boo/boo_eyes.rgba16.inc.c	4096	[1318016, 39744]
texture	actors/boo/boo_mouth.rgba16.inc.c	2048	[1318016, 43840]
texture	actors/boo_castle/bbh_boo_eyes.rgba16.inc.c	4096	[1318016, 39744]
texture	actors/boo_castle/bbh_boo_mouth.rgba16.inc.c	2048	[1318016, 43840]
texture	actors/book/book_cover.rgba16.inc.c	2048	[1318016, 4192]
texture	actors/bookend/bookend_cover.rgba16.inc.c	2048	[1318016, 4192]
texture	actors/bookend/bookend_mouth.rgba16.inc.c	1024	[1318016, 2144]
texture	actors/bookend/bookend_pages.rgba16.inc.c	1024	[1318016, 3168]
texture	actors/bookend/bookend_spine.rgba16.inc.c	1024	[1318016, 96]
texture	actors/bookend/bookend_tooth.rgba16.inc.c	1024	[1318016, 1120]
texture	actors/bowser/bowser_armband.rgba16.inc.c	2048	[1455200, 146488]
texture	actors/bowser/bowser_armband_spike.rgba16.inc.c	4096	[1455200, 142392]
texture	actors/bowser/bowser_blue_eye_unused.rgba16.inc.c	4096	[1455200, 156728]
texture	actors/bowser/bowser_body.rgba16.inc.c	2048	[1455200, 140344]
texture	actors/bowser/bowser_chest.rgba16.inc.c	2048	[1455200, 152632]
texture	actors/bowser/bowser_claw_edge.rgba16.inc.c	4096	[1455200, 171064]
texture	actors/bowser/bowser_claw_horn_angle.rgba16.inc.c	4096	[1455200, 179256]
texture	actors/bowser/bowser_claw_horn_tooth.rgba16.inc.c	4096	[1455200, 175160]
texture	actors/bowser/bowser_eye_center_0.rgba16.inc.c	4096	[1455200, 195640]
texture	actors/bowser/bowser_eye_center_1.rgba16.inc.c	4096	[1455200, 195640]
texture	actors/bowser/bowser_eye_closed_0.rgba16.inc.c	4096	[1455200, 191544]
texture	actors/bowser/bowser_eye_closed_1.rgba16.inc.c	4096	[1455200, 191544]
texture	actors/bowser/bowser_eye_far_left_0.rgba16.inc.c	4096	[1455200, 203832]
texture	actors/bowser/bowser_eye_far_left_1.rgba16.inc.c	4096	[1455200, 203832]
texture	actors/bowser/bowser_eye_half_closed_0.rgba16.inc.c	4096	[1455200, 187448]
texture	actors/bowser/bowser_eye_half_closed_1.rgba16.inc.c	4096	[1455200, 187448]
texture	actors/bowser/bowser_eye_left_0.rgba16.inc.c	4096	[1455200, 183352]
texture	actors/bowser/bowser_eye_left_1.rgba16.inc.c	4096	[1455200, 183352]
texture	actors/bowser/bowser_eye_right_0.rgba16.inc.c	4096	[1455200, 199736]
texture	actors/bowser/bowser_eye_right_1.rgba16.inc.c	4096	[1455200, 199736]
texture	actors/bowser/bowser_eyebrow.rgba16.inc.c	4096	[1455200, 130104]
texture	actors/bowser/bowser_hair.rgba16.inc.c	4096	[1455200, 166968]
texture	actors/bowser/bowser_mouth_unused.rgba16.inc.c	4096	[1455200, 160824]
texture	actors/bowser/bowser_muzzle.rgba16.inc.c	2048	[1455200, 134200]
texture	actors/bowser/bowser_nostrils.rgba16.inc.c	4096	[1455200, 136248]
texture	actors/bowser/bowser_shell.rgba16.inc.c	2048	[1455200, 128056]
texture	actors/bowser/bowser_shell_edge.rgba16.inc.c	2048	[1455200, 154680]
texture	actors/bowser/bowser_tongue.rgba16.inc.c	4096	[1455200, 148536]
texture	actors/bowser/bowser_upper_face.rgba16.inc.c	2048	[1455200, 164920]
texture	actors/bowser_flame/bowser_flame_0.rgba16.inc.c	8192	[1455200, 0]
texture	actors/bowser_flame/bowser_flame_1.rgba16.inc.c	8192	[1455200, 8192]
texture	actors/bowser_flame/bowser_flame_10.rgba16.inc.c	8192	[1455200, 81920]
texture	actors/bowser_flame/bowser_flame_11.rgba16.inc.c	8192	[1455200, 90112]
texture	actors/bowser_flame/bowser_flame_12.rgba16.inc.c	8192	[1455200, 98304]
texture	actors/bowser_flame/bowser_flame_13.rgba16.inc.c	8192	[1455200, 106496]
texture	actors/bowser_flame/bowser_flame_2.rgba16.inc.c	8192	[1455200, 16384]
texture	actors/bowser_flame/bowser_flame_3.rgba16.inc.c	8192	[1455200, 24576]
texture	actors/bowser_flame/bowser_flame_4.rgba16.inc.c	8192	[1455200, 32768]
texture	actors/bowser_flame/bowser_flame_5.rgba16.inc.c	8192	[1455200, 40960]
texture	actors/bowser_flame/bowser_flame_6.rgba16.inc.c	8192	[1455200, 49152]
texture	actors/bowser_flame/bowser_flame_7.rgba16.inc.c	8192	[1455200, 57344]
texture	actors/bowser_flame/bowser_flame_8.rgba16.inc.c	8192	[1455200, 65536]
texture	actors/bowser_flame/bowser_flame_9.rgba16.inc.c	8192	[1455200, 73728]
texture	actors/breakable_box/cork_box_surface.rgba16.inc.c	2048	[1888800, 74384]
texture	actors/breakable_box/crazy_box_surface.rgba16.inc.c	2048	[1888800, 72336]
texture	actors/bub/bub_eye_border.rgba16.inc.c	2048	[1424336, 5128]
texture	actors/bub/bub_eyes.rgba16.inc.c	4096	[1424336, 1032]
texture	actors/bub/bub_fins.rgba16.inc.c	2048	[1424336, 7176]
texture	actors/bub/bub_scales.rgba16.inc.c	4096	[1424336, 9224]
texture	actors/bubba/bubba_eye_border.rgba16.inc.c	2048	[1424336, 5128]
texture	actors/bubba/bubba_eyes_unused.rgba16.inc.c	4096	[1424336, 1032]
texture	actors/bubba/bubba_fins.rgba16.inc.c	2048	[1424336, 7176]
texture	actors/bubba/bubba_scales.rgba16.inc.c	8192	[1424336, 9224]
texture	actors/bubba/bubba_sunglasses.rgba16.inc.c	1024	[1424336, 8]
texture	actors/bubble/bubble.rgba16.inc.c	2048	[980848, 118112]
texture	actors/bubble/mr_i_bubble.rgba16.inc.c	2048	[980848, 120160]
texture	actors/bullet_bill/bullet_bill_eye.rgba16.inc.c	4096	[1071104, 47784]
texture	actors/bullet_bill/bullet_bill_mouth.rgba16.inc.c	4096	[1071104, 51880]
texture	actors/bully/bully_eye.rgba16.inc.c	2048	[1105024, 9320]
texture	actors/bully/bully_horn.rgba16.inc.c	512	[1105024, 224]
texture	actors/bully/bully_left_side.rgba16.inc.c	4096	[1105024, 1128]
texture	actors/bully/bully_right_side.rgba16.inc.c	4096	[1105024, 5224]
texture	actors/burn_smoke/burn_smoke.ia16.inc.c	2048	[980848, 137216]
texture	actors/butterfly/butterfly_wing.rgba16.inc.c	4096	[1950768, 17320]
texture	actors/cannon_barrel/cannon_barrel.rgba16.inc.c	2048	[1888800, 22696]
texture	actors/cannon_base/cannon_base.rgba16.inc.c	2048	[1888800, 18872]
texture	actors/cannon_lid/cannon_lid.rgba16.inc.c	2048	[1888800, 16472]
texture	actors/capswitch/cap_switch_base.rgba16.inc.c	128	[1313392, 11336]
texture	actors/capswitch/cap_switch_head.ia16.inc.c	4096	[1313392, 7240]
texture	actors/chain_ball/chain_ball.rgba16.inc.c	2048	[1700432, 133864]
texture	actors/chain_chomp/chain_chomp_bright_shine.rgba16.inc.c	2048	[1700432, 136144]
texture	actors/chain_chomp/chain_chomp_dull_shine.rgba16.inc.c	2048	[1700432, 138192]
texture	actors/chain_chomp/chain_chomp_eye.rgba16.inc.c	2048	[1700432, 144336]
texture	actors/chain_chomp/chain_chomp_tongue.rgba16.inc.c	2048	[1700432, 140240]
texture	actors/chain_chomp/chain_chomp_tooth.rgba16.inc.c	2048	[1318016, 27376]
texture	actors/chair/chair_bottom.rgba16.inc.c	1024	[1318016, 16480]
texture	actors/chair/chair_front.rgba16.inc.c	2048	[1318016, 12384]
texture	actors/chair/chair_leg.rgba16.inc.c	2048	[1318016, 14432]
texture	actors/chair/chair_surface_unused.rgba16.inc.c	2048	[1318016, 17504]
texture	actors/checkerboard_platform/checkerboard_platform.rgba16.inc.c	2048	[1888800, 52288]
texture	actors/checkerboard_platform/checkerboard_platform_side.rgba16.inc.c	1024	[1888800, 51264]
texture	actors/chillychief/chill_bully_eye.rgba16.inc.c	2048	[1105024, 9320]
texture	actors/chillychief/chill_bully_left_side.rgba16.inc.c	4096	[1835536, 96]
texture	actors/chillychief/chill_bully_right_side.rgba16.inc.c	4096	[1835536, 4192]
texture	actors/chuckya/chuckya_body_arm_left_side.rgba16.inc.c	4096	[1888800, 32632]
texture	actors/chuckya/chuckya_body_arm_right_side.rgba16.inc.c	4096	[1888800, 36728]
texture	actors/chuckya/chuckya_eyes.rgba16.inc.c	4096	[1888800, 26488]
texture	actors/chuckya/chuckya_hand_antenna.rgba16.inc.c	2048	[1888800, 30584]
texture	actors/clam_shell/clam_shell.rgba16.inc.c	2048	[1141040, 48]
texture	actors/clam_shell/clam_shell_mouth.rgba16.inc.c	2048	[1141040, 2096]
texture	actors/coin/coin_front.ia16.inc.c	2048	[1950768, 22400]
texture	actors/coin/coin_side.ia16.inc.c	2048	[1950768, 26496]
texture	actors/coin/coin_tilt_left.ia16.inc.c	2048	[1950768, 28544]
texture	actors/coin/coin_tilt_right.ia16.inc.c	2048	[1950768, 24448]
texture	actors/cyan_fish/cyan_fish.rgba16.inc.c	2048	[1658080, 54376]
texture	actors/dirt/dirt_particle.rgba16.inc.c	512	[1950768, 179704]
texture	actors/door/bbh_door.rgba16.inc.c	4096	[1950768, 66832]
texture	actors/door/bbh_door_overlay.rgba16.inc.c	2048	[1950768, 70928]
texture	actors/door/door_lock.rgba16.inc.c	1024	[1950768, 79120]
texture	actors/door/hmc_mural_door.rgba16.inc.c	4096	[1950768, 60688]
texture	actors/door/hmc_mural_door_overlay.rgba16.inc.c	2048	[1950768, 64784]
texture	actors/door/metal_door.rgba16.inc.c	4096	[1950768, 54544]
texture	actors/door/metal_door_overlay.rgba16.inc.c	2048	[1950768, 58640]
texture	actors/door/one_star_door_sign.rgba16.inc.c	2048	[1950768, 75024]
texture	actors/door/polished_wooden_door.rgba16.inc.c	4096	[1950768, 40208]
texture	actors/door/polished_wooden_door_overlay.rgba16.inc.c	4096	[1950768, 44304]
texture	actors/door/rough_wooden_door.rgba16.inc.c	4096	[1950768, 48400]
texture	actors/door/rough_wooden_door_overlay.rgba16.inc.c	2048	[1950768, 52496]
texture	actors/door/three_star_door_sign.rgba16.inc.c	2048	[1950768, 77072]
texture	actors/door/zero_star_door_sign.rgba16.inc.c	2048	[1950768, 72976]
texture	actors/dorrie/dorrie_eye.rgba16.inc.c	512	[1847040, 39840]
texture	actors/dorrie/dorrie_skin.rgba16.inc.c	4096	[1847040, 40352]
texture	actors/dorrie/dorrie_tongue.rgba16.inc.c	2048	[1700432, 140240]
texture	actors/exclamation_box/exclamation_box_front.rgba16.inc.c	2048	[1888800, 95784]
texture	actors/exclamation_box/exclamation_box_side.rgba16.inc.c	4096	[1888800, 97832]
texture	actors/exclamation_box/metal_cap_box_front.rgba16.inc.c	2048	[1888800, 83496]
texture	actors/exclamation_box/metal_cap_box_side.rgba16.inc.c	4096	[1888800, 85544]
texture	actors/exclamation_box/vanish_cap_box_front.rgba16.inc.c	2048	[1888800, 77352]
texture	actors/exclamation_box/vanish_cap_box_side.rgba16.inc.c	4096	[1888800, 79400]
texture	actors/exclamation_box/wing_cap_box_front.rgba16.inc.c	2048	[1888800, 89640]
texture	actors/exclamation_box/wing_cap_box_side.rgba16.inc.c	4096	[1888800, 91688]
texture	actors/exclamation_box_outline/exclamation_box_outline.rgba16.inc.c	2048	[1888800, 151912]
texture	actors/exclamation_box_outline/exclamation_point.rgba16.inc.c	1024	[1888800, 154240]
texture	actors/explosion/explosion_0.rgba16.inc.c	2048	[1950768, 2568]
texture	actors/explosion/explosion_1.rgba16.inc.c	2048	[1950768, 4616]
texture	actors/explosion/explosion_2.rgba16.inc.c	2048	[1950768, 6664]
texture	actors/explosion/explosion_3.rgba16.inc.c	2048	[1950768, 8712]
texture	actors/explosion/explosion_4.rgba16.inc.c	2048	[1950768, 10760]
texture	actors/explosion/explosion_5.rgba16.inc.c	2048	[1950768, 12808]
texture	actors/explosion/explosion_6.rgba16.inc.c	2048	[1950768, 14856]
texture	actors/eyerok/eyerok_bricks.rgba16.inc.c	2048	[1183408, 36160]
texture	actors/eyerok/eyerok_eye_closed.rgba16.inc.c	2048	[1183408, 44352]
texture	actors/eyerok/eyerok_eye_mostly_closed.rgba16.inc.c	2048	[1183408, 42304]
texture	actors/eyerok/eyerok_eye_mostly_open.rgba16.inc.c	2048	[1183408, 40256]
texture	actors/eyerok/eyerok_eye_open.rgba16.inc.c	2048	[1183408, 38208]
texture	actors/flame/flame_0.ia16.inc.c	2048	[1950768, 95008]
texture	actors/flame/flame_1.ia16.inc.c	2048	[1950768, 97056]
texture	actors/flame/flame_2.ia16.inc.c	2048	[1950768, 99104]
texture	actors/flame/flame_3.ia16.inc.c	2048	[1950768, 101152]
texture	actors/flame/flame_4.ia16.inc.c	2048	[1950768, 103200]
texture	actors/flame/flame_5.ia16.inc.c	2048	[1950768, 105248]
texture	actors/flame/flame_6.ia16.inc.c	2048	[1950768, 107296]
texture	actors/flame/flame_7.ia16.inc.c	2048	[1950768, 109344]
texture	actors/flyguy/flyguy_cloth_wrinkle.rgba16.inc.c	4096	[1888800, 57480]
texture	actors/flyguy/flyguy_face.rgba16.inc.c	2048	[1888800, 61576]
texture	actors/flyguy/flyguy_propeller.ia16.inc.c	2048	[1888800, 63624]
texture	actors/fwoosh/fwoosh_face.ia16.inc.c	2048	[1233392, 88072]
texture	actors/goomba/goomba_body.rgba16.inc.c	2048	[1888800, 103728]
texture	actors/goomba/goomba_face.rgba16.inc.c	2048	[1888800, 105776]
texture	actors/goomba/goomba_face_blink.rgba16.inc.c	2048	[1888800, 107824]
texture	actors/haunted_cage/bbh_cage_bars.rgba16.inc.c	2048	[1318016, 55944]
texture	actors/haunted_cage/bbh_cage_double_ornament.rgba16.inc.c	2048	[1318016, 51848]
texture	actors/haunted_cage/bbh_cage_floor.rgba16.inc.c	2048	[1318016, 49800]
texture	actors/haunted_cage/bbh_cage_garbage.rgba16.inc.c	2048	[1318016, 57992]
texture	actors/haunted_cage/bbh_cage_ornament.rgba16.inc.c	1024	[1318016, 53896]
texture	actors/haunted_cage/bbh_cage_wooden_base.rgba16.inc.c	1024	[1318016, 54920]
texture	actors/heart/spinning_heart.rgba16.inc.c	2048	[1888800, 55264]
texture	actors/heave_ho/heave-ho_arm_ornament.rgba16.inc.c	2048	[1071104, 68040]
texture	actors/heave_ho/heave-ho_face.rgba16.inc.c	2048	[1071104, 59848]
texture	actors/heave_ho/heave-ho_logo.rgba16.inc.c	4096	[1071104, 63944]
texture	actors/heave_ho/heave-ho_platform.rgba16.inc.c	2048	[1071104, 61896]
texture	actors/heave_ho/heave-ho_roller.rgba16.inc.c	512	[1071104, 70088]
texture	actors/heave_ho/heave-ho_turnkey.rgba16.inc.c	2048	[1071104, 70600]
texture	actors/hoot/hoot_eyes.rgba16.inc.c	2048	[1071104, 2592]
texture	actors/hoot/hoot_wing.rgba16.inc.c	2048	[1071104, 7760]
texture	actors/hoot/hoot_wing_tip.rgba16.inc.c	2048	[1071104, 9808]
texture	actors/impact_ring/impact_ring_left_side.ia16.inc.c	4096	[1455200, 117328]
texture	actors/impact_ring/impact_ring_right_side.ia16.inc.c	4096	[1455200, 121424]
texture	actors/impact_smoke/impact_smoke_0.ia16.inc.c	8192	[1455200, 371576]
texture	actors/impact_smoke/impact_smoke_1.ia16.inc.c	8192	[1455200, 379768]
texture	actors/impact_smoke/impact_smoke_2.ia16.inc.c	8192	[1455200, 387960]
texture	actors/impact_smoke/impact_smoke_3.ia16.inc.c	8192	[1455200, 396152]
texture	actors/king_bobomb/bob-omb_buddy_body_unused.rgba16.inc.c	8192	[1113408, 25720]
texture	actors/king_bobomb/bob-omb_buddy_left_side_unused.rgba16.inc.c	4096	[1113408, 120]
texture	actors/king_bobomb/bob-omb_buddy_right_side_unused.rgba16.inc.c	4096	[1113408, 4216]
texture	actors/king_bobomb/king_bob-omb_arm.rgba16.inc.c	2048	[1113408, 8312]
texture	actors/king_bobomb/king_bob-omb_body_unused.rgba16.inc.c	8192	[1113408, 10360]
texture	actors/king_bobomb/king_bob-omb_crown_rim.rgba16.inc.c	1024	[1113408, 24696]
texture	actors/king_bobomb/king_bob-omb_eyes.rgba16.inc.c	2048	[1113408, 18552]
texture	actors/king_bobomb/king_bob-omb_eyes_blink.rgba16.inc.c	2048	[1113408, 20600]
texture	actors/king_bobomb/king_bob-omb_hand.rgba16.inc.c	2048	[1113408, 22648]
texture	actors/king_bobomb/king_bob-omb_left_side.rgba16.inc.c	4096	[1113408, 33912]
texture	actors/king_bobomb/king_bob-omb_right_side.rgba16.inc.c	4096	[1113408, 38008]
texture	actors/klepto/klepto_beak.rgba16.inc.c	4096	[1183408, 4104]
texture	actors/klepto/klepto_chest_tuft.rgba16.inc.c	2048	[1183408, 8]
texture	actors/klepto/klepto_eye.rgba16.inc.c	2048	[1183408, 2056]
texture	actors/klepto/klepto_wing.rgba16.inc.c	4096	[1183408, 8200]
texture	actors/klepto/klepto_wing_flap.rgba16.inc.c	2048	[1183408, 12296]
texture	actors/koopa/koopa_eye_border.rgba16.inc.c	2048	[1700432, 22088]
texture	actors/koopa/koopa_eyes_closed.rgba16.inc.c	2048	[1700432, 20040]
texture	actors/koopa/koopa_eyes_open.rgba16.inc.c	2048	[1700432, 17992]
texture	actors/koopa/koopa_nostrils.rgba16.inc.c	4096	[1700432, 24136]
texture	actors/koopa/koopa_shell_back.rgba16.inc.c	2048	[1700432, 11848]
texture	actors/koopa/koopa_shell_front.rgba16.inc.c	2048	[1700432, 9800]
texture	actors/koopa/koopa_shell_front_top.rgba16.inc.c	2048	[1700432, 15944]
texture	actors/koopa/koopa_shoe.rgba16.inc.c	2048	[1700432, 13896]
texture	actors/koopa_flag/koopa_flag_banner.rgba16.inc.c	2048	[1700432, 72]
texture	actors/koopa_shell/koopa_shell_back.rgba16.inc.c	2048	[1700432, 11848]
texture	actors/koopa_shell/koopa_shell_front.rgba16.inc.c	2048	[1700432, 9800]
texture	actors/lakitu_cameraman/lakitu_camera_lens.rgba16.inc.c	512	[1782576, 14336]
texture	actors/lakitu_cameraman/lakitu_cameraman_cloud_face_unused.rgba16.inc.c	2048	[1424336, 60640]
texture	actors/lakitu_cameraman/lakitu_cameraman_eyes_closed.rgba16.inc.c	4096	[1424336, 66784]
texture	actors/lakitu_cameraman/lakitu_cameraman_eyes_open.rgba16.inc.c	4096	[1424336, 62688]
texture	actors/lakitu_cameraman/lakitu_cameraman_frown.rgba16.inc.c	2048	[1424336, 72928]
texture	actors/lakitu_cameraman/lakitu_cameraman_shell.rgba16.inc.c	2048	[1424336, 70880]
texture	actors/lakitu_enemy/lakitu_enemy_cloud_face_unused.rgba16.inc.c	2048	[1424336, 60640]
texture	actors/lakitu_enemy/lakitu_enemy_eyes_closed.rgba16.inc.c	4096	[1424336, 66784]
texture	actors/lakitu_enemy/lakitu_enemy_eyes_open.rgba16.inc.c	4096	[1424336, 62688]
texture	actors/lakitu_enemy/lakitu_enemy_frown.rgba16.inc.c	2048	[1424336, 72928]
texture	actors/lakitu_enemy/lakitu_enemy_shell.rgba16.inc.c	2048	[1424336, 70880]
texture	actors/leaves/leaf.rgba16.inc.c	512	[1950768, 117728]
texture	actors/mad_piano/mad_piano_body.rgba16.inc.c	1024	[1318016, 29424]
texture	actors/mad_piano/mad_piano_keys.rgba16.inc.c	1024	[1318016, 32496]
texture	actors/mad_piano/mad_piano_keys_corner.rgba16.inc.c	1024	[1318016, 30448]
texture	actors/mad_piano/mad_piano_keys_edge.rgba16.inc.c	1024	[1318016, 33520]
texture	actors/mad_piano/mad_piano_mouth.rgba16.inc.c	1024	[1318016, 31472]
texture	actors/mad_piano/mad_piano_tooth.rgba16.inc.c	2048	[1318016, 27376]
texture	actors/manta/manta_eye.rgba16.inc.c	2048	[1141040, 12192]
texture	actors/manta/manta_fin_corner.rgba16.inc.c	2048	[1141040, 6048]
texture	actors/manta/manta_fin_edge.rgba16.inc.c	4096	[1141040, 14240]
texture	actors/manta/manta_gills.rgba16.inc.c	4096	[1141040, 8096]
texture	actors/mario/mario_eyes_center.rgba16.inc.c	2048	[980848, 12432]
texture	actors/mario/mario_eyes_closed.rgba16.inc.c	2048	[980848, 16528]
texture	actors/mario/mario_eyes_closed_unused_0.rgba16.inc.c	2048	[980848, 16528]
texture	actors/mario/mario_eyes_closed_unused_1.rgba16.inc.c	2048	[980848, 16528]
texture	actors/mario/mario_eyes_dead.rgba16.inc.c	2048	[980848, 30864]
texture	actors/mario/mario_eyes_down_unused.rgba16.inc.c	2048	[980848, 28816]
texture	actors/mario/mario_eyes_half_closed.rgba16.inc.c	2048	[980848, 14480]
texture	actors/mario/mario_eyes_left_unused.rgba16.inc.c	2048	[980848, 22672]
texture	actors/mario/mario_eyes_right_unused.rgba16.inc.c	2048	[980848, 24720]
texture	actors/mario/mario_eyes_up_unused.rgba16.inc.c	2048	[980848, 26768]
texture	actors/mario/mario_logo.rgba16.inc.c	2048	[980848, 6288]
texture	actors/mario/mario_metal.rgba16.inc.c	4096	[980848, 144]
texture	actors/mario/mario_metal_wing_tip_unused.rgba16.inc.c	4096	[980848, 45200]
texture	actors/mario/mario_metal_wing_unused.rgba16.inc.c	4096	[980848, 41104]
texture	actors/mario/mario_mustache.rgba16.inc.c	2048	[980848, 10384]
texture	actors/mario/mario_overalls_button.rgba16.inc.c	2048	[980848, 4240]
texture	actors/mario/mario_sideburn.rgba16.inc.c	2048	[980848, 8336]
texture	actors/mario/mario_wing.rgba16.inc.c	4096	[980848, 32912]
texture	actors/mario/mario_wing_tip.rgba16.inc.c	4096	[980848, 37008]
texture	actors/mario_cap/mario_cap_logo.rgba16.inc.c	2048	[980848, 6288]
texture	actors/mario_cap/mario_cap_metal.rgba16.inc.c	4096	[980848, 144]
texture	actors/mario_cap/mario_cap_metal_wing_tip_unused.rgba16.inc.c	4096	[980848, 45200]
texture	actors/mario_cap/mario_cap_metal_wing_unused.rgba16.inc.c	4096	[980848, 41104]
texture	actors/mario_cap/mario_cap_wing.rgba16.inc.c	4096	[980848, 32912]
texture	actors/mario_cap/mario_cap_wing_tip.rgba16.inc.c	4096	[980848, 37008]
texture	actors/metal_box/metal_box_side.rgba16.inc.c	4096	[1888800, 145816]
texture	actors/mips/mips_eyes.rgba16.inc.c	2048	[1782576, 64624]
texture	actors/mist/mist.ia16.inc.c	2048	[1950768, 128]
texture	actors/moneybag/moneybag_eyes.rgba16.inc.c	2048	[1835536, 18864]
texture	actors/moneybag/moneybag_mouth.rgba16.inc.c	4096	[1835536, 14768]
texture	actors/monty_mole/monty_mole_cheek.rgba16.inc.c	2048	[1233392, 2416]
texture	actors/monty_mole/monty_mole_claw.rgba16.inc.c	2048	[1233392, 10608]
texture	actors/monty_mole/monty_mole_eye.rgba16.inc.c	2048	[1233392, 4464]
texture	actors/monty_mole/monty_mole_nose.rgba16.inc.c	2048	[1233392, 6512]
texture	actors/monty_mole/monty_mole_tooth.rgba16.inc.c	2048	[1233392, 8560]
texture	actors/monty_mole_hole/monty_mole_hole.ia16.inc.c	2048	[1233392, 64]
texture	actors/mr_i_eyeball/mr_i_eyeball_left_side.rgba16.inc.c	4096	[1847040, 128]
texture	actors/mr_i_eyeball/mr_i_eyeball_right_side.rgba16.inc.c	4096	[1847040, 4224]
texture	actors/mr_i_iris/mr_i_iris_closed.rgba16.inc.c	2048	[1847040, 14704]
texture	actors/mr_i_iris/mr_i_iris_mostly_closed.rgba16.inc.c	2048	[1847040, 12656]
texture	actors/mr_i_iris/mr_i_iris_mostly_open.rgba16.inc.c	2048	[1847040, 10608]
texture	actors/mr_i_iris/mr_i_iris_open.rgba16.inc.c	2048	[1847040, 8560]
texture	actors/mushroom_1up/1-up_mushroom.rgba16.inc.c	4096	[1950768, 169512]
texture	actors/peach/peach_chest_jewel.rgba16.inc.c	512	[1345680, 11304]
texture	actors/peach/peach_crown_jewel.rgba16.inc.c	512	[1345680, 10792]
texture	actors/peach/peach_dress.rgba16.inc.c	2048	[1345680, 16424]
texture	actors/peach/peach_eye_closed.rgba16.inc.c	2048	[1345680, 8744]
texture	actors/peach/peach_eye_mostly_closed.rgba16.inc.c	2048	[1345680, 6696]
texture	actors/peach/peach_eye_mostly_open.rgba16.inc.c	2048	[1345680, 4648]
texture	actors/peach/peach_eye_open.rgba16.inc.c	2048	[1345680, 2600]
texture	actors/peach/peach_lips.rgba16.inc.c	2048	[1345680, 13864]
texture	actors/peach/peach_lips_scrunched.rgba16.inc.c	2048	[1345680, 11816]
texture	actors/peach/peach_nostril.rgba16.inc.c	512	[1345680, 15912]
texture	actors/pebble/pebble.rgba16.inc.c	2048	[1950768, 115456]
texture	actors/penguin/penguin_beak.rgba16.inc.c	2048	[1291920, 21984]
texture	actors/penguin/penguin_eye_angry.rgba16.inc.c	2048	[1291920, 17888]
texture	actors/penguin/penguin_eye_angry_unused.rgba16.inc.c	2048	[1291920, 19936]
texture	actors/penguin/penguin_eye_closed.rgba16.inc.c	2048	[1291920, 15840]
texture	actors/penguin/penguin_eye_half_closed.rgba16.inc.c	2048	[1291920, 13792]
texture	actors/penguin/penguin_eye_open.rgba16.inc.c	2048	[1291920, 11744]
texture	actors/piranha_plant/piranha_plant_bottom_lip.rgba16.inc.c	2048	[1700432, 78840]
texture	actors/piranha_plant/piranha_plant_leaf.rgba16.inc.c	4096	[1700432, 82936]
texture	actors/piranha_plant/piranha_plant_skin.rgba16.inc.c	2048	[1700432, 74744]
texture	actors/piranha_plant/piranha_plant_stem.rgba16.inc.c	2048	[1700432, 76792]
texture	actors/piranha_plant/piranha_plant_tongue.rgba16.inc.c	4096	[1455200, 148536]
texture	actors/piranha_plant/piranha_plant_tooth.rgba16.inc.c	2048	[1700432, 80888]
texture	actors/pokey/pokey_body.rgba16.inc.c	2048	[1183408, 75896]
texture	actors/pokey/pokey_face.rgba16.inc.c	2048	[1183408, 71504]
texture	actors/pokey/pokey_face_blink.rgba16.inc.c	2048	[1183408, 73552]
texture	actors/poundable_pole/poundable_pole_side.rgba16.inc.c	2048	[1700432, 6224]
texture	actors/poundable_pole/poundable_pole_top.rgba16.inc.c	2048	[1700432, 4176]
texture	actors/power_meter/power_meter_five_segments.rgba16.inc.c	2048	[1950768, 158688]
texture	actors/power_meter/power_meter_four_segments.rgba16.inc.c	2048	[1950768, 160736]
texture	actors/power_meter/power_meter_full.rgba16.inc.c	2048	[1950768, 152544]
texture	actors/power_meter/power_meter_left_side.rgba16.inc.c	4096	[1950768, 144352]
texture	actors/power_meter/power_meter_one_segment.rgba16.inc.c	2048	[1950768, 166880]
texture	actors/power_meter/power_meter_right_side.rgba16.inc.c	4096	[1950768, 148448]
texture	actors/power_meter/power_meter_seven_segments.rgba16.inc.c	2048	[1950768, 154592]
texture	actors/power_meter/power_meter_six_segments.rgba16.inc.c	2048	[1950768, 156640]
texture	actors/power_meter/power_meter_three_segments.rgba16.inc.c	2048	[1950768, 162784]
texture	actors/power_meter/power_meter_two_segments.rgba16.inc.c	2048	[1950768, 164832]
texture	actors/purple_switch/purple_switch_base.rgba16.inc.c	128	[1888800, 49320]
texture	actors/purple_switch/purple_switch_exclamation_point.rgba16.inc.c	1024	[1888800, 49448]
texture	actors/sand/sand_particle.rgba16.inc.c	512	[1950768, 178896]
texture	actors/scuttlebug/scuttlebug_eye.rgba16.inc.c	2048	[1847040, 65800]
texture	actors/scuttlebug/scuttlebug_iris.rgba16.inc.c	2048	[1847040, 76040]
texture	actors/scuttlebug/scuttlebug_left_side.rgba16.inc.c	4096	[1847040, 67848]
texture	actors/scuttlebug/scuttlebug_leg.rgba16.inc.c	2048	[1847040, 78088]
texture	actors/scuttlebug/scuttlebug_right_side.rgba16.inc.c	4096	[1847040, 71944]
texture	actors/seaweed/seaweed_base.rgba16.inc.c	2048	[1658080, 38416]
texture	actors/seaweed/seaweed_lower_center.rgba16.inc.c	2048	[1658080, 36368]
texture	actors/seaweed/seaweed_tip.rgba16.inc.c	2048	[1658080, 32272]
texture	actors/seaweed/seaweed_upper_center.rgba16.inc.c	2048	[1658080, 34320]
texture	actors/skeeter/skeeter_eye.rgba16.inc.c	2048	[1658080, 144]
texture	actors/skeeter/skeeter_iris.rgba16.inc.c	256	[1658080, 2192]
texture	actors/smoke/smoke.ia16.inc.c	2048	[1233392, 29376]
texture	actors/snowman/mr_blizzard_eye.rgba16.inc.c	2048	[1291920, 46192]
texture	actors/snowman/mr_blizzard_left_side.rgba16.inc.c	4096	[1291920, 38000]
texture	actors/snowman/mr_blizzard_mitten.rgba16.inc.c	2048	[1291920, 35952]
texture	actors/snowman/mr_blizzard_mouth.rgba16.inc.c	2048	[1291920, 48240]
texture	actors/snowman/mr_blizzard_right_side.rgba16.inc.c	4096	[1291920, 42096]
texture	actors/snufit/snufit_body.rgba16.inc.c	2048	[1847040, 28896]
texture	actors/snufit/snufit_eye.rgba16.inc.c	2048	[1847040, 30944]
texture	actors/snufit/snufit_mask_strap.rgba16.inc.c	1024	[1847040, 32992]
texture	actors/snufit/snufit_mouth.rgba16.inc.c	2048	[1847040, 34016]
texture	actors/sparkle/sparkle_0.rgba16.inc.c	2048	[980848, 160912]
texture	actors/sparkle/sparkle_1.rgba16.inc.c	2048	[980848, 162960]
texture	actors/sparkle/sparkle_2.rgba16.inc.c	2048	[980848, 165008]
texture	actors/sparkle/sparkle_3.rgba16.inc.c	2048	[980848, 167056]
texture	actors/sparkle/sparkle_4.rgba16.inc.c	2048	[980848, 169104]
texture	actors/sparkle/sparkle_5.rgba16.inc.c	2048	[980848, 171152]
texture	actors/sparkle_animation/sparkle_animation_0.ia16.inc.c	2048	[980848, 207496]
texture	actors/sparkle_animation/sparkle_animation_1.ia16.inc.c	2048	[980848, 209544]
texture	actors/sparkle_animation/sparkle_animation_2.ia16.inc.c	2048	[980848, 211592]
texture	actors/sparkle_animation/sparkle_animation_3.ia16.inc.c	2048	[980848, 213640]
texture	actors/sparkle_animation/sparkle_animation_4.ia16.inc.c	2048	[980848, 215688]
texture	actors/spindrift/spindrift_face.rgba16.inc.c	2048	[1291920, 1744]
texture	actors/spindrift/spindrift_head.rgba16.inc.c	2048	[1291920, 7888]
texture	actors/spindrift/spindrift_leaf.rgba16.inc.c	2048	[1291920, 5840]
texture	actors/spindrift/spindrift_petal.rgba16.inc.c	2048	[1291920, 3792]
texture	actors/springboard/springboard_base_unused.rgba16.inc.c	2048	[1313392, 2072]
texture	actors/springboard/springboard_top_unused.rgba16.inc.c	2048	[1313392, 24]
texture	actors/star/star_eye.rgba16.inc.c	2048	[1424336, 31280]
texture	actors/star/star_surface.rgba16.inc.c	2048	[1950768, 173808]
texture	actors/stomp_smoke/stomp_smoke_0.ia16.inc.c	2048	[980848, 139592]
texture	actors/stomp_smoke/stomp_smoke_1.ia16.inc.c	2048	[980848, 141640]
texture	actors/stomp_smoke/stomp_smoke_2.ia16.inc.c	2048	[980848, 143688]
texture	actors/stomp_smoke/stomp_smoke_3.ia16.inc.c	2048	[980848, 145736]
texture	actors/stomp_smoke/stomp_smoke_4.ia16.inc.c	2048	[980848, 147784]
texture	actors/stomp_smoke/stomp_smoke_5.ia16.inc.c	2048	[980848, 149832]
texture	actors/sushi/sushi_eye.rgba16.inc.c	1024	[1141040, 38608]
texture	actors/sushi/sushi_snout.rgba16.inc.c	2048	[1141040, 36560]
texture	actors/sushi/sushi_tooth.rgba16.inc.c	128	[1141040, 39632]
texture	actors/swoop/swoop_body.rgba16.inc.c	2048	[1847040, 17008]
texture	actors/swoop/swoop_eye.rgba16.inc.c	2048	[1847040, 19056]
texture	actors/swoop/swoop_nose.rgba16.inc.c	2048	[1847040, 21104]
texture	actors/swoop/swoop_wing.rgba16.inc.c	2048	[1847040, 23152]
texture	actors/thwomp/thwomp_face.rgba16.inc.c	4096	[1071104, 39168]
texture	actors/thwomp/thwomp_surface.rgba16.inc.c	2048	[1071104, 43264]
texture	actors/toad/toad_face.rgba16.inc.c	2048	[1782576, 22816]
texture	actors/toad/toad_head.rgba16.inc.c	2048	[1782576, 24864]
texture	actors/tornado/tornado.ia16.inc.c	4096	[1141040, 75848]
texture	actors/treasure_chest/treasure_chest_front.rgba16.inc.c	4096	[1658080, 87976]
texture	actors/treasure_chest/treasure_chest_lock.rgba16.inc.c	2048	[1658080, 81832]
texture	actors/treasure_chest/treasure_chest_lock_top.rgba16.inc.c	2048	[1658080, 85928]
texture	actors/treasure_chest/treasure_chest_side.rgba16.inc.c	2048	[1658080, 83880]
texture	actors/tree/palm_tree.rgba16.inc.c	4096	[1950768, 205336]
texture	actors/tree/pine_tree.rgba16.inc.c	4096	[1950768, 196448]
texture	actors/tree/snowy_pine_tree.rgba16.inc.c	4096	[1950768, 200776]
texture	actors/tree/tree_left_side.rgba16.inc.c	4096	[1950768, 187944]
texture	actors/tree/tree_right_side.rgba16.inc.c	4096	[1950768, 192040]
texture	actors/ukiki/ukiki_butt.rgba16.inc.c	2048	[1233392, 39872]
texture	actors/ukiki/ukiki_face.rgba16.inc.c	4096	[1233392, 31680]
texture	actors/ukiki/ukiki_face_blink.rgba16.inc.c	4096	[1233392, 35776]
texture	actors/ukiki/ukiki_fur.rgba16.inc.c	2048	[1233392, 41920]
texture	actors/unagi/unagi_body.rgba16.inc.c	2048	[1141040, 44832]
texture	actors/unagi/unagi_eye.rgba16.inc.c	512	[1141040, 46880]
texture	actors/unagi/unagi_head_base.rgba16.inc.c	2048	[1141040, 47392]
texture	actors/unagi/unagi_mouth.rgba16.inc.c	128	[1141040, 49952]
texture	actors/unagi/unagi_tail.rgba16.inc.c	2048	[1141040, 50080]
texture	actors/unagi/unagi_tooth.rgba16.inc.c	512	[1141040, 49440]
texture	actors/walk_smoke/walk_smoke_0.ia16.inc.c	2048	[980848, 122528]
texture	actors/walk_smoke/walk_smoke_1.ia16.inc.c	2048	[980848, 124576]
texture	actors/walk_smoke/walk_smoke_2.ia16.inc.c	2048	[980848, 126624]
texture	actors/walk_smoke/walk_smoke_3.ia16.inc.c	2048	[980848, 128672]
texture	actors/walk_smoke/walk_smoke_4.ia16.inc.c	2048	[980848, 130720]
texture	actors/walk_smoke/walk_smoke_5.ia16.inc.c	2048	[980848, 132768]
texture	actors/walk_smoke/walk_smoke_6.ia16.inc.c	2048	[980848, 134816]
texture	actors/warp_pipe/warp_pipe_side.rgba16.inc.c	4096	[1950768, 32320]
texture	actors/warp_pipe/warp_pipe_top.rgba16.inc.c	2048	[1950768, 37224]
texture	actors/water_bubble/water_bubble.rgba16.inc.c	2048	[1113408, 65152]
texture	actors/water_mine/water_mine_left_side_unused.rgba16.inc.c	4096	[1455200, 359440]
texture	actors/water_mine/water_mine_right_side_unused.rgba16.inc.c	4096	[1455200, 363536]
texture	actors/water_mine/water_mine_spike_unused.rgba16.inc.c	2048	[1455200, 367632]
texture	actors/water_ring/water_ring.rgba16.inc.c	4096	[1658080, 74624]
texture	actors/water_splash/water_splash_0.rgba16.inc.c	4096	[980848, 173512]
texture	actors/water_splash/water_splash_1.rgba16.inc.c	4096	[980848, 177608]
texture	actors/water_splash/water_splash_2.rgba16.inc.c	4096	[980848, 181704]
texture	actors/water_splash/water_splash_3.rgba16.inc.c	4096	[980848, 185800]
texture	actors/water_splash/water_splash_4.rgba16.inc.c	4096	[980848, 189896]
texture	actors/water_splash/water_splash_5.rgba16.inc.c	4096	[980848, 193992]
texture	actors/water_splash/water_splash_6.rgba16.inc.c	4096	[980848, 198088]
texture	actors/water_splash/water_splash_7.rgba16.inc.c	4096	[980848, 202184]
texture	actors/water_wave/water_wave_0.ia16.inc.c	2048	[980848, 152408]
texture	actors/water_wave/water_wave_1.ia16.inc.c	2048	[980848, 154456]
texture	actors/water_wave/water_wave_2.ia16.inc.c	2048	[980848, 156504]
texture	actors/water_wave/water_wave_3.ia16.inc.c	2048	[980848, 158552]
texture	actors/whirlpool/whirlpool.ia16.inc.c	4096	[1141040, 75848]
texture	actors/white_particle/snow_particle.rgba16.inc.c	512	[1950768, 181920]
texture	actors/white_particle_small/small_snow_particle.rgba16.inc.c	512	[980848, 206720]
texture	actors/whomp/whomp_back.rgba16.inc.c	4096	[1700432, 115552]
texture	actors/whomp/whomp_face.rgba16.inc.c	4096	[1700432, 119648]
texture	actors/whomp/whomp_hand.rgba16.inc.c	2048	[1700432, 123744]
texture	actors/whomp/whomp_surface.rgba16.inc.c	2048	[1700432, 125792]
texture	actors/wiggler/wiggler_eye.rgba16.inc.c	2048	[1424336, 31280]
texture	actors/wiggler/wiggler_flower.rgba16.inc.c	2048	[1424336, 33328]
texture	actors/wiggler/wiggler_frown.rgba16.inc.c	2048	[1424336, 35376]
texture	actors/wiggler/wiggler_nose_left_side.rgba16.inc.c	4096	[1424336, 37424]
texture	actors/wiggler/wiggler_nose_right_side.rgba16.inc.c	4096	[1424336, 41520]
texture	actors/wiggler/wiggler_segment_left_side.rgba16.inc.c	4096	[1424336, 23088]
texture	actors/wiggler/wiggler_segment_right_side.rgba16.inc.c	4096	[1424336, 27184]
texture	actors/wooden_signpost/wooden_signpost_back.rgba16.inc.c	2048	[1950768, 182728]
texture	actors/wooden_signpost/wooden_signpost_front.rgba16.inc.c	2048	[1950768, 184776]
texture	actors/yellow_sphere/yellow_sphere.rgba16.inc.c	2048	[1071104, 64]
texture	actors/yellow_sphere_small/small_yellow_sphere.rgba16.inc.c	2048	[1071104, 64]
texture	actors/yoshi/yoshi_eye.rgba16.inc.c	512	[1345680, 116104]
texture	actors/yoshi/yoshi_eye_blink.rgba16.inc.c	512	[1345680, 116616]
texture	actors/yoshi/yoshi_nostril.rgba16.inc.c	512	[1345680, 117128]
texture	actors/yoshi_egg/yoshi_egg_0_unused.rgba16.inc.c	2048	[1071104, 22456]
texture	actors/yoshi_egg/yoshi_egg_1_unused.rgba16.inc.c	2048	[1071104, 24504]
texture	actors/yoshi_egg/yoshi_egg_2_unused.rgba16.inc.c	2048	[1071104, 26552]
texture	actors/yoshi_egg/yoshi_egg_3_unused.rgba16.inc.c	2048	[1071104, 28600]
texture	actors/yoshi_egg/yoshi_egg_4_unused.rgba16.inc.c	2048	[1071104, 30648]
texture	actors/yoshi_egg/yoshi_egg_5_unused.rgba16.inc.c	2048	[1071104, 32696]
texture	actors/yoshi_egg/yoshi_egg_6_unused.rgba16.inc.c	2048	[1071104, 34744]
texture	actors/yoshi_egg/yoshi_egg_7_unused.rgba16.inc.c	2048	[1071104, 36792]
demo	assets/demos/bbh.bin	988	[5589632]
demo	assets/demos/bitdw.bin	1412	[5595068]
demo	assets/demos/ccm.bin	1320	[5590620]
demo	assets/demos/hmc.bin	980	[5591940]
demo	assets/demos/jrb.bin	620	[5592920]
demo	assets/demos/pss.bin	748	[5594212]
demo	assets/demos/unused.bin	108	[5594960]
demo	assets/demos/wf.bin	672	[5593540]
skybox	bin/bbh_skybox.c	84288	[2973648, 0]
skybox	bin/bidw_skybox.c	131392	[3001072, 0]
skybox	bin/bitfs_skybox.c	102720	[2797152, 0]
skybox	bin/bits_skybox.c	131392	[3046624, 0]
skybox	bin/ccm_skybox.c	131392	[2702640, 0]
skybox	bin/cloud_floor_skybox.c	131392	[2893472, 0]
skybox	bin/clouds_skybox.c	84288	[2761200, 0]
skybox	bin/ssl_skybox.c	131392	[2933504, 0]
skybox	bin/water_skybox.c	131392	[2651344, 0]
skybox	bin/wdw_skybox.c	131392	[2822928, 0]
texture	levels/bbh/0.rgba16.inc.c	4096	[3459680, 0]
texture	levels/bbh/1.rgba16.inc.c	2048	[3459680, 4096]
texture	levels/bbh/2.rgba16.inc.c	2048	[3459680, 6144]
texture	levels/bbh/3.rgba16.inc.c	4096	[3459680, 8192]
texture	levels/bbh/4.rgba16.inc.c	1024	[3459680, 12288]
texture	levels/bbh/5.rgba16.inc.c	4096	[3459680, 13312]
texture	levels/bbh/6.rgba16.inc.c	1024	[3459680, 17408]
texture	levels/bitdw/0.rgba16.inc.c	2048	[4389920, 0]
texture	levels/bitdw/1.rgba16.inc.c	2048	[4389920, 2048]
texture	levels/bitdw/2.rgba16.inc.c	2048	[4389920, 4096]
texture	levels/bitdw/3.rgba16.inc.c	2048	[4389920, 6144]
texture	levels/bitfs/0.rgba16.inc.c	4096	[4440816, 0]
texture	levels/bitfs/1.rgba16.inc.c	2048	[4440816, 4096]
texture	levels/bitfs/2.rgba16.inc.c	2048	[4440816, 6144]
texture	levels/bits/0.rgba16.inc.c	4096	[4485568, 0]
texture	levels/bits/1.rgba16.inc.c	4096	[4485568, 4096]
texture	levels/bits/2.rgba16.inc.c	2048	[4485568, 8192]
texture	levels/bob/0.rgba16.inc.c	2048	[4026576, 0]
texture	levels/bob/1.rgba16.inc.c	2048	[4026576, 2048]
texture	levels/bob/2.rgba16.inc.c	2048	[4026576, 4096]
texture	levels/bob/3.rgba16.inc.c	2048	[4026576, 6144]
texture	levels/bob/4.rgba16.inc.c	2048	[4026576, 8192]
texture	levels/bowser_1/0.rgba16.inc.c	4096	[4839232, 0]
texture	levels/bowser_1/1.rgba16.inc.c	2048	[4839232, 4096]
texture	levels/bowser_1/2.rgba16.inc.c	2048	[4839232, 6144]
texture	levels/bowser_2/0.rgba16.inc.c	2048	[4884976, 0]
texture	levels/bowser_3/0.rgba16.inc.c	2048	[4889120, 0]
texture	levels/bowser_3/1.rgba16.inc.c	2048	[4889120, 2048]
texture	levels/bowser_3/2.rgba16.inc.c	4096	[4889120, 4096]
texture	levels/castle_grounds/0.rgba16.inc.c	4096	[4348384, 0]
texture	levels/castle_grounds/1.rgba16.inc.c	4096	[4348384, 4096]
texture	levels/castle_grounds/2.rgba16.inc.c	4096	[4348384, 8192]
texture	levels/castle_grounds/3.rgba16.inc.c	4096	[4348384, 51688]
texture	levels/castle_grounds/4.rgba16.inc.c	4096	[4348384, 55784]
texture	levels/castle_grounds/5.ia8.inc.c	2048	[4348384, 60136]
texture	levels/castle_inside/1.rgba16.inc.c	2048	[3608928, 2048]
texture	levels/castle_inside/10.rgba16.inc.c	2048	[3608928, 28672]
texture	levels/castle_inside/11.rgba16.inc.c	2048	[3608928, 30720]
texture	levels/castle_inside/12.rgba16.inc.c	2048	[3608928, 32768]
texture	levels/castle_inside/13.rgba16.inc.c	2048	[3608928, 34816]
texture	levels/castle_inside/14.rgba16.inc.c	2048	[3608928, 36864]
texture	levels/castle_inside/15.rgba16.inc.c	2048	[3608928, 38912]
texture	levels/castle_inside/16.ia16.inc.c	2048	[3608928, 40960]
texture	levels/castle_inside/17.rgba16.inc.c	4096	[3608928, 43008]
texture	levels/castle_inside/18.rgba16.inc.c	4096	[3608928, 47104]
texture	levels/castle_inside/19.rgba16.inc.c	4096	[3608928, 51200]
texture	levels/castle_inside/2.ia16.inc.c	4096	[3152992, 47104]
texture	levels/castle_inside/20.rgba16.inc.c	4096	[3608928, 55296]
texture	levels/castle_inside/21.rgba16.inc.c	4096	[3608928, 59392]
texture	levels/castle_inside/22.rgba16.inc.c	4096	[3608928, 63488]
texture	levels/castle_inside/23_us.rgba16.inc.c	4096	[3608928, 67584]
texture	levels/castle_inside/24_us.rgba16.inc.c	4096	[3608928, 71680]
texture	levels/castle_inside/25.rgba16.inc.c	4096	[3608928, 75776]
texture	levels/castle_inside/26.rgba16.inc.c	4096	[3608928, 79872]
texture	levels/castle_inside/27.rgba16.inc.c	4096	[3608928, 83968]
texture	levels/castle_inside/28.rgba16.inc.c	4096	[3608928, 88064]
texture	levels/castle_inside/29.rgba16.inc.c	2048	[3608928, 92160]
texture	levels/castle_inside/3.rgba16.inc.c	4096	[3608928, 8192]
texture	levels/castle_inside/30.rgba16.inc.c	2048	[3608928, 94208]
texture	levels/castle_inside/31.rgba16.inc.c	4096	[3608928, 96256]
texture	levels/castle_inside/32.rgba16.inc.c	4096	[3608928, 100352]
texture	levels/castle_inside/33.rgba16.inc.c	4096	[3608928, 104448]
texture	levels/castle_inside/34.rgba16.inc.c	4096	[3608928, 108544]
texture	levels/castle_inside/35.rgba16.inc.c	4096	[3608928, 112640]
texture	levels/castle_inside/36.rgba16.inc.c	4096	[3608928, 116736]
texture	levels/castle_inside/37.rgba16.inc.c	4096	[3608928, 120832]
texture	levels/castle_inside/38.rgba16.inc.c	4096	[3608928, 124928]
texture	levels/castle_inside/39.rgba16.inc.c	4096	[3608928, 129024]
texture	levels/castle_inside/4.rgba16.inc.c	2048	[3608928, 12288]
texture	levels/castle_inside/40.rgba16.inc.c	4096	[3608928, 133120]
texture	levels/castle_inside/5.rgba16.inc.c	4096	[3608928, 14336]
texture	levels/castle_inside/6.rgba16.inc.c	4096	[3608928, 18432]
texture	levels/castle_inside/7.rgba16.inc.c	2048	[3608928, 22528]
texture	levels/castle_inside/8.rgba16.inc.c	2048	[3608928, 24576]
texture	levels/castle_inside/9.rgba16.inc.c	2048	[3608928, 26624]
texture	levels/castle_inside/castle_light.ia16.inc.c	2048	[3287152, 47104]
texture	levels/ccm/0.rgba16.inc.c	2048	[3532656, 0]
texture	levels/ccm/1.rgba16.inc.c	256	[3532656, 2048]
texture	levels/ccm/10.rgba16.inc.c	2048	[3532656, 17152]
texture	levels/ccm/11.rgba16.inc.c	2048	[3532656, 19200]
texture	levels/ccm/12.rgba16.inc.c	2048	[3532656, 72024]
texture	levels/ccm/2.rgba16.inc.c	2048	[3532656, 2304]
texture	levels/ccm/3.rgba16.inc.c	2048	[3532656, 4352]
texture	levels/ccm/4.rgba16.inc.c	2048	[3532656, 6400]
texture	levels/ccm/5.rgba16.inc.c	2048	[1291920, 48240]
texture	levels/ccm/6.rgba16.inc.c	2048	[1291920, 46192]
texture	levels/ccm/7.rgba16.inc.c	2048	[3532656, 12544]
texture	levels/ccm/8.ia16.inc.c	512	[3532656, 14592]
texture	levels/ccm/9.ia16.inc.c	2048	[3532656, 15104]
texture	levels/cotmc/0.rgba16.inc.c	4096	[4796144, 0]
texture	levels/cotmc/1.rgba16.inc.c	2048	[4796144, 4096]
texture	levels/cotmc/2.rgba16.inc.c	2048	[4796144, 6144]
texture	levels/cotmc/3.rgba16.inc.c	2048	[4796144, 8192]
texture	levels/cotmc/4.rgba16.inc.c	2048	[4796144, 10240]
texture	levels/ddd/0.rgba16.inc.c	4096	[4622160, 0]
texture	levels/ddd/1.rgba16.inc.c	2048	[3287152, 4096]
texture	levels/ddd/2.rgba16.inc.c	2048	[4622160, 6144]
texture	levels/ddd/3.rgba16.inc.c	4096	[4622160, 8192]
texture	levels/ddd/4.rgba16.inc.c	2048	[4622160, 12288]
cake	levels/ending/cake.inc.c	153600	[4691248, 0]
texture	levels/hmc/0.rgba16.inc.c	4096	[3849184, 0]
texture	levels/hmc/1.rgba16.inc.c	4096	[3849184, 4096]
texture	levels/hmc/2.rgba16.inc.c	4096	[3849184, 8192]
texture	levels/hmc/3.rgba16.inc.c	2048	[3849184, 12288]
texture	levels/hmc/4.rgba16.inc.c	2048	[3849184, 14336]
texture	levels/hmc/5.rgba16.inc.c	2048	[3849184, 16384]
texture	levels/hmc/6.rgba16.inc.c	4096	[3849184, 18432]
texture	levels/hmc/7.rgba16.inc.c	2048	[3608928, 92160]
texture	levels/intro/0.rgba16.inc.c	2048	[2377888, 32416]
texture	levels/intro/1.rgba16.inc.c	2048	[2377888, 34464]
texture	levels/intro/2_eu_copyright.rgba16.inc.c	4096	[2377888, 46240]
texture	levels/intro/3_sh_tm.rgba16.inc.c	512	[2377888, 50336]
texture	levels/jrb/0.rgba16.inc.c	2048	[3287152, 4096]
texture	levels/jrb/1.rgba16.inc.c	4096	[4150656, 2048]
texture	levels/jrb/2.rgba16.inc.c	2048	[4150656, 6144]
texture	levels/jrb/3.rgba16.inc.c	2048	[4150656, 8192]
texture	levels/lll/0.rgba16.inc.c	2048	[4534976, 0]
texture	levels/lll/1.rgba16.inc.c	2048	[4534976, 2048]
texture	levels/lll/10.rgba16.inc.c	2048	[4534976, 20480]
texture	levels/lll/11.rgba16.inc.c	2048	[4534976, 22528]
texture	levels/lll/12.rgba16.inc.c	2048	[4534976, 24576]
texture	levels/lll/13.rgba16.inc.c	2048	[4534976, 26624]
texture	levels/lll/14.rgba16.inc.c	2048	[4534976, 28672]
texture	levels/lll/15.rgba16.inc.c	2048	[4534976, 30720]
texture	levels/lll/16.rgba16.inc.c	2048	[4534976, 32768]
texture	levels/lll/17.rgba16.inc.c	2048	[4534976, 34816]
texture	levels/lll/18.rgba16.inc.c	2048	[4534976, 36864]
texture	levels/lll/19.rgba16.inc.c	2048	[4534976, 38912]
texture	levels/lll/2.rgba16.inc.c	2048	[4534976, 4096]
texture	levels/lll/20.rgba16.inc.c	2048	[4534976, 40960]
texture	levels/lll/21.rgba16.inc.c	2048	[4534976, 43008]
texture	levels/lll/22.rgba16.inc.c	2048	[4534976, 45056]
texture	levels/lll/23.rgba16.inc.c	2048	[4534976, 47104]
texture	levels/lll/24.rgba16.inc.c	2048	[4534976, 49152]
texture	levels/lll/25.rgba16.inc.c	2048	[4534976, 51200]
texture	levels/lll/26.rgba16.inc.c	512	[4534976, 53248]
texture	levels/lll/27.ia16.inc.c	512	[3532656, 14592]
texture	levels/lll/28.rgba16.inc.c	2048	[4534976, 54272]
texture	levels/lll/29.rgba16.inc.c	2048	[4534976, 56320]
texture	levels/lll/3.rgba16.inc.c	2048	[4534976, 6144]
texture	levels/lll/30.rgba16.inc.c	2048	[4534976, 58368]
texture	levels/lll/31.rgba16.inc.c	2048	[4534976, 60416]
texture	levels/lll/32.rgba16.inc.c	2048	[4534976, 62464]
texture	levels/lll/4.rgba16.inc.c	2048	[4534976, 8192]
texture	levels/lll/5.rgba16.inc.c	2048	[4534976, 10240]
texture	levels/lll/6.rgba16.inc.c	2048	[4534976, 12288]
texture	levels/lll/7.rgba16.inc.c	2048	[3117040, 6144]
texture	levels/lll/8.rgba16.inc.c	2048	[4534976, 16384]
texture	levels/lll/9.rgba16.inc.c	2048	[4534976, 18432]
texture	levels/menu/main_menu_seg7.00018.rgba16.inc.c	2048	[2625456, 24]
texture	levels/menu/main_menu_seg7.00818.rgba16.inc.c	2048	[2625456, 2072]
texture	levels/menu/main_menu_seg7.01018.rgba16.inc.c	4096	[2625456, 4120]
texture	levels/menu/main_menu_seg7.02018.rgba16.inc.c	4096	[2625456, 8216]
texture	levels/menu/main_menu_seg7.03468.rgba16.inc.c	2048	[2625456, 13416]
texture	levels/menu/main_menu_seg7.03C68.rgba16.inc.c	2048	[2625456, 15464]
texture	levels/menu/main_menu_seg7.04468.rgba16.inc.c	2048	[2625456, 17512]
texture	levels/menu/main_menu_seg7.04C68.rgba16.inc.c	2048	[2625456, 19560]
texture	levels/menu/main_menu_seg7.05468.rgba16.inc.c	2048	[2625456, 21608]
texture	levels/menu/main_menu_seg7.06328.rgba16.inc.c	2048	[2625456, 25384]
texture	levels/menu/main_menu_seg7.06B28.rgba16.inc.c	2048	[2625456, 27432]
texture	levels/menu/main_menu_seg7.073D0.rgba16.inc.c	512	[2625456, 29648]
texture	levels/menu/main_menu_seg7.075D0.rgba16.inc.c	512	[2625456, 30160]
texture	levels/menu/main_menu_seg7.077D0.rgba16.inc.c	512	[2625456, 30672]
texture	levels/menu/main_menu_seg7.079D0.rgba16.inc.c	512	[2625456, 31184]
texture	levels/menu/main_menu_seg7.07BD0.rgba16.inc.c	512	[2625456, 31696]
texture	levels/menu/main_menu_seg7.07DD0.rgba16.inc.c	512	[2625456, 32208]
texture	levels/menu/main_menu_seg7.07FD0.rgba16.inc.c	512	[2625456, 32720]
texture	levels/menu/main_menu_seg7.081D0.rgba16.inc.c	512	[2625456, 33232]
texture	levels/menu/main_menu_seg7.083D0.rgba16.inc.c	512	[2625456, 33744]
texture	levels/menu/main_menu_seg7.085D0.rgba16.inc.c	512	[2625456, 34256]
texture	levels/menu/main_menu_seg7.087D0.rgba16.inc.c	512	[2625456, 34768]
texture	levels/menu/main_menu_seg7.089D0.rgba16.inc.c	512	[2625456, 35280]
texture	levels/menu/main_menu_seg7.08BD0.rgba16.inc.c	512	[2625456, 35792]
texture	levels/menu/main_menu_seg7.08DD0.rgba16.inc.c	512	[2625456, 36304]
texture	levels/menu/main_menu_seg7.08FD0.rgba16.inc.c	512	[2625456, 36816]
texture	levels/menu/main_menu_seg7.091D0.rgba16.inc.c	512	[2625456, 37328]
texture	levels/menu/main_menu_seg7.093D0.rgba16.inc.c	512	[2625456, 37840]
texture	levels/menu/main_menu_seg7.095D0.rgba16.inc.c	512	[2625456, 38352]
texture	levels/menu/main_menu_seg7.097D0.rgba16.inc.c	512	[2625456, 38864]
texture	levels/menu/main_menu_seg7.099D0.rgba16.inc.c	512	[2625456, 39376]
texture	levels/menu/main_menu_seg7.09BD0.rgba16.inc.c	512	[2625456, 39888]
texture	levels/menu/main_menu_seg7.09DD0.rgba16.inc.c	512	[2625456, 40400]
texture	levels/menu/main_menu_seg7.09FD0.rgba16.inc.c	512	[2625456, 40912]
texture	levels/menu/main_menu_seg7.0A1D0.rgba16.inc.c	512	[934640, 20480]
texture	levels/menu/main_menu_seg7.0A3D0.rgba16.inc.c	512	[2625456, 41936]
texture	levels/menu/main_menu_seg7.0A5D0.rgba16.inc.c	512	[2625456, 42448]
texture	levels/menu/main_menu_seg7.0A7D0.rgba16.inc.c	512	[2625456, 42960]
texture	levels/menu/main_menu_seg7.0A9D0.rgba16.inc.c	512	[2625456, 43472]
texture	levels/menu/main_menu_seg7.0AC48.ia8.inc.c	64	[2625456, 44104]
texture	levels/menu/main_menu_seg7.0AC88.ia8.inc.c	64	[2625456, 44168]
texture	levels/menu/main_menu_seg7.0ACC8.ia8.inc.c	64	[2625456, 44232]
texture	levels/menu/main_menu_seg7.0AD08.ia8.inc.c	64	[2625456, 44296]
texture	levels/menu/main_menu_seg7.0AD48.ia8.inc.c	64	[2625456, 44360]
texture	levels/menu/main_menu_seg7.0AD88.ia8.inc.c	64	[2625456, 44424]
texture	levels/menu/main_menu_seg7.0ADC8.ia8.inc.c	64	[2625456, 44488]
texture	levels/menu/main_menu_seg7.0AE08.ia8.inc.c	64	[2625456, 44552]
texture	levels/menu/main_menu_seg7.0AE48.ia8.inc.c	64	[2625456, 44616]
texture	levels/menu/main_menu_seg7.0AE88.ia8.inc.c	64	[2625456, 44680]
texture	levels/menu/main_menu_seg7.0AEC8.ia8.inc.c	64	[2625456, 44744]
texture	levels/menu/main_menu_seg7.0AF08.ia8.inc.c	64	[2625456, 44808]
texture	levels/menu/main_menu_seg7.0AF48.ia8.inc.c	64	[2625456, 44872]
texture	levels/menu/main_menu_seg7.0AF88.ia8.inc.c	64	[2625456, 44936]
texture	levels/menu/main_menu_seg7.0AFC8.ia8.inc.c	64	[2625456, 45000]
texture	levels/menu/main_menu_seg7.0B008.ia8.inc.c	64	[2625456, 45064]
texture	levels/menu/main_menu_seg7.0B048.ia8.inc.c	64	[2625456, 45128]
texture	levels/menu/main_menu_seg7.0B088.ia8.inc.c	64	[2625456, 45192]
texture	levels/menu/main_menu_seg7.0B0C8.ia8.inc.c	64	[2625456, 45256]
texture	levels/menu/main_menu_seg7.0B108.ia8.inc.c	64	[2625456, 45320]
texture	levels/menu/main_menu_seg7.0B148.ia8.inc.c	64	[2625456, 45384]
texture	levels/menu/main_menu_seg7.0B188.ia8.inc.c	64	[2625456, 45448]
texture	levels/menu/main_menu_seg7.0B1C8.ia8.inc.c	64	[2625456, 45512]
texture	levels/menu/main_menu_seg7.0B208.ia8.inc.c	64	[2625456, 45576]
texture	levels/menu/main_menu_seg7.0B248.ia8.inc.c	64	[2625456, 45640]
texture	levels/menu/main_menu_seg7.0B288.ia8.inc.c	64	[2625456, 45704]
texture	levels/menu/main_menu_seg7.0B2C8.ia8.inc.c	64	[2625456, 45768]
texture	levels/menu/main_menu_seg7.0B308.ia8.inc.c	64	[2625456, 45832]
texture	levels/menu/main_menu_seg7.0B348.ia8.inc.c	64	[2625456, 45896]
texture	levels/menu/main_menu_seg7.0B388.ia8.inc.c	64	[2625456, 45960]
texture	levels/menu/main_menu_seg7.0B3C8.ia8.inc.c	64	[2625456, 46024]
texture	levels/menu/main_menu_seg7.0B408.ia8.inc.c	64	[2625456, 46088]
texture	levels/menu/main_menu_seg7.0B448.ia8.inc.c	64	[2625456, 46152]
texture	levels/menu/main_menu_seg7.0B488.ia8.inc.c	64	[2625456, 46216]
texture	levels/menu/main_menu_seg7.0B4C8.ia8.inc.c	64	[2625456, 46280]
texture	levels/menu/main_menu_seg7.0B508.ia8.inc.c	64	[2625456, 46344]
texture	levels/menu/main_menu_seg7.0B548.ia8.inc.c	64	[2625456, 46408]
texture	levels/menu/main_menu_seg7.0B588.ia8.inc.c	64	[2625456, 46472]
texture	levels/menu/main_menu_seg7.0B5C8.ia8.inc.c	64	[2625456, 46536]
texture	levels/menu/main_menu_seg7.0B608.ia8.inc.c	64	[2625456, 46600]
texture	levels/menu/main_menu_seg7.0B648.ia8.inc.c	64	[2625456, 46664]
texture	levels/menu/main_menu_seg7.0B688.ia8.inc.c	64	[2625456, 46728]
texture	levels/menu/main_menu_seg7.0B6C8.ia8.inc.c	64	[2625456, 46792]
texture	levels/menu/main_menu_seg7.0B708.ia8.inc.c	64	[2625456, 46856]
texture	levels/menu/main_menu_seg7.0B748.ia8.inc.c	64	[2625456, 46920]
texture	levels/menu/main_menu_seg7.0B788.ia8.inc.c	64	[2625456, 46984]
texture	levels/menu/main_menu_seg7.0B7C8.ia8.inc.c	64	[2625456, 47048]
texture	levels/menu/main_menu_seg7.0B808.ia8.inc.c	64	[2625456, 47112]
texture	levels/menu/main_menu_seg7.0B848.ia8.inc.c	64	[2625456, 47176]
texture	levels/menu/main_menu_seg7.0B888.ia8.inc.c	64	[2625456, 47240]
texture	levels/menu/main_menu_seg7.0B8C8.ia8.inc.c	64	[2625456, 47304]
texture	levels/menu/main_menu_seg7.0B908.ia8.inc.c	64	[2625456, 47368]
texture	levels/menu/main_menu_seg7.0B948.ia8.inc.c	64	[2625456, 47432]
texture	levels/menu/main_menu_seg7.0B988.ia8.inc.c	64	[2625456, 47496]
texture	levels/menu/main_menu_seg7.0B9C8.ia8.inc.c	64	[2625456, 47560]
texture	levels/menu/main_menu_seg7.0BA08.ia8.inc.c	64	[2625456, 47624]
texture	levels/menu/main_menu_seg7.0BA48.ia8.inc.c	64	[2625456, 47688]
texture	levels/menu/main_menu_seg7.0BA88.ia8.inc.c	64	[2625456, 47752]
texture	levels/menu/main_menu_seg7.0BAC8.ia8.inc.c	64	[2625456, 47816]
texture	levels/menu/main_menu_seg7.0BB08.ia8.inc.c	64	[2625456, 47880]
texture	levels/menu/main_menu_seg7.0BB48.ia8.inc.c	64	[2625456, 47944]
texture	levels/menu/main_menu_seg7.0BB88.ia8.inc.c	64	[2625456, 48008]
texture	levels/menu/main_menu_seg7.0BBC8.ia8.inc.c	64	[2625456, 48072]
texture	levels/menu/main_menu_seg7.0BC08.ia8.inc.c	64	[2625456, 48136]
texture	levels/menu/main_menu_seg7.0BC48.ia8.inc.c	64	[2625456, 48200]
texture	levels/menu/main_menu_seg7.0BC88.ia8.inc.c	64	[2625456, 48264]
texture	levels/menu/main_menu_seg7.0BCC8.ia8.inc.c	64	[2625456, 48328]
texture	levels/menu/main_menu_seg7.0BD08.ia8.inc.c	64	[2625456, 48392]
texture	levels/menu/main_menu_seg7.0BD48.ia8.inc.c	64	[2625456, 48456]
texture	levels/menu/main_menu_seg7.0BD88.ia8.inc.c	64	[2625456, 48520]
texture	levels/menu/main_menu_seg7.0BDC8.ia8.inc.c	64	[2625456, 48584]
texture	levels/menu/main_menu_seg7.0BE08.ia8.inc.c	64	[2625456, 48648]
texture	levels/menu/main_menu_seg7.0BE48.ia8.inc.c	64	[2625456, 48712]
texture	levels/menu/main_menu_seg7.0BE88.ia8.inc.c	64	[2625456, 48776]
texture	levels/menu/main_menu_seg7.0BEC8.ia8.inc.c	64	[2625456, 48840]
texture	levels/menu/main_menu_seg7.0BF08.ia8.inc.c	64	[2625456, 48904]
texture	levels/menu/main_menu_seg7.0BF48.ia8.inc.c	64	[2625456, 48968]
texture	levels/menu/main_menu_seg7.0BF88.ia8.inc.c	64	[2625456, 49032]
texture	levels/menu/main_menu_seg7.0BFC8.ia8.inc.c	64	[2625456, 49096]
texture	levels/menu/main_menu_seg7.0C008.ia8.inc.c	64	[2625456, 49160]
texture	levels/menu/main_menu_seg7.0C048.ia8.inc.c	64	[2625456, 49224]
texture	levels/menu/main_menu_seg7.0C088.ia8.inc.c	64	[2625456, 49288]
texture	levels/menu/main_menu_seg7.0C0C8.ia8.inc.c	64	[2625456, 49352]
texture	levels/menu/main_menu_seg7.0C108.ia8.inc.c	64	[2625456, 49416]
texture	levels/menu/main_menu_seg7.0C148.ia8.inc.c	64	[2625456, 49480]
texture	levels/menu/main_menu_seg7.0C188.ia8.inc.c	64	[2625456, 49544]
texture	levels/menu/main_menu_seg7.0C1C8.ia8.inc.c	64	[2625456, 49608]
texture	levels/menu/main_menu_seg7.0C208.ia8.inc.c	64	[2625456, 49672]
texture	levels/menu/main_menu_seg7.0C248.ia8.inc.c	64	[2625456, 49736]
texture	levels/menu/main_menu_seg7.0C288.ia8.inc.c	64	[2625456, 49800]
texture	levels/menu/main_menu_seg7.0C2C8.ia8.inc.c	64	[2625456, 49864]
texture	levels/menu/main_menu_seg7.0C308.ia8.inc.c	64	[2625456, 49928]
texture	levels/menu/main_menu_seg7.0C348.ia8.inc.c	64	[2625456, 49992]
texture	levels/menu/main_menu_seg7.0C388.ia8.inc.c	64	[2625456, 50056]
texture	levels/menu/main_menu_seg7.0C3C8.ia8.inc.c	64	[2625456, 50120]
texture	levels/menu/main_menu_seg7.0C408.ia8.inc.c	64	[2625456, 50184]
texture	levels/menu/main_menu_seg7.0C448.ia8.inc.c	64	[2625456, 46536]
texture	levels/menu/main_menu_seg7.0C488.ia8.inc.c	64	[2625456, 50312]
texture	levels/menu/main_menu_seg7.0C4C8.ia8.inc.c	64	[2625456, 50376]
texture	levels/menu/main_menu_seg7.0C508.ia8.inc.c	64	[2625456, 50440]
texture	levels/menu/main_menu_seg7.0C548.ia8.inc.c	64	[2625456, 50504]
texture	levels/menu/main_menu_seg7.0C588.ia8.inc.c	64	[2625456, 50568]
texture	levels/menu/main_menu_seg7.0C5C8.ia8.inc.c	64	[2625456, 50632]
texture	levels/menu/main_menu_seg7.0C608.ia8.inc.c	64	[2625456, 50696]
texture	levels/menu/main_menu_seg7.0C648.ia8.inc.c	64	[2625456, 50760]
texture	levels/menu/main_menu_seg7.0C688.ia8.inc.c	64	[2625456, 50824]
texture	levels/menu/main_menu_seg7.0C6C8.ia8.inc.c	64	[2625456, 50888]
texture	levels/menu/main_menu_seg7.0C708.ia8.inc.c	64	[2625456, 50952]
texture	levels/menu/main_menu_seg7.0C748.ia8.inc.c	64	[2625456, 51016]
texture	levels/menu/main_menu_seg7.0C788.ia8.inc.c	64	[2625456, 51080]
texture	levels/menu/main_menu_seg7.0C7C8.ia8.inc.c	64	[2625456, 51144]
texture	levels/menu/main_menu_seg7.0C808.ia8.inc.c	64	[2625456, 51208]
texture	levels/menu/main_menu_seg7.0C848.ia8.inc.c	64	[2625456, 51272]
texture	levels/menu/main_menu_seg7.0C888.ia8.inc.c	64	[2625456, 51336]
texture	levels/menu/main_menu_seg7.0C8C8.ia8.inc.c	64	[2625456, 51400]
texture	levels/menu/main_menu_seg7.0C908.ia8.inc.c	64	[2625456, 51464]
texture	levels/menu/main_menu_seg7.0C948.ia8.inc.c	64	[2625456, 51528]
texture	levels/menu/main_menu_seg7.0C988.ia8.inc.c	64	[2625456, 51592]
texture	levels/menu/main_menu_seg7.0C9C8.ia8.inc.c	64	[2625456, 51656]
texture	levels/menu/main_menu_seg7.0CA08.ia8.inc.c	64	[2625456, 51720]
texture	levels/menu/main_menu_seg7.0CA48.ia8.inc.c	64	[2625456, 51784]
texture	levels/menu/main_menu_seg7.0CA88.ia8.inc.c	64	[2625456, 51848]
texture	levels/menu/main_menu_seg7.0CAC8.ia8.inc.c	64	[2625456, 51912]
texture	levels/menu/main_menu_seg7.0CB08.ia8.inc.c	64	[2625456, 51976]
texture	levels/menu/main_menu_seg7.0CB48.ia8.inc.c	64	[2625456, 52040]
texture	levels/menu/main_menu_seg7.0CB88.ia8.inc.c	64	[2625456, 52104]
texture	levels/menu/main_menu_seg7.0CBC8.ia8.inc.c	64	[2625456, 52168]
texture	levels/menu/main_menu_seg7.0CC08.ia8.inc.c	64	[2625456, 52232]
texture	levels/menu/main_menu_seg7.0CC48.ia8.inc.c	64	[2625456, 52296]
texture	levels/menu/main_menu_seg7.0CC88.ia8.inc.c	64	[2625456, 52360]
texture	levels/menu/main_menu_seg7.0CCC8.ia8.inc.c	64	[2625456, 52424]
texture	levels/menu/main_menu_seg7.0D1A8.rgba16.inc.c	4096	[2625456, 53672]
texture	levels/menu/main_menu_seg7.0E1A8.rgba16.inc.c	4096	[2625456, 57768]
texture	levels/pss/0.rgba16.inc.c	2048	[4761424, 0]
texture	levels/pss/1.ia16.inc.c	2048	[4761424, 2048]
texture	levels/pss/2.rgba16.inc.c	2048	[4761424, 4096]
texture	levels/rr/1.rgba16.inc.c	4096	[4269712, 2048]
texture	levels/rr/2.rgba16.inc.c	2048	[4269712, 6144]
texture	levels/rr/quarter_flying_carpet.rgba16.inc.c	2048	[4269712, 0]
texture	levels/sl/0.rgba16.inc.c	2048	[4066768, 0]
texture	levels/sl/1.rgba16.inc.c	2048	[4066768, 2048]
texture	levels/sl/2.rgba16.inc.c	2048	[4066768, 4096]
texture	levels/sl/3.rgba16.inc.c	2048	[4066768, 6144]
texture	levels/sl/4.rgba16.inc.c	2048	[4066768, 8192]
texture	levels/ssl/0.rgba16.inc.c	2048	[3941584, 0]
texture	levels/ssl/1.ia16.inc.c	2048	[3941584, 2048]
texture	levels/ssl/10.rgba16.inc.c	4096	[3941584, 55208]
texture	levels/ssl/11.rgba16.inc.c	4096	[3941584, 59304]
texture	levels/ssl/2.rgba16.inc.c	2048	[3941584, 4096]
texture	levels/ssl/3.rgba16.inc.c	2048	[3941584, 6144]
texture	levels/ssl/4.rgba16.inc.c	2048	[3941584, 8192]
texture	levels/ssl/5.rgba16.inc.c	4096	[3941584, 10240]
texture	levels/ssl/6.rgba16.inc.c	2048	[3941584, 14336]
texture	levels/ssl/7.rgba16.inc.c	2048	[3178128, 32768]
texture	levels/ssl/8.rgba16.inc.c	2048	[3941584, 49064]
texture	levels/ssl/9.rgba16.inc.c	4096	[3941584, 51112]
texture	levels/thi/0.rgba16.inc.c	2048	[4191472, 0]
texture	levels/thi/1.rgba16.inc.c	2048	[4191472, 2048]
texture	levels/totwc/0.rgba16.inc.c	4096	[4823632, 0]
texture	levels/totwc/1.rgba16.inc.c	2048	[4823632, 4096]
texture	levels/totwc/2.rgba16.inc.c	2048	[4823632, 6144]
texture	levels/totwc/3.ia16.inc.c	2048	[4823632, 8192]
texture	levels/ttc/0.rgba16.inc.c	2048	[4226368, 0]
texture	levels/ttc/1.rgba16.inc.c	2048	[4226368, 2048]
texture	levels/ttc/2.rgba16.inc.c	2048	[4226368, 90000]
texture	levels/ttm/0.ia16.inc.c	2048	[4900656, 0]
texture	levels/ttm/1.rgba16.inc.c	2048	[4900656, 2048]
texture	levels/ttm/2.rgba16.inc.c	2048	[4900656, 4096]
texture	levels/ttm/3.rgba16.inc.c	2048	[4900656, 6144]
texture	levels/ttm/4.rgba16.inc.c	2048	[4900656, 8192]
texture	levels/ttm/5.rgba16.inc.c	2048	[4900656, 10240]
texture	levels/ttm/6.rgba16.inc.c	4096	[4900656, 12288]
texture	levels/ttm/7.rgba16.inc.c	4096	[4900656, 16384]
texture	levels/ttm/8.rgba16.inc.c	2048	[3327872, 43008]
texture	levels/vcutm/0.rgba16.inc.c	2048	[4420640, 0]
texture	levels/vcutm/1.rgba16.inc.c	4096	[4420640, 2048]
texture	levels/vcutm/2.rgba16.inc.c	4096	[4420640, 6144]
texture	levels/vcutm/3.rgba16.inc.c	2048	[4420640, 10240]
texture	levels/wdw/0.rgba16.inc.c	2048	[4103056, 0]
texture	levels/wdw/1.rgba16.inc.c	2048	[4103056, 2048]
texture	levels/wdw/2.rgba16.inc.c	2048	[4103056, 4096]
texture	levels/wdw/3.rgba16.inc.c	2048	[4103056, 6144]
texture	levels/wdw/4.rgba16.inc.c	2048	[4103056, 8192]
texture	levels/wf/0.rgba16.inc.c	2048	[4656816, 0]
texture	levels/wf/1.rgba16.inc.c	2048	[4656816, 2048]
texture	levels/wf/2.rgba16.inc.c	2048	[4656816, 4096]
texture	levels/wf/3.rgba16.inc.c	2048	[4656816, 6144]
texture	levels/wf/4.rgba16.inc.c	2048	[4656816, 8192]
texture	levels/wf/5.ia8.inc.c	256	[934640, 62296]
texture	levels/wmotr/0.rgba16.inc.c	2048	[4845888, 0]
texture	levels/wmotr/1.rgba16.inc.c	1024	[4845888, 2048]
texture	levels/wmotr/2.rgba16.inc.c	2048	[4845888, 3072]
texture	levels/wmotr/3.rgba16.inc.c	512	[4845888, 5120]
texture	levels/wmotr/4.rgba16.inc.c	512	[4845888, 5632]
texture	textures/cave/hmc_textures.00000.rgba16.inc.c	4096	[3287152, 0]
texture	textures/cave/hmc_textures.01000.rgba16.inc.c	2048	[3287152, 4096]
texture	textures/cave/hmc_textures.01800.rgba16.inc.c	4096	[3287152, 6144]
texture	textures/cave/hmc_textures.02800.rgba16.inc.c	2048	[3287152, 10240]
texture	textures/cave/hmc_textures.03000.rgba16.inc.c	2048	[3287152, 12288]
texture	textures/cave/hmc_textures.03800.rgba16.inc.c	4096	[3287152, 14336]
texture	textures/cave/hmc_textures.04800.rgba16.inc.c	4096	[3287152, 18432]
texture	textures/cave/hmc_textures.05800.rgba16.inc.c	4096	[3287152, 22528]
texture	textures/cave/hmc_textures.06800.rgba16.inc.c	2048	[3287152, 26624]
texture	textures/cave/hmc_textures.07000.rgba16.inc.c	2048	[3287152, 28672]
texture	textures/cave/hmc_textures.07800.rgba16.inc.c	4096	[3287152, 30720]
texture	textures/cave/hmc_textures.08800.rgba16.inc.c	4096	[3287152, 34816]
texture	textures/cave/hmc_textures.09800.rgba16.inc.c	2048	[3287152, 38912]
texture	textures/cave/hmc_textures.0A000.rgba16.inc.c	2048	[3287152, 40960]
texture	textures/cave/hmc_textures.0A800.rgba16.inc.c	4096	[3287152, 43008]
texture	textures/cave/hmc_textures.0B800.ia16.inc.c	2048	[3287152, 47104]
texture	textures/cave/hmc_textures.0C000.ia16.inc.c	2048	[3152992, 43008]
texture	textures/crash_screen/crash_screen_font.ia1.inc.c	252	[805680]
texture	textures/effect/bubble.06048.rgba16.inc.c	2048	[3449680, 24648]
texture	textures/effect/flower.00008.rgba16.inc.c	2048	[3449680, 8]
texture	textures/effect/flower.00808.rgba16.inc.c	2048	[3449680, 2056]
texture	textures/effect/flower.01008.rgba16.inc.c	2048	[3449680, 4104]
texture	textures/effect/flower.01808.rgba16.inc.c	2048	[3449680, 6152]
texture	textures/effect/lava_bubble.02020.rgba16.inc.c	2048	[3449680, 8224]
texture	textures/effect/lava_bubble.02820.rgba16.inc.c	2048	[3449680, 10272]
texture	textures/effect/lava_bubble.03020.rgba16.inc.c	2048	[3449680, 12320]
texture	textures/effect/lava_bubble.03820.rgba16.inc.c	2048	[3449680, 14368]
texture	textures/effect/lava_bubble.04020.rgba16.inc.c	2048	[3449680, 16416]
texture	textures/effect/lava_bubble.04820.rgba16.inc.c	2048	[3449680, 18464]
texture	textures/effect/lava_bubble.05020.rgba16.inc.c	2048	[3449680, 20512]
texture	textures/effect/lava_bubble.05820.rgba16.inc.c	2048	[3449680, 22560]
texture	textures/effect/tiny_bubble.0684C.rgba16.inc.c	512	[3449680, 26700]
texture	textures/effect/tiny_bubble.06AD8.rgba16.inc.c	512	[3449680, 27352]
texture	textures/fire/lll_textures.00000.rgba16.inc.c	2048	[3117040, 0]
texture	textures/fire/lll_textures.00800.rgba16.inc.c	2048	[3117040, 2048]
texture	textures/fire/lll_textures.01000.rgba16.inc.c	2048	[3117040, 4096]
texture	textures/fire/lll_textures.01800.rgba16.inc.c	2048	[3117040, 6144]
texture	textures/fire/lll_textures.02000.rgba16.inc.c	2048	[3117040, 8192]
texture	textures/fire/lll_textures.02800.rgba16.inc.c	2048	[3117040, 10240]
texture	textures/fire/lll_textures.03000.rgba16.inc.c	2048	[3117040, 12288]
texture	textures/fire/lll_textures.03800.rgba16.inc.c	2048	[3117040, 14336]
texture	textures/fire/lll_textures.04000.rgba16.inc.c	2048	[3117040, 16384]
texture	textures/fire/lll_textures.04800.rgba16.inc.c	2048	[3117040, 18432]
texture	textures/fire/lll_textures.05000.rgba16.inc.c	2048	[3117040, 20480]
texture	textures/fire/lll_textures.05800.rgba16.inc.c	2048	[3117040, 22528]
texture	textures/fire/lll_textures.06000.rgba16.inc.c	2048	[3117040, 24576]
texture	textures/fire/lll_textures.06800.rgba16.inc.c	2048	[3117040, 26624]
texture	textures/fire/lll_textures.07000.rgba16.inc.c	2048	[3117040, 28672]
texture	textures/fire/lll_textures.07800.rgba16.inc.c	2048	[3117040, 30720]
texture	textures/fire/lll_textures.08000.rgba16.inc.c	2048	[3117040, 32768]
texture	textures/fire/lll_textures.08800.rgba16.inc.c	2048	[3117040, 34816]
texture	textures/fire/lll_textures.09000.rgba16.inc.c	2048	[934640, 80984]
texture	textures/fire/lll_textures.09800.rgba16.inc.c	2048	[3117040, 38912]
texture	textures/fire/lll_textures.0A000.rgba16.inc.c	2048	[3117040, 40960]
texture	textures/fire/lll_textures.0A800.rgba16.inc.c	2048	[3117040, 43008]
texture	textures/fire/lll_textures.0B000.rgba16.inc.c	2048	[3117040, 45056]
texture	textures/fire/lll_textures.0B800.rgba16.inc.c	2048	[3117040, 47104]
texture	textures/generic/bob_textures.00000.rgba16.inc.c	2048	[3178128, 0]
texture	textures/generic/bob_textures.00800.rgba16.inc.c	2048	[1183408, 36160]
texture	textures/generic/bob_textures.01000.rgba16.inc.c	2048	[3178128, 4096]
texture	textures/generic/bob_textures.01800.rgba16.inc.c	2048	[3178128, 6144]
texture	textures/generic/bob_textures.02000.rgba16.inc.c	2048	[3178128, 8192]
texture	textures/generic/bob_textures.02800.rgba16.inc.c	2048	[3178128, 10240]
texture	textures/generic/bob_textures.03000.rgba16.inc.c	2048	[3178128, 12288]
texture	textures/generic/bob_textures.03800.rgba16.inc.c	2048	[3178128, 14336]
texture	textures/generic/bob_textures.04000.rgba16.inc.c	2048	[3178128, 16384]
texture	textures/generic/bob_textures.04800.rgba16.inc.c	2048	[3178128, 18432]
texture	textures/generic/bob_textures.05000.rgba16.inc.c	2048	[3178128, 20480]
texture	textures/generic/bob_textures.05800.rgba16.inc.c	2048	[3178128, 22528]
texture	textures/generic/bob_textures.06000.rgba16.inc.c	4096	[3178128, 24576]
texture	textures/generic/bob_textures.07000.rgba16.inc.c	2048	[3178128, 28672]
texture	textures/generic/bob_textures.07800.rgba16.inc.c	2048	[3178128, 30720]
texture	textures/generic/bob_textures.08000.rgba16.inc.c	2048	[3178128, 32768]
texture	textures/generic/bob_textures.08800.rgba16.inc.c	2048	[3178128, 34816]
texture	textures/generic/bob_textures.09000.rgba16.inc.c	2048	[3178128, 36864]
texture	textures/generic/bob_textures.09800.rgba16.inc.c	2048	[3178128, 38912]
texture	textures/generic/bob_textures.0A000.rgba16.inc.c	2048	[3178128, 40960]
texture	textures/generic/bob_textures.0A800.rgba16.inc.c	2048	[3178128, 43008]
texture	textures/generic/bob_textures.0B000.ia16.inc.c	2048	[3178128, 45056]
texture	textures/grass/wf_textures.00000.rgba16.inc.c	2048	[3350896, 0]
texture	textures/grass/wf_textures.00800.rgba16.inc.c	2048	[3350896, 2048]
texture	textures/grass/wf_textures.01000.rgba16.inc.c	2048	[3350896, 4096]
texture	textures/grass/wf_textures.01800.rgba16.inc.c	2048	[3350896, 6144]
texture	textures/grass/wf_textures.02000.rgba16.inc.c	2048	[3350896, 8192]
texture	textures/grass/wf_textures.02800.rgba16.inc.c	2048	[3350896, 10240]
texture	textures/grass/wf_textures.03000.rgba16.inc.c	2048	[3350896, 12288]
texture	textures/grass/wf_textures.03800.rgba16.inc.c	2048	[3350896, 14336]
texture	textures/grass/wf_textures.04000.rgba16.inc.c	2048	[3350896, 16384]
texture	textures/grass/wf_textures.04800.rgba16.inc.c	2048	[3350896, 18432]
texture	textures/grass/wf_textures.05000.rgba16.inc.c	2048	[3350896, 20480]
texture	textures/grass/wf_textures.05800.rgba16.inc.c	2048	[3350896, 22528]
texture	textures/grass/wf_textures.06000.rgba16.inc.c	2048	[3245360, 20480]
texture	textures/grass/wf_textures.06800.rgba16.inc.c	2048	[3350896, 26624]
texture	textures/grass/wf_textures.07000.rgba16.inc.c	2048	[3350896, 28672]
texture	textures/grass/wf_textures.07800.rgba16.inc.c	2048	[3350896, 30720]
texture	textures/grass/wf_textures.08000.rgba16.inc.c	2048	[3350896, 32768]
texture	textures/grass/wf_textures.08800.rgba16.inc.c	2048	[3350896, 34816]
texture	textures/grass/wf_textures.09000.rgba16.inc.c	2048	[3350896, 36864]
texture	textures/grass/wf_textures.09800.rgba16.inc.c	2048	[3350896, 38912]
texture	textures/grass/wf_textures.0A000.rgba16.inc.c	2048	[3350896, 40960]
texture	textures/grass/wf_textures.0A800.rgba16.inc.c	2048	[3350896, 43008]
texture	textures/grass/wf_textures.0B000.ia16.inc.c	2048	[3178128, 45056]
texture	textures/grass/wf_textures.0B800.ia16.inc.c	2048	[3350896, 47104]
texture	textures/inside/inside_castle_textures.00000.rgba16.inc.c	4096	[3409824, 0]
texture	textures/inside/inside_castle_textures.01000.rgba16.inc.c	4096	[3409824, 4096]
texture	textures/inside/inside_castle_textures.02000.rgba16.inc.c	4096	[3409824, 8192]
texture	textures/inside/inside_castle_textures.03000.rgba16.inc.c	2048	[3409824, 12288]
texture	textures/inside/inside_castle_textures.03800.rgba16.inc.c	2048	[3409824, 14336]
texture	textures/inside/inside_castle_textures.04000.rgba16.inc.c	2048	[3409824, 16384]
texture	textures/inside/inside_castle_textures.04800.rgba16.inc.c	2048	[3315072, 2048]
texture	textures/inside/inside_castle_textures.05000.rgba16.inc.c	2048	[3409824, 20480]
texture	textures/inside/inside_castle_textures.05800.rgba16.inc.c	2048	[3409824, 22528]
texture	textures/inside/inside_castle_textures.06000.rgba16.inc.c	4096	[3409824, 24576]
texture	textures/inside/inside_castle_textures.07000.rgba16.inc.c	4096	[3409824, 28672]
texture	textures/inside/inside_castle_textures.08000.rgba16.inc.c	2048	[3409824, 32768]
texture	textures/inside/inside_castle_textures.08800.rgba16.inc.c	2048	[3409824, 34816]
texture	textures/inside/inside_castle_textures.09000.rgba16.inc.c	4096	[3409824, 36864]
texture	textures/inside/inside_castle_textures.0A000.rgba16.inc.c	4096	[3409824, 40960]
texture	textures/inside/inside_castle_textures.0B000.rgba16.inc.c	2048	[3409824, 45056]
texture	textures/inside/inside_castle_textures.0B800.rgba16.inc.c	4096	[3409824, 47104]
texture	textures/intro_raw/hand_closed.rgba16.inc.c	2048	[2308680]
texture	textures/intro_raw/hand_open.rgba16.inc.c	2048	[2306624]
texture	textures/intro_raw/mario_face_shine.ia8.inc.c	1024	[2357264]
texture	textures/intro_raw/red_star_0.rgba16.inc.c	2048	[2310728]
texture	textures/intro_raw/red_star_1.rgba16.inc.c	2048	[2312776]
texture	textures/intro_raw/red_star_2.rgba16.inc.c	2048	[2314824]
texture	textures/intro_raw/red_star_3.rgba16.inc.c	2048	[2316872]
texture	textures/intro_raw/red_star_4.rgba16.inc.c	2048	[2318920]
texture	textures/intro_raw/red_star_5.rgba16.inc.c	2048	[2320968]
texture	textures/intro_raw/red_star_6.rgba16.inc.c	2048	[2323016]
texture	textures/intro_raw/red_star_7.rgba16.inc.c	2048	[2325064]
texture	textures/intro_raw/sparkle_0.rgba16.inc.c	2048	[2344264]
texture	textures/intro_raw/sparkle_1.rgba16.inc.c	2048	[2346312]
texture	textures/intro_raw/sparkle_2.rgba16.inc.c	2048	[2348360]
texture	textures/intro_raw/sparkle_3.rgba16.inc.c	2048	[2350408]
texture	textures/intro_raw/sparkle_4.rgba16.inc.c	2048	[2352456]
texture	textures/intro_raw/sparkle_5.rgba16.inc.c	2048	[2354504]
texture	textures/intro_raw/white_star_0.rgba16.inc.c	2048	[2327112]
texture	textures/intro_raw/white_star_1.rgba16.inc.c	2048	[2329160]
texture	textures/intro_raw/white_star_2.rgba16.inc.c	2048	[2331208]
texture	textures/intro_raw/white_star_3.rgba16.inc.c	2048	[2333256]
texture	textures/intro_raw/white_star_4.rgba16.inc.c	2048	[2335304]
texture	textures/intro_raw/white_star_5.rgba16.inc.c	2048	[2337352]
texture	textures/intro_raw/white_star_6.rgba16.inc.c	2048	[2339400]
texture	textures/intro_raw/white_star_7.rgba16.inc.c	2048	[2341448]
texture	textures/machine/ttc_textures.00000.rgba16.inc.c	2048	[3315072, 0]
texture	textures/machine/ttc_textures.00800.rgba16.inc.c	2048	[3315072, 2048]
texture	textures/machine/ttc_textures.01000.rgba16.inc.c	2048	[3315072, 4096]
texture	textures/machine/ttc_textures.01800.rgba16.inc.c	2048	[3315072, 6144]
texture	textures/machine/ttc_textures.02000.rgba16.inc.c	2048	[3315072, 8192]
texture	textures/machine/ttc_textures.02800.rgba16.inc.c	2048	[3315072, 10240]
texture	textures/machine/ttc_textures.03000.rgba16.inc.c	2048	[3315072, 12288]
texture	textures/machine/ttc_textures.03800.rgba16.inc.c	2048	[3315072, 14336]
texture	textures/machine/ttc_textures.04000.rgba16.inc.c	4096	[3315072, 16384]
texture	textures/machine/ttc_textures.05000.rgba16.inc.c	2048	[3315072, 20480]
texture	textures/machine/ttc_textures.05800.rgba16.inc.c	2048	[3315072, 22528]
texture	textures/machine/ttc_textures.06000.rgba16.inc.c	2048	[3315072, 24576]
texture	textures/machine/ttc_textures.06800.rgba16.inc.c	2048	[3315072, 26624]
texture	textures/machine/ttc_textures.07000.rgba16.inc.c	2048	[3315072, 28672]
texture	textures/machine/ttc_textures.07800.rgba16.inc.c	2048	[3315072, 30720]
texture	textures/machine/ttc_textures.08000.rgba16.inc.c	1024	[3315072, 32768]
texture	textures/machine/ttc_textures.08400.rgba16.inc.c	2048	[3315072, 33792]
texture	textures/mountain/ttm_textures.00000.rgba16.inc.c	2048	[3327872, 0]
texture	textures/mountain/ttm_textures.00800.rgba16.inc.c	4096	[3327872, 2048]
texture	textures/mountain/ttm_textures.01800.rgba16.inc.c	4096	[3327872, 6144]
texture	textures/mountain/ttm_textures.02800.rgba16.inc.c	2048	[3327872, 10240]
texture	textures/mountain/ttm_textures.03000.rgba16.inc.c	2048	[3327872, 12288]
texture	textures/mountain/ttm_textures.03800.rgba16.inc.c	2048	[3327872, 14336]
texture	textures/mountain/ttm_textures.04000.rgba16.inc.c	2048	[3327872, 16384]
texture	textures/mountain/ttm_textures.04800.rgba16.inc.c	2048	[3327872, 18432]
texture	textures/mountain/ttm_textures.05000.rgba16.inc.c	2048	[3327872, 20480]
texture	textures/mountain/ttm_textures.05800.rgba16.inc.c	4096	[3327872, 22528]
texture	textures/mountain/ttm_textures.06800.rgba16.inc.c	2048	[3327872, 26624]
texture	textures/mountain/ttm_textures.07000.rgba16.inc.c	2048	[3327872, 28672]
texture	textures/mountain/ttm_textures.07800.rgba16.inc.c	2048	[3327872, 30720]
texture	textures/mountain/ttm_textures.08000.rgba16.inc.c	2048	[3327872, 32768]
texture	textures/mountain/ttm_textures.08800.rgba16.inc.c	4096	[3327872, 34816]
texture	textures/mountain/ttm_textures.09800.rgba16.inc.c	2048	[3327872, 38912]
texture	textures/mountain/ttm_textures.0A000.rgba16.inc.c	2048	[3245360, 24576]
texture	textures/mountain/ttm_textures.0A800.rgba16.inc.c	2048	[3327872, 43008]
texture	textures/mountain/ttm_textures.0B000.rgba16.inc.c	2048	[3327872, 45056]
texture	textures/mountain/ttm_textures.0B800.rgba16.inc.c	2048	[3327872, 47104]
texture	textures/mountain/ttm_textures.0C000.rgba16.inc.c	2048	[3327872, 49152]
texture	textures/outside/castle_grounds_textures.00000.rgba16.inc.c	2048	[3382064, 0]
texture	textures/outside/castle_grounds_textures.00800.rgba16.inc.c	2048	[3382064, 2048]
texture	textures/outside/castle_grounds_textures.01000.rgba16.inc.c	4096	[3382064, 4096]
texture	textures/outside/castle_grounds_textures.02000.rgba16.inc.c	4096	[3382064, 8192]
texture	textures/outside/castle_grounds_textures.03000.rgba16.inc.c	2048	[3382064, 12288]
texture	textures/outside/castle_grounds_textures.03800.rgba16.inc.c	2048	[3382064, 14336]
texture	textures/outside/castle_grounds_textures.04000.rgba16.inc.c	2048	[3382064, 16384]
texture	textures/outside/castle_grounds_textures.04800.rgba16.inc.c	4096	[3382064, 18432]
texture	textures/outside/castle_grounds_textures.05800.rgba16.inc.c	2048	[3382064, 22528]
texture	textures/outside/castle_grounds_textures.06000.rgba16.inc.c	2048	[3382064, 24576]
texture	textures/outside/castle_grounds_textures.06800.rgba16.inc.c	4096	[3382064, 26624]
texture	textures/outside/castle_grounds_textures.07800.rgba16.inc.c	2048	[3382064, 30720]
texture	textures/outside/castle_grounds_textures.08000.rgba16.inc.c	2048	[3382064, 32768]
texture	textures/outside/castle_grounds_textures.08800.rgba16.inc.c	2048	[3382064, 34816]
texture	textures/outside/castle_grounds_textures.09000.rgba16.inc.c	2048	[3382064, 36864]
texture	textures/outside/castle_grounds_textures.09800.rgba16.inc.c	2048	[3382064, 38912]
texture	textures/outside/castle_grounds_textures.0A000.rgba16.inc.c	2048	[3382064, 40960]
texture	textures/outside/castle_grounds_textures.0A800.rgba16.inc.c	2048	[3382064, 43008]
texture	textures/outside/castle_grounds_textures.0B000.rgba16.inc.c	1024	[3382064, 45056]
texture	textures/outside/castle_grounds_textures.0B400.rgba16.inc.c	2048	[3382064, 46080]
texture	textures/outside/castle_grounds_textures.0BC00.ia16.inc.c	2048	[3178128, 45056]
texture	textures/segment2/segment2.00000.rgba16.inc.c	512	[934640, 0]
texture	textures/segment2/segment2.00200.rgba16.inc.c	512	[934640, 512]
texture	textures/segment2/segment2.00400.rgba16.inc.c	512	[934640, 1024]
texture	textures/segment2/segment2.00600.rgba16.inc.c	512	[934640, 1536]
texture	textures/segment2/segment2.00800.rgba16.inc.c	512	[934640, 2048]
texture	textures/segment2/segment2.00A00.rgba16.inc.c	512	[934640, 2560]
texture	textures/segment2/segment2.00C00.rgba16.inc.c	512	[934640, 3072]
texture	textures/segment2/segment2.00E00.rgba16.inc.c	512	[934640, 3584]
texture	textures/segment2/segment2.01000.rgba16.inc.c	512	[934640, 4096]
texture	textures/segment2/segment2.01200.rgba16.inc.c	512	[934640, 4608]
texture	textures/segment2/segment2.01400.rgba16.inc.c	512	[934640, 5120]
texture	textures/segment2/segment2.01600.rgba16.inc.c	512	[934640, 5632]
texture	textures/segment2/segment2.01800.rgba16.inc.c	512	[934640, 6144]
texture	textures/segment2/segment2.01A00.rgba16.inc.c	512	[934640, 6656]
texture	textures/segment2/segment2.01C00.rgba16.inc.c	512	[934640, 7168]
texture	textures/segment2/segment2.01E00.rgba16.inc.c	512	[934640, 7680]
texture	textures/segment2/segment2.02000.rgba16.inc.c	512	[934640, 8192]
texture	textures/segment2/segment2.02200.rgba16.inc.c	512	[934640, 8704]
texture	textures/segment2/segment2.02400.rgba16.inc.c	512	[934640, 9216]
texture	textures/segment2/segment2.02600.rgba16.inc.c	512	[934640, 9728]
texture	textures/segment2/segment2.02800.rgba16.inc.c	512	[934640, 10240]
texture	textures/segment2/segment2.02A00.rgba16.inc.c	512	[934640, 10752]
texture	textures/segment2/segment2.02C00.rgba16.inc.c	512	[934640, 11264]
texture	textures/segment2/segment2.02E00.rgba16.inc.c	512	[934640, 11776]
texture	textures/segment2/segment2.03000.rgba16.inc.c	512	[934640, 12288]
texture	textures/segment2/segment2.03200.rgba16.inc.c	512	[934640, 12800]
texture	textures/segment2/segment2.03400.rgba16.inc.c	512	[934640, 13312]
texture	textures/segment2/segment2.03600.rgba16.inc.c	512	[934640, 13824]
texture	textures/segment2/segment2.03800.rgba16.inc.c	512	[934640, 14336]
texture	textures/segment2/segment2.03A00.rgba16.inc.c	512	[934640, 14848]
texture	textures/segment2/segment2.03C00.rgba16.inc.c	512	[934640, 15360]
texture	textures/segment2/segment2.03E00.rgba16.inc.c	512	[934640, 15872]
texture	textures/segment2/segment2.04000.rgba16.inc.c	512	[934640, 16384]
texture	textures/segment2/segment2.04200.rgba16.inc.c	512	[934640, 16896]
texture	textures/segment2/segment2.04400.rgba16.inc.c	512	[934640, 17408]
texture	textures/segment2/segment2.04600.rgba16.inc.c	512	[934640, 17920]
texture	textures/segment2/segment2.04800.rgba16.inc.c	512	[934640, 18432]
texture	textures/segment2/segment2.04A00.rgba16.inc.c	512	[934640, 18944]
texture	textures/segment2/segment2.04C00.rgba16.inc.c	512	[934640, 19456]
texture	textures/segment2/segment2.04E00.rgba16.inc.c	512	[934640, 19968]
texture	textures/segment2/segment2.05000.rgba16.inc.c	512	[934640, 20480]
texture	textures/segment2/segment2.05200.rgba16.inc.c	512	[934640, 20992]
texture	textures/segment2/segment2.05400.rgba16.inc.c	512	[934640, 21504]
texture	textures/segment2/segment2.05600.rgba16.inc.c	512	[934640, 22016]
texture	textures/segment2/segment2.05800.rgba16.inc.c	512	[934640, 22528]
texture	textures/segment2/segment2.05A00.rgba16.inc.c	512	[934640, 23040]
texture	textures/segment2/segment2.05C00.rgba16.inc.c	512	[934640, 23552]
texture	textures/segment2/segment2.05E00.rgba16.inc.c	512	[934640, 24064]
texture	textures/segment2/segment2.06000.rgba16.inc.c	512	[934640, 24576]
texture	textures/segment2/segment2.06200.rgba16.inc.c	128	[934640, 25088]
texture	textures/segment2/segment2.06280.rgba16.inc.c	128	[934640, 25216]
texture	textures/segment2/segment2.06300.rgba16.inc.c	128	[934640, 25344]
texture	textures/segment2/segment2.06380.rgba16.inc.c	128	[934640, 25472]
texture	textures/segment2/segment2.06400.rgba16.inc.c	128	[934640, 25600]
texture	textures/segment2/segment2.06480.rgba16.inc.c	128	[934640, 25728]
texture	textures/segment2/segment2.06500.rgba16.inc.c	128	[934640, 25856]
texture	textures/segment2/segment2.06580.rgba16.inc.c	128	[934640, 25984]
texture	textures/segment2/segment2.06600.rgba16.inc.c	128	[934640, 26112]
texture	textures/segment2/segment2.06680.rgba16.inc.c	128	[934640, 26240]
texture	textures/segment2/segment2.06700.rgba16.inc.c	128	[934640, 26368]
texture	textures/segment2/segment2.06780.rgba16.inc.c	128	[934640, 26496]
texture	textures/segment2/segment2.06800.rgba16.inc.c	128	[934640, 26624]
texture	textures/segment2/segment2.06880.rgba16.inc.c	128	[934640, 26752]
texture	textures/segment2/segment2.06900.rgba16.inc.c	128	[934640, 26880]
texture	textures/segment2/segment2.06980.rgba16.inc.c	128	[934640, 27008]
texture	textures/segment2/segment2.06A00.rgba16.inc.c	128	[934640, 27136]
texture	textures/segment2/segment2.06A80.rgba16.inc.c	128	[934640, 27264]
texture	textures/segment2/segment2.06B00.rgba16.inc.c	128	[934640, 27392]
texture	textures/segment2/segment2.06B80.rgba16.inc.c	128	[934640, 27520]
texture	textures/segment2/segment2.06C00.rgba16.inc.c	128	[934640, 27648]
texture	textures/segment2/segment2.06C80.rgba16.inc.c	128	[934640, 27776]
texture	textures/segment2/segment2.06D00.rgba16.inc.c	128	[934640, 27904]
texture	textures/segment2/segment2.06D80.rgba16.inc.c	128	[934640, 28032]
texture	textures/segment2/segment2.06E00.rgba16.inc.c	128	[934640, 28160]
texture	textures/segment2/segment2.06E80.rgba16.inc.c	128	[934640, 28288]
texture	textures/segment2/segment2.06F00.rgba16.inc.c	128	[934640, 28416]
texture	textures/segment2/segment2.06F80.rgba16.inc.c	128	[934640, 28544]
texture	textures/segment2/segment2.07000.rgba16.inc.c	128	[934640, 28672]
texture	textures/segment2/segment2.07080.rgba16.inc.c	128	[934640, 28800]
texture	textures/segment2/segment2.07100.ia1.inc.c	16	[934640, 28928]
texture	textures/segment2/segment2.07110.ia1.inc.c	16	[934640, 28944]
texture	textures/segment2/segment2.07120.ia1.inc.c	16	[934640, 28960]
texture	textures/segment2/segment2.07130.ia1.inc.c	16	[934640, 28976]
texture	textures/segment2/segment2.07140.ia1.inc.c	16	[934640, 28992]
texture	textures/segment2/segment2.07150.ia1.inc.c	16	[934640, 29008]
texture	textures/segment2/segment2.07160.ia1.inc.c	16	[934640, 29024]
texture	textures/segment2/segment2.07170.ia1.inc.c	16	[934640, 29040]
texture	textures/segment2/segment2.07180.ia1.inc.c	16	[934640, 29056]
texture	textures/segment2/segment2.07190.ia1.inc.c	16	[934640, 29072]
texture	textures/segment2/segment2.071A0.ia1.inc.c	16	[934640, 29088]
texture	textures/segment2/segment2.071B0.ia1.inc.c	16	[934640, 29104]
texture	textures/segment2/segment2.071C0.ia1.inc.c	16	[934640, 29120]
texture	textures/segment2/segment2.071D0.ia1.inc.c	16	[934640, 29136]
texture	textures/segment2/segment2.071E0.ia1.inc.c	16	[934640, 29152]
texture	textures/segment2/segment2.071F0.ia1.inc.c	16	[934640, 29168]
texture	textures/segment2/segment2.07200.ia1.inc.c	16	[934640, 29184]
texture	textures/segment2/segment2.07210.ia1.inc.c	16	[934640, 29200]
texture	textures/segment2/segment2.07220.ia1.inc.c	16	[934640, 29216]
texture	textures/segment2/segment2.07230.ia1.inc.c	16	[934640, 29232]
texture	textures/segment2/segment2.07240.ia1.inc.c	16	[934640, 29248]
texture	textures/segment2/segment2.07250.ia1.inc.c	16	[934640, 29264]
texture	textures/segment2/segment2.07260.ia1.inc.c	16	[934640, 29280]
texture	textures/segment2/segment2.07270.ia1.inc.c	16	[934640, 29296]
texture	textures/segment2/segment2.07280.ia1.inc.c	16	[934640, 29312]
texture	textures/segment2/segment2.07290.ia1.inc.c	16	[934640, 29328]
texture	textures/segment2/segment2.072A0.ia1.inc.c	16	[934640, 29344]
texture	textures/segment2/segment2.072B0.ia1.inc.c	16	[934640, 29360]
texture	textures/segment2/segment2.072C0.ia1.inc.c	16	[934640, 29376]
texture	textures/segment2/segment2.072D0.ia1.inc.c	16	[934640, 29392]
texture	textures/segment2/segment2.072E0.ia1.inc.c	16	[934640, 29408]
texture	textures/segment2/segment2.072F0.ia1.inc.c	16	[934640, 29424]
texture	textures/segment2/segment2.07300.ia1.inc.c	16	[934640, 29440]
texture	textures/segment2/segment2.07310.ia1.inc.c	16	[934640, 29456]
texture	textures/segment2/segment2.07320.ia1.inc.c	16	[934640, 29472]
texture	textures/segment2/segment2.07330.ia1.inc.c	16	[934640, 29488]
texture	textures/segment2/segment2.07340.ia1.inc.c	16	[934640, 29504]
texture	textures/segment2/segment2.07350.ia1.inc.c	16	[934640, 29520]
texture	textures/segment2/segment2.07360.ia1.inc.c	16	[934640, 29536]
texture	textures/segment2/segment2.07370.ia1.inc.c	16	[934640, 29552]
texture	textures/segment2/segment2.07380.ia1.inc.c	16	[934640, 29568]
texture	textures/segment2/segment2.07390.ia1.inc.c	16	[934640, 29584]
texture	textures/segment2/segment2.073A0.ia1.inc.c	16	[934640, 29600]
texture	textures/segment2/segment2.073B0.ia1.inc.c	16	[934640, 29616]
texture	textures/segment2/segment2.073C0.ia1.inc.c	16	[934640, 29632]
texture	textures/segment2/segment2.073D0.ia1.inc.c	16	[934640, 29648]
texture	textures/segment2/segment2.073E0.ia1.inc.c	16	[934640, 29664]
texture	textures/segment2/segment2.073F0.ia1.inc.c	16	[934640, 29680]
texture	textures/segment2/segment2.07400.ia1.inc.c	16	[934640, 29696]
texture	textures/segment2/segment2.07410.ia1.inc.c	16	[934640, 29712]
texture	textures/segment2/segment2.07420.ia1.inc.c	16	[934640, 29728]
texture	textures/segment2/segment2.07430.ia1.inc.c	16	[934640, 29744]
texture	textures/segment2/segment2.07440.ia1.inc.c	16	[934640, 29760]
texture	textures/segment2/segment2.07450.ia1.inc.c	16	[934640, 29776]
texture	textures/segment2/segment2.07460.ia1.inc.c	16	[934640, 29792]
texture	textures/segment2/segment2.07470.ia1.inc.c	16	[934640, 29808]
texture	textures/segment2/segment2.07480.ia1.inc.c	16	[934640, 29824]
texture	textures/segment2/segment2.07490.ia1.inc.c	16	[934640, 29840]
texture	textures/segment2/segment2.074A0.ia1.inc.c	16	[934640, 29856]
texture	textures/segment2/segment2.074B0.ia1.inc.c	16	[934640, 29872]
texture	textures/segment2/segment2.074C0.ia1.inc.c	16	[934640, 29888]
texture	textures/segment2/segment2.074D0.ia1.inc.c	16	[934640, 29904]
texture	textures/segment2/segment2.074E0.ia1.inc.c	16	[934640, 29920]
texture	textures/segment2/segment2.074F0.ia1.inc.c	16	[934640, 29936]
texture	textures/segment2/segment2.07500.ia1.inc.c	16	[934640, 29952]
texture	textures/segment2/segment2.07510.ia1.inc.c	16	[934640, 29968]
texture	textures/segment2/segment2.07520.ia1.inc.c	16	[934640, 29984]
texture	textures/segment2/segment2.07530.ia1.inc.c	16	[934640, 30000]
texture	textures/segment2/segment2.07540.ia1.inc.c	16	[934640, 30016]
texture	textures/segment2/segment2.07550.ia1.inc.c	16	[934640, 30032]
texture	textures/segment2/segment2.07560.ia1.inc.c	16	[934640, 30048]
texture	textures/segment2/segment2.07570.ia1.inc.c	16	[934640, 30064]
texture	textures/segment2/segment2.07580.ia1.inc.c	16	[934640, 30080]
texture	textures/segment2/segment2.07590.ia1.inc.c	16	[934640, 30096]
texture	textures/segment2/segment2.075A0.ia1.inc.c	16	[934640, 30112]
texture	textures/segment2/segment2.075B0.ia1.inc.c	16	[934640, 30128]
texture	textures/segment2/segment2.075C0.ia1.inc.c	16	[934640, 30144]
texture	textures/segment2/segment2.075D0.ia1.inc.c	16	[934640, 30160]
texture	textures/segment2/segment2.075E0.ia1.inc.c	16	[934640, 30176]
texture	textures/segment2/segment2.075F0.ia1.inc.c	16	[934640, 30192]
texture	textures/segment2/segment2.07600.ia1.inc.c	16	[934640, 30208]
texture	textures/segment2/segment2.07610.ia1.inc.c	16	[934640, 30224]
texture	textures/segment2/segment2.07620.ia1.inc.c	16	[934640, 30240]
texture	textures/segment2/segment2.07630.ia1.inc.c	16	[934640, 30256]
texture	textures/segment2/segment2.07640.ia1.inc.c	16	[934640, 30272]
texture	textures/segment2/segment2.07650.ia1.inc.c	16	[934640, 30288]
texture	textures/segment2/segment2.07660.ia1.inc.c	16	[934640, 30304]
texture	textures/segment2/segment2.07670.ia1.inc.c	16	[934640, 30320]
texture	textures/segment2/segment2.07680.ia1.inc.c	16	[934640, 30336]
texture	textures/segment2/segment2.07690.ia1.inc.c	16	[934640, 30352]
texture	textures/segment2/segment2.076A0.ia1.inc.c	16	[934640, 30368]
texture	textures/segment2/segment2.076B0.ia1.inc.c	16	[934640, 30384]
texture	textures/segment2/segment2.076C0.ia1.inc.c	16	[934640, 30400]
texture	textures/segment2/segment2.076D0.ia1.inc.c	16	[934640, 30416]
texture	textures/segment2/segment2.076E0.ia1.inc.c	16	[934640, 30432]
texture	textures/segment2/segment2.076F0.ia1.inc.c	16	[934640, 30448]
texture	textures/segment2/segment2.07700.ia1.inc.c	16	[934640, 30464]
texture	textures/segment2/segment2.07710.ia1.inc.c	16	[934640, 30480]
texture	textures/segment2/segment2.07720.ia1.inc.c	16	[934640, 30496]
texture	textures/segment2/segment2.07730.ia1.inc.c	16	[934640, 30512]
texture	textures/segment2/segment2.07740.ia1.inc.c	16	[934640, 30528]
texture	textures/segment2/segment2.07750.ia1.inc.c	16	[934640, 30544]
texture	textures/segment2/segment2.07760.ia1.inc.c	16	[934640, 30560]
texture	textures/segment2/segment2.07770.ia1.inc.c	16	[934640, 30576]
texture	textures/segment2/segment2.07780.ia1.inc.c	16	[934640, 30592]
texture	textures/segment2/segment2.07790.ia1.inc.c	16	[934640, 30608]
texture	textures/segment2/segment2.077A0.ia1.inc.c	16	[934640, 30624]
texture	textures/segment2/segment2.077B0.ia1.inc.c	16	[934640, 30640]
texture	textures/segment2/segment2.077C0.ia1.inc.c	16	[934640, 30656]
texture	textures/segment2/segment2.077D0.ia1.inc.c	16	[934640, 30672]
texture	textures/segment2/segment2.077E0.ia1.inc.c	16	[934640, 30688]
texture	textures/segment2/segment2.077F0.ia1.inc.c	16	[934640, 30704]
texture	textures/segment2/segment2.07800.ia1.inc.c	16	[934640, 30720]
texture	textures/segment2/segment2.07810.ia1.inc.c	16	[934640, 30736]
texture	textures/segment2/segment2.07820.ia1.inc.c	16	[934640, 30752]
texture	textures/segment2/segment2.07830.ia1.inc.c	16	[934640, 30768]
texture	textures/segment2/segment2.07840.ia1.inc.c	16	[934640, 30784]
texture	textures/segment2/segment2.07850.ia1.inc.c	16	[934640, 30800]
texture	textures/segment2/segment2.07860.ia1.inc.c	16	[934640, 30816]
texture	textures/segment2/segment2.07870.ia1.inc.c	16	[934640, 30832]
texture	textures/segment2/segment2.07880.ia1.inc.c	16	[934640, 30848]
texture	textures/segment2/segment2.07890.ia1.inc.c	16	[934640, 30864]
texture	textures/segment2/segment2.078A0.ia1.inc.c	16	[934640, 30880]
texture	textures/segment2/segment2.078B0.ia1.inc.c	16	[934640, 30896]
texture	textures/segment2/segment2.078C0.ia1.inc.c	16	[934640, 30912]
texture	textures/segment2/segment2.078D0.ia1.inc.c	16	[934640, 30928]
texture	textures/segment2/segment2.078E0.ia1.inc.c	16	[934640, 30944]
texture	textures/segment2/segment2.078F0.ia1.inc.c	16	[934640, 30960]
texture	textures/segment2/segment2.07900.ia1.inc.c	16	[934640, 30976]
texture	textures/segment2/segment2.07910.ia1.inc.c	16	[934640, 30992]
texture	textures/segment2/segment2.07920.ia1.inc.c	16	[934640, 31008]
texture	textures/segment2/segment2.07930.ia1.inc.c	16	[934640, 31024]
texture	textures/segment2/segment2.07940.ia1.inc.c	16	[934640, 31040]
texture	textures/segment2/segment2.07950.ia1.inc.c	16	[934640, 31056]
texture	textures/segment2/segment2.07960.ia1.inc.c	16	[934640, 31072]
texture	textures/segment2/segment2.07970.ia1.inc.c	16	[934640, 31088]
texture	textures/segment2/segment2.07980.ia1.inc.c	16	[934640, 31104]
texture	textures/segment2/segment2.07990.ia1.inc.c	16	[934640, 31120]
texture	textures/segment2/segment2.079A0.ia1.inc.c	16	[934640, 31136]
texture	textures/segment2/segment2.079B0.ia1.inc.c	16	[934640, 31152]
texture	textures/segment2/segment2.079C0.ia1.inc.c	16	[934640, 31168]
texture	textures/segment2/segment2.079D0.ia1.inc.c	16	[934640, 31184]
texture	textures/segment2/segment2.079E0.ia1.inc.c	16	[934640, 31200]
texture	textures/segment2/segment2.079F0.ia1.inc.c	16	[934640, 31216]
texture	textures/segment2/segment2.07A00.ia1.inc.c	16	[934640, 31232]
texture	textures/segment2/segment2.07A10.ia1.inc.c	16	[934640, 31248]
texture	textures/segment2/segment2.07A20.ia1.inc.c	16	[934640, 31264]
texture	textures/segment2/segment2.07A30.ia1.inc.c	16	[934640, 31280]
texture	textures/segment2/segment2.07A40.ia1.inc.c	16	[934640, 31296]
texture	textures/segment2/segment2.07A50.ia1.inc.c	16	[934640, 31312]
texture	textures/segment2/segment2.07A60.ia1.inc.c	16	[934640, 31328]
texture	textures/segment2/segment2.07A70.ia1.inc.c	16	[934640, 31344]
texture	textures/segment2/segment2.07A80.ia1.inc.c	16	[934640, 31360]
texture	textures/segment2/segment2.07A90.ia1.inc.c	16	[934640, 31376]
texture	textures/segment2/segment2.07AA0.ia1.inc.c	16	[934640, 31392]
texture	textures/segment2/segment2.07AB0.ia1.inc.c	16	[934640, 31408]
texture	textures/segment2/segment2.07AC0.ia1.inc.c	16	[934640, 31424]
texture	textures/segment2/segment2.07AD0.ia1.inc.c	16	[934640, 31440]
texture	textures/segment2/segment2.07AE0.ia1.inc.c	16	[934640, 31456]
texture	textures/segment2/segment2.07AF0.ia1.inc.c	16	[934640, 31472]
texture	textures/segment2/segment2.07B00.ia1.inc.c	16	[934640, 31488]
texture	textures/segment2/segment2.07B10.ia1.inc.c	16	[934640, 31504]
texture	textures/segment2/segment2.07B20.ia1.inc.c	16	[934640, 31520]
texture	textures/segment2/segment2.07B30.ia1.inc.c	16	[934640, 31536]
texture	textures/segment2/segment2.07B40.ia1.inc.c	16	[934640, 31552]
texture	textures/segment2/segment2.07B50.rgba16.inc.c	512	[934640, 31568]
texture	textures/segment2/segment2.07D50.rgba16.inc.c	512	[934640, 32080]
texture	textures/segment2/segment2.07F50.rgba16.inc.c	512	[934640, 32592]
texture	textures/segment2/segment2.08150.rgba16.inc.c	128	[934640, 33104]
texture	textures/segment2/segment2.081D0.rgba16.inc.c	128	[934640, 33232]
texture	textures/segment2/segment2.0F458.ia8.inc.c	2048	[934640, 62552]
texture	textures/segment2/segment2.0FC58.ia8.inc.c	2048	[934640, 64600]
texture	textures/segment2/segment2.10458.ia8.inc.c	4096	[934640, 66648]
texture	textures/segment2/segment2.11458.ia8.inc.c	2048	[934640, 70744]
texture	textures/segment2/segment2.11C58.rgba16.inc.c	2048	[934640, 72792]
texture	textures/segment2/segment2.12458.rgba16.inc.c	2048	[934640, 74840]
texture	textures/segment2/segment2.12C58.rgba16.inc.c	2048	[934640, 76888]
texture	textures/segment2/segment2.13458.ia16.inc.c	2048	[934640, 78936]
texture	textures/segment2/segment2.13C58.rgba16.inc.c	2048	[934640, 80984]
texture	textures/segment2/segment2.14838.ia8.inc.c	64	[934640, 84024]
texture	textures/segment2/shadow_quarter_circle.ia8.inc.c	256	[934640, 62040]
texture	textures/segment2/shadow_quarter_square.ia8.inc.c	256	[934640, 62296]
texture	textures/sky/metal_hole.rgba16.inc.c	2048	[3245360, 26624]
texture	textures/sky/rr_textures.00000.rgba16.inc.c	2048	[3245360, 0]
texture	textures/sky/rr_textures.00800.rgba16.inc.c	2048	[3245360, 2048]
texture	textures/sky/rr_textures.01000.rgba16.inc.c	2048	[3245360, 4096]
texture	textures/sky/rr_textures.01800.rgba16.inc.c	2048	[3245360, 6144]
texture	textures/sky/rr_textures.02000.rgba16.inc.c	4096	[3245360, 8192]
texture	textures/sky/rr_textures.03000.rgba16.inc.c	2048	[3245360, 12288]
texture	textures/sky/rr_textures.03800.rgba16.inc.c	4096	[3245360, 14336]
texture	textures/sky/rr_textures.04800.rgba16.inc.c	2048	[3245360, 18432]
texture	textures/sky/rr_textures.05000.rgba16.inc.c	2048	[3245360, 20480]
texture	textures/sky/rr_textures.05800.rgba16.inc.c	2048	[3245360, 22528]
texture	textures/sky/rr_textures.06000.rgba16.inc.c	2048	[3245360, 24576]
texture	textures/sky/rr_textures.07000.rgba16.inc.c	2048	[3245360, 28672]
texture	textures/sky/rr_textures.07800.rgba16.inc.c	2048	[3245360, 30720]
texture	textures/sky/rr_textures.08000.rgba16.inc.c	2048	[3245360, 32768]
texture	textures/snow/ccm_textures.00000.rgba16.inc.c	2048	[3260256, 0]
texture	textures/snow/ccm_textures.00800.rgba16.inc.c	2048	[3260256, 2048]
texture	textures/snow/ccm_textures.01000.rgba16.inc.c	4096	[3260256, 4096]
texture	textures/snow/ccm_textures.02000.rgba16.inc.c	2048	[3260256, 8192]
texture	textures/snow/ccm_textures.02800.rgba16.inc.c	2048	[3260256, 10240]
texture	textures/snow/ccm_textures.03000.rgba16.inc.c	2048	[3260256, 12288]
texture	textures/snow/ccm_textures.03800.rgba16.inc.c	2048	[3260256, 14336]
texture	textures/snow/ccm_textures.04000.rgba16.inc.c	2048	[3260256, 16384]
texture	textures/snow/ccm_textures.04800.rgba16.inc.c	2048	[3260256, 18432]
texture	textures/snow/ccm_textures.05000.rgba16.inc.c	2048	[3260256, 20480]
texture	textures/snow/ccm_textures.05800.rgba16.inc.c	2048	[3260256, 22528]
texture	textures/snow/ccm_textures.06000.rgba16.inc.c	2048	[3260256, 24576]
texture	textures/snow/ccm_textures.06800.rgba16.inc.c	2048	[3260256, 26624]
texture	textures/snow/ccm_textures.07000.rgba16.inc.c	4096	[3260256, 28672]
texture	textures/snow/ccm_textures.08000.rgba16.inc.c	2048	[3260256, 32768]
texture	textures/snow/ccm_textures.08800.rgba16.inc.c	2048	[3260256, 34816]
texture	textures/snow/ccm_textures.09000.ia16.inc.c	2048	[3260256, 36864]
texture	textures/snow/ccm_textures.09800.ia16.inc.c	2048	[3260256, 38912]
texture	textures/spooky/bbh_textures.00000.rgba16.inc.c	2048	[3152992, 0]
texture	textures/spooky/bbh_textures.00800.rgba16.inc.c	4096	[3152992, 2048]
texture	textures/spooky/bbh_textures.01800.rgba16.inc.c	4096	[3152992, 6144]
texture	textures/spooky/bbh_textures.02800.rgba16.inc.c	4096	[3152992, 10240]
texture	textures/spooky/bbh_textures.03800.rgba16.inc.c	4096	[3152992, 14336]
texture	textures/spooky/bbh_textures.04800.rgba16.inc.c	2048	[3152992, 18432]
texture	textures/spooky/bbh_textures.05000.rgba16.inc.c	4096	[3152992, 20480]
texture	textures/spooky/bbh_textures.06000.rgba16.inc.c	2048	[3152992, 24576]
texture	textures/spooky/bbh_textures.06800.rgba16.inc.c	2048	[3152992, 26624]
texture	textures/spooky/bbh_textures.07000.rgba16.inc.c	4096	[3152992, 28672]
texture	textures/spooky/bbh_textures.08000.rgba16.inc.c	2048	[3152992, 32768]
texture	textures/spooky/bbh_textures.08800.rgba16.inc.c	2048	[3152992, 34816]
texture	textures/spooky/bbh_textures.09000.rgba16.inc.c	4096	[3152992, 36864]
texture	textures/spooky/bbh_textures.0A000.rgba16.inc.c	2048	[1318016, 49800]
texture	textures/spooky/bbh_textures.0A800.ia16.inc.c	2048	[3152992, 43008]
texture	textures/spooky/bbh_textures.0B000.ia16.inc.c	2048	[3152992, 45056]
texture	textures/spooky/bbh_textures.0B800.ia16.inc.c	4096	[3152992, 47104]
texture	textures/title_screen_bg/title_screen_bg.001C0.rgba16.inc.c	3200	[2403488, 448]
texture	textures/title_screen_bg/title_screen_bg.00E40.rgba16.inc.c	3200	[2403488, 3648]
texture	textures/title_screen_bg/title_screen_bg.01AC0.rgba16.inc.c	3200	[2403488, 6848]
texture	textures/title_screen_bg/title_screen_bg.02740.rgba16.inc.c	3200	[2403488, 10048]
texture	textures/title_screen_bg/title_screen_bg.033C0.rgba16.inc.c	3200	[2403488, 13248]
texture	textures/title_screen_bg/title_screen_bg.04040.rgba16.inc.c	3200	[2403488, 16448]
texture	textures/title_screen_bg/title_screen_bg.04CC0.rgba16.inc.c	3200	[2403488, 19648]
texture	textures/title_screen_bg/title_screen_bg.05940.rgba16.inc.c	3200	[2403488, 22848]
texture	textures/title_screen_bg/title_screen_bg.06648.rgba16.inc.c	3840	[2403488, 26184]
texture	textures/water/jrb_textures.00000.rgba16.inc.c	2048	[3209552, 0]
texture	textures/water/jrb_textures.00800.rgba16.inc.c	4096	[3209552, 2048]
texture	textures/water/jrb_textures.01800.rgba16.inc.c	4096	[3209552, 6144]
texture	textures/water/jrb_textures.02800.rgba16.inc.c	4096	[3209552, 10240]
texture	textures/water/jrb_textures.03800.rgba16.inc.c	4096	[3209552, 14336]
texture	textures/water/jrb_textures.04800.rgba16.inc.c	4096	[3209552, 18432]
texture	textures/water/jrb_textures.05800.rgba16.inc.c	2048	[3209552, 22528]
texture	textures/water/jrb_textures.06000.rgba16.inc.c	2048	[3209552, 24576]
texture	textures/water/jrb_textures.06800.rgba16.inc.c	4096	[3209552, 26624]
texture	textures/water/jrb_textures.07800.rgba16.inc.c	4096	[3209552, 30720]
texture	textures/water/jrb_textures.08800.rgba16.inc.c	2048	[3209552, 34816]
texture	textures/water/jrb_textures.09000.rgba16.inc.c	4096	[3209552, 36864]
texture	textures/water/jrb_textures.0A000.rgba16.inc.c	2048	[3209552, 40960]
texture	textures/water/jrb_textures.0A800.rgba16.inc.c	4096	[3209552, 43008]
texture	textures/water/jrb_textures.0B800.rgba16.inc.c	4096	[3209552, 47104]
