EXCEPTION_TLB_MISS	80000000	768
K0BASE	80000000	768
osTvType	80000300	4
osRomType	80000304	4
osRomBase	80000308	4
osResetType	8000030c	4
osCiCId	80000310	4
osVersion	80000314	4
osMemSize	80000318	4
osAppNmiBuffer	8000031c	64
__osBbEepromAddress	8000035c	4
__osBbEepromSize	80000360	4
__osBbFlashAddress	80000364	4
__osBbFlashSize	80000368	4
__osBbSramAddress	8000036c	4
__osBbSramSize	80000370	4
__osBbPakAddress	80000374	16
__osBbPakSize	80000384	4
__osBbIsBb	80000388	4
__osBbHackFlags	8000038c	116
_zbufferSegmentNoloadStart	80000400	153600
gZBuffer	80000400	153600
_goddardSegmentStart	8016f000	248
run_level_id_or_demo	8016f000	248
intro_level_select	8016f0f8	508
intro_regular	8016f2f4	204
intro_game_over	8016f3c0	168
intro_play_its_a_me_mario	8016f468	64
lvl_intro_update	8016f4a8	144
geo_intro_super_mario_64_logo	8016f540	452
geo_intro_tm_copyright	8016f704	336
geo_intro_regular_backdrop	8016faf0	264
geo_intro_gameover_backdrop	8016fbf8	492
beh_yellow_background_menu_init	8016fdf0	40
beh_yellow_background_menu_loop	8016fe18	40
check_clicked_button	8016fe40	344
bhv_menu_button_init	80170504	36
bhv_menu_button_loop	80170528	388
exit_score_file_to_score_menu	801706ac	140
render_score_menu_buttons	80170738	860
check_score_menu_clicked_buttons	80170a94	404
render_copy_menu_buttons	80170c28	860
copy_action_file_button	80170f84	588
check_copy_menu_clicked_buttons	801711d0	396
render_erase_menu_buttons	8017135c	860
erase_action_file_button	801716b8	352
check_erase_menu_clicked_buttons	80171818	376
render_sound_mode_menu_buttons	80171990	496
check_sound_mode_menu_clicked_buttons	80171b80	448
load_main_menu_save_file	80171d40	28
return_to_main_menu	80171d5c	384
load_score_menu_from_submenu	80171edc	384
load_copy_menu_from_submenu	8017205c	384
load_erase_menu_from_submenu	801721dc	384
bhv_menu_button_manager_init	8017235c	852
check_main_menu_clicked_buttons	801726b0	632
bhv_menu_button_manager_loop	80172928	604
handle_cursor_button_input	80172b84	296
handle_controller_cursor_input	80172cac	316
print_menu_cursor	80172de8	308
print_hud_lut_string_fade	80172f1c	200
print_generic_string_fade	80172fe4	188
update_text_fade_out	801730a0	100
print_save_file_star_count	80173104	260
print_main_menu_strings	80173208	388
print_main_lang_strings	8017338c	724
score_menu_display_message	80173660	260
print_score_menu_strings	80173764	472
copy_menu_display_message	8017393c	704
copy_menu_update_message	80173bfc	328
print_copy_menu_strings	80173d44	408
print_erase_menu_prompt	80173edc	1272
erase_menu_display_message	801743d4	544
erase_menu_update_message	801745f4	320
print_erase_menu_strings	80174734	416
print_sound_mode_menu_strings	801748d4	816
print_score_file_castle_secret_stars	80174c04	112
print_score_file_course_coin_score	80174c74	476
print_score_file_star_score	80174e50	176
print_save_file_scores	80174f00	1956
geo_file_select_strings_and_menu_cursor	80175814	60
lvl_init_menu_values_and_cursor_pos	80175850	436
lvl_update_obj_and_load_file_selected	80175a04	40
bhv_act_selector_star_type_loop	80175a30	324
render_100_coin_star	80175b74	136
bhv_act_selector_init	80175bfc	560
bhv_act_selector_loop	80175e2c	440
print_course_number	80175fe4	448
print_act_selector_strings	801761a4	1032
geo_act_selector_strings	801765ac	60
lvl_init_act_selector_values_and_stars	801765e8	156
lvl_update_obj_and_load_act_button_actions	80176684	180
__main__	80176740	272
empty_mem_block	80176850	260
into_free_memblock	80176954	184
make_mem_block	80176a0c	476
gd_free_mem	80176be8	160
gd_request_mem	80176c88	548
gd_add_mem_to_heap	80176eac	144
init_mem_block_lists	80176f3c	40
print_list_stats	80176f64	380
mem_stats	801770e0	300
gd_reset_sfx	80177210	32
gd_new_sfx_to_play	80177230	44
gd_sfx_update	8017725c	40
gd_play_sfx	80177284	36
setup_lights	801772b0	156
Unknown801781DC	8017734c	704
draw_shape	8017760c	880
draw_shape_2d	8017797c	244
draw_light	80177a70	540
draw_material	80177c8c	308
create_mtl_gddl_if_empty	80177dc0	92
check_face_bad_vtx	80177e1c	236
gd_get_colour	80177f08	308
Unknown80178ECC	8017803c	276
draw_face	80178150	584
draw_rect_fill	80178398	100
draw_rect_stroke	801783fc	100
Unknown801792F0	80178460	96
draw_label	801784c0	728
draw_net	80178798	324
draw_gadget	801788dc	256
draw_camera	801789dc	608
Unknown80179ACC	80178c3c	152
func_80179B64	80178cd4	56
world_pos_to_screen_coords	80178d0c	300
check_grabbable_click	80178e38	520
drawscene	80179040	820
draw_nothing	80179374	20
draw_shape_faces	80179388	244
draw_particle	8017947c	580
draw_bone	801796c0	340
draw_joint	80179814	284
draw_group	80179930	88
draw_plane	80179988	136
apply_obj_draw_fn	80179a10	124
register_light	80179a8c	148
Proc8017A980	80179b20	1000
update_shaders	80179f08	240
create_shape_mtl_gddls	80179ff8	84
unref_8017AEDC	8017a04c	108
create_shape_gddl	8017a0b8	224
create_gddl_for_shapes	8017a198	60
map_face_materials	8017a1d4	180
map_vertices	8017a568	208
unpick_obj	8017a638	76
find_closest_pickable_obj	8017a684	220
set_view_update_camera	8017a760	52
update_view	8017a794	1648
stub_draw_objects_1	8017ae04	16
reset_bounding_box	8017ae20	112
add_obj_pos_to_bounding_box	8017ae90	320
get_some_bounding_box	8017afd0	112
stub_objects_1	8017b040	36
make_object	8017b330	1296
make_zone	8017b840	208
func_8017C7A0	8017b910	96
make_link_to_obj	8017b970	192
make_vtx_link	8017ba30	196
make_valptr	8017baf4	136
reset_plane	8017bb7c	1072
make_plane	8017bfac	148
make_camera	8017c040	540
make_material	8017c25c	168
make_light	8017c304	276
make_view	8017c418	660
make_animator	8017c6ac	120
make_weight	8017c724	120
make_group_of_type	8017c79c	204
format_object_id	8017c868	460
make_group	8017ca34	528
addto_group	8017cc44	236
addto_groupfirst	8017cd30	252
group_contains_obj	8017ce2c	132
show_details	8017ceb0	1192
stub_objects_2	8017d358	36
make_scene	8017d37c	36
menu_cb_reset_positions	8017d428	56
func_8017E2F0	8017d460	240
apply_to_obj_types_in_group	8017d550	420
func_8017E584	8017d6f4	692
func_8017E838	8017d9a8	436
func_8017E9EC	8017db5c	168
func_8017EA94	8017dc04	144
func_8017EB24	8017dc94	476
is_obj_xz_in_bounding_box	8017de70	204
is_point_xz_in_bounding_box	8017df3c	144
gd_plane_point_within	8017dfcc	504
transform_child_objects_recursive	8017e1c4	444
func_8017F210	8017e380	444
func_8017F3CC	8017e53c	56
stub_objects_3	8017e574	32
interpolate_animation_transform	8017e594	416
move_animator	8017e734	4192
drag_picked_object	8017f794	768
move_animators	8017fa94	80
find_and_drag_picked_object	8017fae4	60
move_camera	8017fb20	1572
move_cameras_in_grp	80180144	56
func_8018100C	8018017c	876
move_lights_in_grp	801804e8	56
move_group_members	80180520	172
proc_view_movement	801805cc	152
reset_nets_and_gadgets	80180664	68
null_obj_lists	801806a8	160
func_801815E0	80180750	384
scale_verts	801808d0	220
move_skin	801809ac	88
func_80181894	80180a04	316
reset_weight_vtx	80180b40	272
reset_weight	80180c50	168
reset_joint_weights	80180cf8	112
Unknown80181D14	80180e84	412
func_80181EB0	80181020	472
func_80182088	801811f8	792
func_801823A0	80181510	336
make_particle	80181660	268
make_connection	8018176c	380
func_80182778	801818e8	656
func_80182A08	80181b78	636
move_particle	80181df4	2284
move_particles_in_grp	801826e0	88
Unknown801835C8	80182738	680
stub_particles_1	801829e0	20
stub_particles_2	801829f4	20
stub_particles_3	80182a08	28
stub_particles_4	80182a24	28
func_801838D0	80182a40	56
d_stash_dynobj	80182a80	48
d_unstash_dynobj	80182ab0	48
reset_dynlist	80182ae0	112
proc_dynlist	80182b50	2108
d_set_name_suffix	8018338c	164
d_append_to_name_suffix	80183430	168
reset_dynamic_objs	80183660	92
d_add_net_with_subgroup	801836bc	180
d_end_net_with_subgroup	80183770	108
d_attach_joint_to_net	801837dc	124
d_make_netfromshapeid	80183858	120
d_make_netfromshape_ptrptr	801838d0	72
add_to_dynobj_list	80183918	668
d_makeobj	80183c28	772
d_attach	80183f2c	200
d_attach_to	80183ff4	936
d_attachto_dynid	8018439c	164
copy_bytes	80184440	76
alloc_animdata	8018448c	1468
chk_shapegen	80184a48	1944
d_set_nodegroup	801851e0	416
d_set_matgroup	80185380	240
d_set_texture_st	80185470	156
d_use_texture	8018550c	172
d_set_skinshape	801855b8	228
d_map_materials	8018569c	140
d_map_vertices	80185728	140
d_set_planegroup	801857b4	288
d_set_shapeptrptr	801858d4	444
d_set_shapeptr	80185a90	412
d_use_obj	80185c2c	136
set_cur_dynobj	80185cb4	40
d_start_group	80185cdc	48
d_end_group	80185d0c	260
d_addto_group	80185e10	124
d_use_integer_names	80185e8c	24
d_set_init_pos	80185ea4	664
d_set_velocity	8018613c	312
d_get_velocity	80186274	344
d_set_torque	801863cc	228
d_get_init_pos	801864b0	392
d_get_init_rot	80186638	396
d_set_rel_pos	801867c4	796
d_addto_rel_pos	80186ae0	464
d_get_rel_pos	80186cb0	504
d_get_att_objgroup	80186ea8	220
d_get_att_to_obj	80186f84	220
d_get_scale	80187060	392
d_set_att_offset	801871e8	452
d_set_att_to_offset	801873ac	340
d_get_att_offset	80187500	340
d_get_att_flags	80187654	276
d_set_world_pos	80187768	624
d_set_normal	801879d8	264
d_get_world_pos_ptr	80187ae0	204
d_get_world_pos	80187bac	1656
d_make_vertex	80188224	76
d_set_scale	80188270	540
d_set_rotation	8018848c	296
d_center_of_gravity	801885b4	220
d_set_shape_offset	80188690	220
d_add_valptr	8018876c	412
d_add_valproc	80188908	184
d_link_with_ptr	801889c0	840
d_link_with	80188d08	208
d_set_flags	80188dd8	524
d_clear_flags	80188fe4	376
d_set_parm_f	8018915c	556
d_set_parm_ptr	80189388	472
d_set_obj_draw_flag	80189560	96
d_set_type	801895c0	368
d_set_id	80189730	296
d_set_colour_num	80189858	452
d_set_material	80189a1c	176
d_friction	80189acc	220
d_set_spring	80189ba8	172
d_set_ambient	80189c54	220
d_set_diffuse	80189d30	304
d_set_control_type	80189e60	172
d_get_bounding_box	80189f0c	212
d_get_matrix	80189fe0	332
d_set_matrix	8018a12c	276
d_set_rot_mtx	8018a240	216
d_get_rot_mtx_ptr	8018a318	188
d_set_i_matrix	8018a3d4	304
d_get_matrix_ptr	8018a504	276
d_get_i_mtx_ptr	8018a618	212
d_calc_world_dist_btwn	8018a6ec	156
d_set_skin_weight	8018a788	216
get_objvalue	8018a860	184
Unknown8018B7A8	8018a918	148
create_gui_menu	8018aa70	192
make_label	8018ab30	192
make_gadget	8018abf0	220
set_objvalue	8018accc	184
set_static_gdgt_value	8018ad84	164
adjust_gadget	8018ae70	692
reset_gadget	8018b124	444
reset_gadgets_in_grp	8018b2e0	56
new_memtracker	8018b320	180
get_memtracker	8018b3d4	168
start_memtracker	8018b47c	260
print_most_recent_memtracker_name	8018b580	72
stop_memtracker	8018b5c8	364
remove_all_memtrackers	8018b734	140
get_memtracker_by_index	8018b7c0	36
print_all_memtrackers	8018b7e4	184
print_all_timers	8018b89c	180
deactivate_timing	8018b950	24
activate_timing	8018b968	28
remove_all_timers	8018b984	308
get_timer	8018bb64	192
get_timernum	8018bc84	108
split_timer_ptr	8018bcf0	220
split_all_timers	8018bdcc	112
start_all_timers	8018be3c	148
start_timer	8018bed0	208
restart_timer	8018bfa0	188
split_timer	8018c05c	92
stop_timer	8018c0b8	216
get_scaled_timer_total	8018c190	72
get_timer_total	8018c1d8	80
fatal_print	8018c228	48
print_stack_trace	8018c258	112
fatal_printf	8018c2c8	712
imin	8018c590	144
imout	8018c620	176
gd_rand_float	8018c6d0	328
gd_atoi	8018c818	352
gd_lazy_atof	8018c978	64
format_number_hex	8018c9b8	96
format_number_decimal	8018ca18	252
sprint_val_withspecifiers	8018cb68	672
gd_strcpy	8018ce08	68
ascii_to_uppercase	8018ce4c	128
gd_strdup	8018cecc	124
gd_strlen	8018cf48	84
gd_strcat	8018cf9c	132
gd_str_not_equal	8018d020	168
gd_str_contains	8018d0c8	144
gd_feof	8018d158	36
gd_set_feof	8018d17c	32
gd_fopen	8018d19c	528
gd_fread	8018d3ac	300
gd_fclose	8018d4d8	28
gd_get_file_size	8018d4f4	28
is_newline	8018d510	56
gd_fread_line	8018d548	328
grabbable_joint_update_func	8018d690	1736
eye_joint_update_func	8018dd58	628
func_8018EE5C	8018dfcc	284
set_joint_vecs	8018e0e8	208
make_joint	8018e1b8	512
make_grabber_joint	8018e3b8	224
func_8018F328	8018e498	420
func_8018F4CC	8018e63c	84
func_8018F520	8018e690	892
func_8018F89C	8018ea0c	460
func_8018FA68	8018ebd8	96
set_skin_weight	8018ec38	144
func_8018FB58	8018ecc8	332
add_joint2bone	8018ee14	248
make_bone	8018ef0c	376
stub_joints_1	8018f084	20
func_8018FF28	8018f098	96
print_some_spaces	8018f0f8	96
func_8018FFE8	8018f158	384
func_80190168	8018f2d8	640
func_801903E8	8018f558	396
func_80190574	8018f6e4	1088
func_801909B4	8018fb24	108
func_80190A20	8018fb90	308
func_80190B54	8018fcc4	788
func_80190E68	8018ffd8	212
func_80190F3C	801900ac	620
func_801911A8	80190318	120
func_80191220	80190390	416
func_801913C0	80190530	48
func_801913F0	80190560	264
stub_joints_2	80190668	20
func_8019150C	8019067c	248
reset_joint	80190774	544
func_80191824	80190994	208
func_801918F4	80190a64	296
func_80191A1C	80190b8c	476
func_80191BF8	80190d68	360
func_80191D60	80190ed0	244
func_80191E54	80190fc4	52
func_80191E88	80190ff8	96
reset_joint_counts	80191058	40
compute_net_bounding_box	80191080	436
reset_net	80191234	464
func_80192294	80191404	104
func_801922FC	8019146c	184
make_net	80191524	372
func_80192528	80191698	380
collision_something_801926A4	80191814	1068
func_80192AD0	80191c40	396
move_bonesnet	80191dcc	112
func_80192CCC	80191e3c	716
convert_gd_verts_to_Vn	80192108	844
convert_gd_verts_to_Vtx	80192454	280
convert_net_verts	8019256c	212
move_net	8019270c	296
move_nets	80192834	120
func_8019373C	801928ac	268
func_80193848	801929b8	116
gd_print_net	80192a2c	596
reset_net_count	80192c80	24
gd_sqrt_f	80192ca0	56
gd_mat4f_lookat	80192cd8	1524
gd_scale_mat4f_by_vec3f	801932cc	196
gd_rot_mat_about_vec	80193390	196
gd_add_vec3f_to_mat4f_offset	80193454	116
gd_create_origin_lookat	801934c8	976
gd_clamp_f32	80193898	72
gd_clamp_vec3f	801938e0	272
gd_rot_2d_vec	801939f0	268
gd_rot_mat_about_row	80193afc	200
gd_absrot_mat4	80193bc4	324
gd_vec3f_magnitude	80193d08	92
gd_normalize_vec3f	80193d64	288
gd_cross_vec3f	80193e84	164
gd_dot_vec3f	80193f28	68
gd_invert_elements_mat4f	80193f6c	128
gd_inverse_mat4f	80193fec	276
gd_adjunct_mat4f	80194100	1512
gd_mat4f_det	801946e8	716
gd_3x3_det	801949b4	200
gd_2x2_det	80194a7c	68
gd_create_neg_vec_zero_first_mat_row	80194ac0	144
gd_broken_quat_to_vec3f	80194b50	292
gd_quat_rotation	80194c74	372
gd_shift_mat_up	80194de8	288
gd_create_quat_rot_mat	80194f08	572
gd_create_rot_matrix	80195144	544
gd_create_rot_mat_angular	80195364	140
gd_set_identity_mat4	801953f0	224
gd_copy_mat4f	801954d0	208
gd_rotate_and_translate_vec3f	801955a0	272
gd_mat4f_mult_vec3f	801956b0	212
gd_mult_mat4f	80195784	2424
gd_print_vec	801960fc	28
gd_print_bounding_box	80196118	28
gd_print_mtx	80196134	164
gd_print_quat	801961d8	136
gd_rot_mat_offset	80196260	392
func_80197280	801963f0	64
calc_face_normal	80196430	588
gd_make_vertex	8019667c	280
make_face_with_colour	80196794	172
make_face_with_material	80196840	108
add_4_vertices_to_face	801968ac	136
add_3_vtx_to_face	80196934	120
make_shape	801969ac	408
clear_buf_to_cr	80196b44	48
get_current_buf_char	80196b74	44
get_and_advance_buf	80196ba0	100
load_next_line_into_buf	80196c04	128
is_line_end	80196c84	56
is_white_space	80196cbc	56
scan_to_next_non_whitespace	80196cf4	236
is_next_buf_word	80196de0	224
getfloat	80196ec0	408
getint	80197058	384
Unknown80198068	801971d8	20
func_8019807C	801971ec	108
func_801980E8	80197258	108
Unknown80198154	801972c4	48
Unknown80198184	801972f4	108
scale_obj_position	80197360	200
translate_obj_position	80197428	148
scale_verts_in_shape	801974bc	136
translate_verts_in_shape	80197544	112
Unknown80198444	801975b4	224
Unknown80198524	80197694	196
Unknown801985E8	80197758	284
get_3DG1_shape	80197874	1276
get_OBJ_shape	80197d70	912
group_faces_in_mtl_grp	80198100	292
find_or_add_new_mtl	80198224	316
read_ARK_shape	80198360	1136
get_shape_from_file	801987d0	328
make_grid_shape	80198918	1692
Unknown80199E44	80198fb4	68
Unknown80199E88	80198ff8	92
make_netfromshape	80199054	188
animate_mario_head_gameover	80199110	200
animate_mario_head_normal	801991d8	784
load_mario_head	801994e8	1856
load_shapes2	80199c28	224
Unknown8019AB98	80199d08	556
Unknown8019ADC4	80199f34	256
Unknown8019AEC4	8019a034	84
get_alloc_mem_amt	8019a090	32
gd_get_ostime	8019a0b0	48
get_time_scale	8019a0e0	32
dump_disp_list	8019a100	136
gd_sin_d	8019a44c	64
gd_cos_d	8019a48c	64
gd_sqrt_d	8019a4cc	120
stub_renderer_1	8019a544	40
gd_printf	8019a56c	1488
gd_exit	8019ab3c	56
gd_free	8019ab74	76
gd_allocblock	8019abc0	248
gd_malloc	8019acb8	208
gd_malloc_perm	8019ad88	56
gd_malloc_temp	8019adc0	56
Unknown8019BC88	8019adf8	76
Unknown8019BCD4	8019ae44	56
draw_indexed_dl	8019ae7c	188
branch_cur_dl_to_num	8019af38	120
get_dl_gfx	8019afb0	48
setup_stars	8019afe0	656
setup_timers	8019b270	368
Unknown8019C270	8019b3e0	24
Unknown8019C288	8019b3f8	80
gd_add_to_heap	8019b448	56
gdm_init	8019b480	156
gdm_setup	8019b51c	156
stub_renderer_2	8019b5b8	20
print_gdm_stats	8019b5cc	84
make_view_withgrp	8019b620	148
gdm_maketestdl	8019b6b4	420
set_time_scale	8019b858	24
Unknown8019C840	8019b870	52
gd_vblank	8019b8a4	188
gd_copy_p1_contpad	8019b960	152
gd_sfx_to_play	8019b9f8	48
gdm_gettestdl	8019ba28	912
gdm_getpos	8019bdb8	180
fatal_no_dl_mem	8019bf48	44
alloc_displaylist	8019bf74	216
cpy_remaining_gddl	8019c04c	244
create_child_gdl	8019c140	88
new_gd_dl	8019c198	592
gd_rsp_init	8019c3e8	116
gd_rdp_init	8019c45c	116
gd_draw_rect	8019c4d0	936
gd_draw_border_rect	8019c878	3056
gd_dl_set_fill	8019d468	748
gd_dl_set_z_buffer_area	8019d754	92
gd_set_color_fb	8019d7b0	284
reset_cur_dl_indices	8019d8cc	160
begin_gddl	8019d96c	120
stash_current_gddl	8019d9e4	32
pop_gddl_stash	8019da04	32
gd_startdisplist	8019da24	336
gd_enddlsplist	8019db74	104
gd_enddlsplist_parent	8019dbdc	352
Unknown8019EBCC	8019dd3c	60
new_gddl_from	8019dd78	128
Unknown8019EC88	8019ddf8	108
mat4_to_mtx	8019de64	376
gd_dl_mul_matrix	8019dfdc	168
gd_dl_load_matrix	8019e084	172
gd_dl_load_identity_matrix	8019e130	108
gd_dl_push_matrix	8019e19c	108
gd_dl_pop_matrix	8019e208	76
gd_dl_mul_trans_matrix	8019e254	184
gd_dl_load_trans_matrix	8019e30c	188
gd_dl_scale	8019e3c8	108
func_8019F2C4	8019e434	84
gd_dl_lookat	8019e488	1728
check_tri_display	8019eb48	136
gd_dl_make_vertex	8019ebd0	1168
func_8019FEF0	8019f060	100
gd_dl_make_triangle	8019f0c4	228
func_801A0038	8019f1a8	56
gd_dl_flush_vertices	8019f1e0	380
set_render_alpha	8019f428	108
set_light_id	8019f494	24
set_light_num	8019f4ac	24
create_mtl_gddl	8019f4c4	244
branch_to_gddl	8019f5b8	48
gd_dl_hilite	8019f5e8	1012
gd_dl_material_lighting	8019f9dc	3452
set_Vtx_norm_buf_1	801a0758	220
set_Vtx_norm_buf_2	801a0834	236
set_gd_mtx_parameters	801a0920	92
Unknown801A1B30	801a0ca0	832
Unknown801A1E70	801a0fe0	1184
gd_set_one_cycle	801a1480	80
stub_renderer_3	801a14d0	20
gddl_is_loading_stub_dl	801a14e4	20
gddl_is_loading_shine_dl	801a14f8	192
start_view_dl	801a15b8	1020
parse_p1_controller	801a19b4	2568
stub_renderer_4	801a23bc	168
Unknown801A32F4	801a2464	48
func_801A3324	801a2494	76
func_801A3370	801a24e0	136
Unknown801A33F8	801a2568	132
Unknown801A347C	801a25ec	100
border_active_view	801a2650	148
gd_shading	801a26e4	104
gd_getproperty	801a274c	108
gd_setproperty	801a27b8	1176
stub_renderer_5	801a2c50	16
gd_create_ortho_matrix	801a2c60	416
gd_create_perspective_matrix	801a2e00	468
setup_view_buffers	801a2fd4	1228
gd_init_controllers	801a34a0	180
stub_renderer_6	801a3554	20
defpup	801a3568	32
menu_cb_control_type	801a3588	20
menu_cb_recalibrate_controller	801a359c	20
func_801A4438	801a35b0	104
gd_gentexture	801a3618	324
load_texture_from_file	801a375c	468
Unknown801A47B8	801a3930	44
stub_renderer_7	801a395c	16
stub_renderer_8	801a396c	20
func_801A4808	801a3980	64
func_801A4848	801a39c0	108
stub_renderer_9	801a3a2c	16
stub_renderer_10	801a3a3c	20
stub_draw_label_text	801a3a50	24
set_active_view	801a3a68	24
stub_renderer_11	801a3a80	16
func_801A4918	801a3a90	492
Unknown801A4B04	801a3c7c	264
update_cursor	801a3d84	844
Unknown801A4F58	801a40d0	440
Proc801A5110	801a4288	88
update_view_and_dl	801a42e0	164
func_801A520C	801a4384	312
Unknown801A5344	801a44bc	180
gd_init	801a4570	1304
reverse_string	801a4a88	136
stub_renderer_12	801a4b10	20
stub_renderer_13	801a4b24	20
stub_renderer_14	801a4b38	20
init_pick_buf	801a4b4c	48
store_in_pickbuf	801a4b7c	72
get_cur_pickbuf_offset	801a4bc4	52
stub_renderer_15	801a4bf8	20
stub_renderer_16	801a4c0c	20
stub_renderer_17	801a4c20	16
Unknown801A5AB8	801a4c30	40
Unknown801A5AE0	801a4c58	120
set_vtx_tc_buf	801a4cd0	144
add_debug_view	801a4d60	60
cvrt_val_to_kb	801a4d9c	92
Unknown801A5C80	801a4df8	272
Unknown801A5D90	801a4f08	616
Unknown801A5FF8	801a5170	760
gd_put_sprite	801a5468	828
gd_setup_cursor	801a57a4	408
view_proc_print_timers	801a593c	80
make_timer_gadgets	801a598c	1564
stub_renderer_18	801a5fa8	20
stub_renderer_19	801a5fbc	20
load_dynlist	801a60ac	644
stub_renderer_20	801a6330	20
func_801A71CC	801a6344	1300
stub_renderer_21	801a6858	16
sLevelSelectStageNames	801a6870	1024
sDemoCountdown	801a6c70	4
sPlayMarioGreeting	801a6c74	4
sPlayMarioGameOver	801a6c78	8
introBackgroundDlRows	801a6cb0	16
xCoords	801a6cc0	48
yCoords	801a6cf0	48
textureTables	801a6d20	8
introBackgroundIndexTable	801a6d28	12
introBackgroundTables	801a6d34	4
gameOverBackgroundTable	801a6d38	12
flipOrder	801a6d44	12
sSelectedButtonID	801a6d50	4
sCurrentMenuLevel	801a6d54	4
sTextBaseAlpha	801a6d58	4
sCursorPos	801a6d5c	8
sCursorClickingTimer	801a6d64	4
sClickPos	801a6d68	4
sSelectedFileIndex	801a6d6c	4
sFadeOutText	801a6d70	4
sStatusMessageID	801a6d74	4
sTextFadeAlpha	801a6d78	4
sMainMenuTimer	801a6d7c	4
sSoundMode	801a6d80	4
sLanguageMode	801a6d84	4
sEraseYesNoHoverState	801a6d88	4
sAllFilesExist	801a6d8c	4
sSelectedFileNum	801a6d90	4
sScoreFileCoinScoreMode	801a6d94	4
sOpenLangSettings	801a6d98	4
textReturn	801a6d9c	24
textViewScore	801a6db4	36
textCopyFileButton	801a6dd8	48
textEraseFileButton	801a6e08	48
textMarioA	801a6e38	8
textMarioB	801a6e40	8
textMarioC	801a6e48	8
textMarioD	801a6e50	8
textSelectFile	801a6e58	52
textScore	801a6e8c	28
textCopy	801a6ea8	28
textErase	801a6ec4	24
textOption	801a6edc	28
textCheckFile	801a6ef8	56
textNoSavedDataExists	801a6f30	92
textCopyFile	801a6f8c	48
textCopyItToWhere	801a6fbc	56
textCopyCompleted	801a6ff4	56
textSavedDataExists	801a702c	60
textNoFileToCopyFrom	801a7068	64
textYes	801a70a8	12
textNo	801a70b4	16
textEraseFile	801a70c4	52
textSure	801a70f8	24
textMarioAJustErased	801a7110	60
textSoundSelect	801a714c	40
textLanguageSelect	801a7174	52
textSoundModes	801a71a8	92
textLanguage	801a7204	28
textMario	801a7220	8
textHiScore	801a7228	48
textMyScore	801a7258	32
textNew	801a7278	16
starIcon	801a7288	4
xIcon	801a728c	4
textStarX	801a7290	3
sSelectedActIndex	801a7530	4
sSelectableStarIndex	801a7534	4
sActSelectorMenuTimer	801a7538	40
gGdMoveScene	801a7580	4
D_801A8058	801a7588	4
gGdUseVtxNormal	801a758c	4
gViewUpdateCamera	801a7628	4
sColourPalette	801a7634	20
sWhiteBlack	801a7648	8
D_801A81C0	801a76f0	4
D_801A81C4	801a76f4	4
gMarioFaceGrp	801a7810	4
gSpotShape	801a7814	4
gShapeRedSpark	801a781c	4
gShapeSilverSpark	801a7820	4
gShapeRedStar	801a7824	4
gShapeSilverStar	801a7828	4
sSimpleShape	801a78d4	4
gGdFrameBufNum	801a7be0	4
sGdPerspTimer	801b473c	4
_goddardSegmentEnd	801b8d80	4
_goddardSegmentNoloadStart	801b8d80	4
sGameOverFrameCounter	801b8d80	4
sGameOverTableIndex	801b8d84	4
sIntroFrameCounter	801b8d88	4
sTmCopyrightAlpha	801b8d8c	4
sMainMenuButtons	801b8d90	140
sYesNoColor	801b8e1c	2
centeredX	801b8e1e	2
sStarSelectorModels	801b8e20	32
sLoadedActNum	801b8e40	1
sObtainedStars	801b8e41	1
sVisibleStars	801b8e42	1
sInitSelectedActNum	801b8e43	13
gGdCtrl	801b8e50	244
gGdCtrlPrev	801b8f48	244
gUnref_801B9B30	801b9060	136
gGdLightGroup	801b90e8	4
gSomeBoundingBox	801b92d0	24
sCurrentMoveCamera	801b92e8	4
sCurrentMoveView	801b92ec	4
gGdCounter	801b92f0	8
D_801B9DC8	801b92f8	64
D_801B9E08	801b9338	12
sCurrentMoveGrp	801b9344	4
D_801B9E18	801b9348	12
D_801B9E28	801b9358	12
D_801B9E34	801b9364	4
D_801B9E38	801b9368	4
D_801B9E3C	801b936c	4
D_801B9E40	801b9370	4
D_801B9E44	801b9374	4
D_801B9E48	801b9378	4
gGdCameraList	801b937c	4
D_801B9E50	801b9380	4
gGdGroupList	801b9384	4
gGdObjCount	801b9388	4
gGdGroupCount	801b938c	4
gGdPlaneCount	801b9390	4
gGdCameraCount	801b9394	4
sGdViewInfo	801b9398	24
D_801B9E80	801b93b0	4
gGdJointList	801b93b4	4
gGdBoneList	801b93b8	4
gGdObjectList	801b93bc	4
gGdViewsGroup	801b93c0	4
sResetCurWeight	801b93d0	4
gGdStreamBuffer	801b96c0	4
sResetWeightVtxNum	801b9e90	4
gGdSkinNet	801ba020	4
EUpad1	801ba3d0	64
EUpad2	801ba440	100
EUpad3	801ba4a8	52
EUpad4	801ba500	136
_goddardSegmentNoloadEnd	801bdf60	12448
_buffersSegmentNoloadStart	801c1000	53248
gDecompressionHeap	801c1000	53248
gAudioHeap	801ce000	186880
gIdleThreadStack	801fba00	2048
gThread3Stack	801fc200	8192
gThread4Stack	801fe200	8192
gThread5Stack	80200200	8192
gGfxSPTaskStack	80202200	1024
gGfxSPTaskYieldBuffer	80202600	2304
gSaveBuffer	80202f00	512
gGfxPools	80203100	102560
gAudioGlobalsStartMarker	8021c1a0	8
gSynthesisReverbs	8021c1b0	1056
sAudioSynthesisPad	8021c5d0	16
gVolume	8021c5e0	2
gUseReverb	8021c5e2	1
gNumSynthesisReverbs	8021c5e3	1
gNoteSubsEu	8021c5e4	4
gLeftVolRampings	8021c5e8	12288
gRightVolRampings	8021f5e8	12288
gCurrentLeftVolRamping	802225e8	4
gCurrentRightVolRamping	802225ec	4
gAudioSessionPool	802225f0	16
gAudioInitPool	80222600	16
gNotesAndBuffersPool	80222610	16
sAudioHeapPad	80222620	32
gSeqAndBankPool	80222640	16
gPersistentCommonPool	80222650	16
gTemporaryCommonPool	80222660	16
gSeqLoadedPool	80222670	464
gBankLoadedPool	80222840	464
gUnusedLoadedPool	80222a10	464
sSessionPoolSplit	80222be0	16
sSeqAndBankPoolSplit	80222bf0	8
sPersistentCommonPoolSplit	80222bf8	16
sTemporaryCommonPoolSplit	80222c08	16
gBankLoadStatus	80222c18	64
gSeqLoadStatus	80222c58	256
gAudioResetStatus	80222d58	1
gAudioResetPresetIdToLoad	80222d59	1
gAudioResetFadeOutFramesLeft	80222d5c	4
gAudioUnusedBuffer	80222d60	4096
gNotes	80223d60	4
pad	80223d64	4
gSequencePlayers	80223d68	1312
gSequenceChannels	80224288	9408
gSequenceLayers	80226748	8192
gSequenceChannelNone	80228748	196
gLayerFreeList	80228810	16
gNoteFreeLists	80228820	64
gCurrAudioFrameDmaQueue	80228860	24
gCurrAudioFrameDmaMesgBufs	80228878	256
gCurrAudioFrameDmaIoMesgBufs	80228978	1536
gAudioDmaMesgQueue	80228f78	24
gAudioDmaMesg	80228f90	4
gAudioDmaIoMesg	80228f98	24
sSampleDmas	80228fb0	1536
gSampleDmaNumListItems	802295b0	4
sSampleDmaListSize1	802295b4	4
sUnused80226B40	802295b8	4
sSampleDmaReuseQueue1	802295c0	256
sSampleDmaReuseQueue2	802296c0	256
sSampleDmaReuseQueueTail1	802297c0	1
sSampleDmaReuseQueueTail2	802297c1	1
sSampleDmaReuseQueueHead1	802297c2	1
sSampleDmaReuseQueueHead2	802297c3	1
gSeqFileHeader	802297c4	4
gAlCtlHeader	802297c8	4
gAlTbl	802297cc	4
gAlBankSets	802297d0	4
gSequenceCount	802297d4	2
gCtlEntries	802297d8	4
padEuBss1	802297dc	4
gAudioBufferParameters	802297e0	32
sDmaBufSize	80229800	4
gMaxAudioCmds	80229804	4
gMaxSimultaneousNotes	80229808	4
gTempoInternalToExternal	8022980c	2
gSoundMode	8022980e	1
gAudioUpdatesPerFrame	8022980f	1
gAudioFrameCount	80229810	4
gCurrAudioFrameDmaCount	80229814	4
gAudioTaskIndex	80229818	4
gCurrAiBufferIndex	8022981c	4
gAudioCmdBuffers	80229820	8
gAudioCmd	80229828	4
gAudioTask	8022982c	4
gAudioTasks	80229830	160
D_EU_802298D0	802298d0	4
gRefreshRate	802298d4	4
gAiBuffers	802298d8	12
gAiBufferLengths	802298e4	6
gAudioRandom	802298ec	4
gAudioErrorFlags	802298f0	4
gAudioGlobalsEndMarker	802298f8	8
gGfxSPTaskOutputBuffer	80229a00	97792
_buffersSegmentNoloadEnd	80241800	80
_mainSegmentStart	80241800	80
entry_point	80241800	80
crash_screen_draw_rect	80241850	236
crash_screen_draw_glyph	8024193c	340
crash_screen_print	80241ab4	188
crash_screen_sleep	80241b70	212
crash_screen_print_float_reg	80241c44	132
crash_screen_print_fpcsr	80241cc8	144
draw_crash_screen	80241d58	988
get_crashed_thread	80242134	108
thread2_crash_screen	802421a0	132
crash_screen_set_framebuffer	80242224	32
crash_screen_init	80242244	164
handle_debug_key_sequences	802422f0	224
unknown_main_func	802423d0	84
stub_main_1	80242424	8
stub_main_2	8024242c	8
stub_main_3	80242434	8
setup_mesg_queues	8024243c	220
alloc_pool	80242518	60
create_thread	80242554	52
handle_nmi_request	80242588	68
receive_new_tasks	802425cc	300
start_sptask	802426f8	108
interrupt_gfx_sptask	80242764	60
start_gfx_sptask	802427a0	80
pretend_audio_sptask_done	802427f0	72
handle_vblank	80242838	316
handle_sp_complete	80242974	296
handle_dp_complete	80242a9c	88
thread3_main	80242af4	336
set_vblank_handler	80242c44	64
send_sp_task_message	80242c84	52
dispatch_audio_sptask	80242cb8	76
exec_display_list	80242d04	108
turn_on_audio	80242d70	16
turn_off_audio	80242d80	40
thread1_idle	80242da8	216
main_func	80242e80	100
init_rdp	80242ef0	492
init_rsp	802430dc	136
init_z_buffer	80243164	196
select_framebuffer	80243228	152
clear_framebuffer	802432c0	200
clear_viewport	80243388	404
draw_screen_borders	8024351c	220
make_viewport_clip_rect	802435f8	320
create_gfx_task_structure	80243738	296
init_rcp	80243860	64
end_master_display_list	802438a0	116
draw_reset_bars	80243914	288
render_init	80243a34	168
select_gfx_pool	80243adc	140
display_and_vsync	80243b68	296
adjust_analog_stick	80243c98	256
run_demo_inputs	80243d98	260
read_controller_inputs	80243e9c	360
init_controllers	80244004	252
setup_game_memory	80244100	348
thread5_game_loop	8024425c	416
reset_volume	80244400	12
lower_background_noise	8024440c	112
raise_background_noise	8024447c	112
disable_background_sound	802444ec	60
enable_background_sound	80244528	60
set_sound_mode	80244564	60
play_menu_sounds	802445a0	348
play_painting_eject_sound	802446fc	120
play_infinite_stairs_music	80244774	208
set_background_music	80244844	176
fadeout_music	802448f4	64
fadeout_level_music	80244934	68
play_cutscene_music	80244978	52
play_shell_music	802449ac	48
stop_shell_music	802449dc	60
play_cap_music	80244a18	92
fadeout_cap_music	80244a74	48
stop_cap_music	80244aa4	60
play_menu_sounds_extra	80244ae0	44
audio_game_loop_tick	80244b0c	32
thread4_sound	80244b2c	236
level_control_timer	80244c20	156
pressed_pause	80244cbc	128
set_play_mode	80244d3c	24
warp_special	80244d54	32
fade_into_special_warp	80244d74	92
stub_level_update_1	80244dd0	8
load_level_init_text	80244dd8	204
init_door_warp	80244ea4	148
set_mario_initial_cap_powerup	80244f38	124
set_mario_initial_action	80244fb4	520
init_mario_after_warp	802451bc	980
warp_area	80245590	84
warp_level	802455e4	68
warp_credits	80245628	348
check_instant_warp	80245784	416
music_changed_through_warp	80245924	284
initiate_warp	80245a40	168
get_painting_warp_node	80245ae8	108
initiate_painting_warp	80245b54	340
level_trigger_warp	80245ca8	1256
initiate_delayed_warp	80246190	544
update_hud_values	802463b0	456
basic_update	80246578	64
play_mode_normal	802465b8	436
play_mode_paused	8024676c	200
play_mode_frame_advance	80246834	152
level_set_transition	802468cc	24
play_mode_change_area	802468e4	136
play_mode_change_level	8024696c	144
update_level	80246a04	172
init_level	80246ab0	548
lvl_init_or_update	80246cd4	100
lvl_init_from_save_file	80246d38	288
lvl_set_current_level	80246e58	332
lvl_play_the_end_screen_sound	80246fa4	56
get_mario_cap_flag	80246fe0	124
object_facing_mario	8024705c	116
mario_obj_angle_to_object	802470d0	52
determine_interaction	80247104	612
attack_object	80247368	160
mario_stop_riding_object	80247408	60
mario_grab_used_object	80247444	60
mario_drop_held_object	80247480	168
mario_throw_held_object	80247528	244
mario_stop_riding_and_holding	8024761c	84
does_mario_have_normal_cap_on_head	80247670	20
mario_blow_off_cap	80247684	276
mario_lose_cap_to_enemy	80247798	120
mario_retrieve_cap	80247810	88
able_to_grab_object	80247868	120
mario_get_collided_object	802478e0	76
mario_check_object_grab	8024792c	288
bully_knock_back_mario	80247a4c	532
bounce_off_object	80247c60	92
hit_object_from_below	80247cbc	48
determine_knockback_action	80247cf4	576
push_mario_out_of_object	80247f34	352
bounce_back_from_attack	80248094	176
should_push_or_pull_door	80248144	108
take_damage_from_interact_object	802481b0	164
take_damage_and_knock_back	80248254	236
reset_mario_pitch	80248340	104
interact_coin	802483a8	140
interact_water_ring	80248434	40
interact_star_or_key	8024845c	432
interact_bbh_entrance	8024860c	144
interact_warp	8024869c	336
interact_warp_door	802487ec	400
get_door_save_file_flag	8024897c	200
interact_door	80248a44	540
interact_cannon_base	80248c60	104
interact_igloo_barrier	80248cc8	52
interact_tornado	80248cfc	224
interact_whirlpool	80248ddc	172
interact_strong_wind	80248e88	192
interact_flame	80248f48	324
interact_snufit_bullet	8024908c	228
interact_clam_or_bubba	80249170	136
interact_bully	802491f8	348
interact_shock	80249354	248
interact_mr_blizzard	80249454	84
interact_hit_from_below	802494a8	332
interact_bounce_top	802495f4	296
interact_unknown_08	8024971c	144
interact_damage	802497ac	84
interact_breakable	80249800	172
interact_koopa_shell	802498ac	200
check_object_grab_mario	80249974	232
interact_pole	80249a5c	320
interact_hoot	80249b9c	156
interact_cap	80249c38	380
interact_grabbable	80249db4	276
mario_can_talk	80249ec8	112
check_read_sign	80249f38	288
check_npc_talk	8024a058	200
interact_text	8024a120	108
check_kick_or_punch_wall	8024a18c	332
mario_process_interactions	8024a2d8	364
check_death_barrier	8024a444	124
check_lava_boost	8024a4c0	148
pss_begin_slide	8024a554	72
pss_end_slide	8024a59c	108
mario_handle_special_floors	8024a608	248
is_anim_at_end	8024a700	32
is_anim_past_end	8024a720	32
set_mario_animation	8024a740	220
set_mario_anim_with_accel	8024a81c	248
set_anim_to_frame	8024a914	124
is_anim_past_frame	8024a990	184
find_mario_anim_flags_and_translation	8024aa48	384
update_mario_pos_for_anim	8024abc8	148
return_mario_anim_y_translation	8024ac5c	44
play_sound_if_no_flag	8024ac88	92
play_mario_jump_sound	8024ace4	192
adjust_sound_for_speed	8024ada4	112
play_sound_and_spawn_particles	8024ae14	228
play_mario_action_sound	8024aef8	68
play_mario_landing_sound	8024af3c	68
play_mario_landing_sound_once	8024af80	68
play_mario_heavy_landing_sound	8024afc4	68
play_mario_heavy_landing_sound_once	8024b008	68
play_mario_sound	8024b04c	160
mario_set_forward_vel	8024b0ec	80
mario_get_floor_class	8024b13c	216
mario_get_terrain_sound_addend	8024b214	300
resolve_and_return_wall_collisions	8024b340	144
vec3f_find_ceil	8024b3d0	60
mario_facing_downhill	8024b40c	92
mario_floor_is_slippery	8024b468	200
mario_floor_is_slope	8024b530	200
mario_floor_is_steep	8024b5f8	164
find_floor_height_relative_polar	8024b69c	136
find_floor_slope	8024b724	324
update_mario_sound_and_camera	8024b868	208
set_steep_jump_action	8024b938	228
set_mario_action	8024c148	268
set_jump_from_landing	8024c254	488
set_jumping_action	8024c43c	160
drop_and_set_mario_action	8024c4dc	56
hurt_and_set_mario_action	8024c514	36
check_common_action_exits	8024c538	156
check_common_hold_action_exits	8024c5d4	152
transition_submerged_to_walking	8024c66c	128
set_water_plunge_action	8024c6ec	196
squish_mario_model	8024c7b0	340
debug_print_speed_action_normal	8024c904	232
update_mario_button_inputs	8024c9ec	272
update_mario_joystick_inputs	8024cafc	212
update_mario_geometry_inputs	8024cbd0	632
update_mario_inputs	8024ce48	260
set_submerged_cam_preset_and_spawn_bubbles	8024cf4c	336
update_mario_health	8024d09c	448
update_mario_info_for_cam	8024d25c	108
mario_reset_bodystate	8024d2c8	48
sink_mario_in_quicksand	8024d2f8	52
update_and_return_cap_flags	8024d32c	304
mario_update_hitbox_and_cap_model	8024d45c	344
execute_mario_action	8024d5bc	576
init_mario	8024d7fc	828
init_mario_from_save_file	8024db38	256
get_additive_y_vel_for_jumps	8024dc40	12
stub_mario_step_1	8024dc4c	8
stub_mario_step_2	8024dc54	8
transfer_bully_speed	8024dc5c	284
init_bully_collision_data	8024dd78	140
mario_bonk_reflection	8024de04	212
mario_update_quicksand	8024ded8	404
mario_push_off_steep_floor	8024e06c	112
mario_update_moving_sand	8024e0dc	172
mario_update_windy_ground	8024e188	328
stop_and_set_height_to_floor	8024e2d0	108
stationary_ground_step	8024e33c	160
perform_ground_step	8024e5e0	280
check_ledge_grab	8024e6f8	360
perform_air_quarter_step	8024e860	816
apply_twirl_gravity	8024eb90	116
should_strengthen_gravity_for_jump_ascent	8024ec04	132
apply_gravity	8024ec88	720
apply_vertical_wind	8024ef58	244
perform_air_step	8024f04c	400
set_vel_from_pitch_and_yaw	8024f1dc	120
set_vel_from_yaw	8024f254	76
get_credits_str_width	8024f2a0	64
print_displaying_credits_entry	8024f2e0	524
bhv_end_peach_loop	8024f4ec	96
bhv_end_toad_loop	8024f54c	132
geo_switch_peach_eyes	8024f5d0	164
get_star_collection_dialog	8024f67c	88
handle_save_menu	8024f6d4	240
spawn_obj_at_mario_rel_yaw	8024f7c4	88
cutscene_take_cap_off	8024f81c	72
cutscene_put_cap_on	8024f864	72
mario_ready_to_speak	8024f8ac	80
set_mario_npc_dialog	8024f8fc	200
act_reading_npc_dialog	8024f9c4	412
act_waiting_for_dialog	8024fb60	108
act_disappeared	8024fbcc	100
act_reading_automatic_dialog	8024fc30	440
act_reading_sign	8024fde8	336
act_debug_free_move	8024ff38	560
general_star_dance_handler	80250168	568
act_star_dance	802503a0	140
act_star_dance_water	8025042c	176
act_fall_after_star_grab	802504dc	216
common_death_handler	802505b4	88
act_standing_death	8025060c	136
act_electrocution	80250694	64
act_suffocation	802506d4	64
act_death_on_back	80250714	88
act_death_on_stomach	8025076c	88
act_quicksand_death	802507c4	228
act_eaten_by_bubba	802508a8	116
launch_mario_until_land	8025091c	116
act_unlocking_key_door	80250990	404
act_unlocking_star_door	80250b24	360
act_entering_star_door	80250c8c	528
act_going_through_door	80250e9c	288
act_warp_door_spawn	80250fbc	220
act_emerge_from_pipe	80251098	256
act_spawn_spin_airborne	80251198	272
act_spawn_spin_landing	802512a8	92
act_exit_airborne	80251304	116
act_falling_exit_airborne	80251378	96
act_exit_land_save_dialog	802513d8	668
act_death_exit	80251674	128
act_unused_death_exit	802516f4	108
act_falling_death_exit	80251760	108
act_special_exit_airborne	802517cc	196
act_special_death_exit	80251890	152
act_spawn_no_spin_airborne	80251928	100
act_spawn_no_spin_landing	8025198c	112
act_bbh_enter_spin	802519fc	820
act_bbh_enter_jump	80251d30	304
act_teleport_fade_out	80251e60	168
act_teleport_fade_in	80251f08	272
act_shocked	80252018	268
act_squished	80252124	872
act_putting_on_cap	8025248c	132
stuck_in_ground_handler	80252510	284
act_head_stuck_in_ground	8025262c	64
act_butt_stuck_in_ground	8025266c	64
act_feet_stuck_in_ground	802526ac	64
generate_yellow_sparkles	80253034	412
mario_execute_cutscene_action	80254724	1208
add_tree_leaf_particles	80254be0	148
play_climbing_sounds	80254c74	184
set_pole_position	80254d2c	600
act_holding_pole	80254f84	776
act_climbing_pole	8025528c	412
act_grab_pole_slow	80255428	120
act_grab_pole_fast	802554a0	220
act_top_of_pole_transition	8025557c	196
act_top_of_pole	80255640	212
perform_hanging_step	80255714	368
update_hang_moving	80255884	340
update_hang_stationary	802559d8	104
act_start_hanging	80255a40	288
act_hanging	80255b60	232
act_hang_moving	80255c48	348
let_go_of_ledge	80255da4	208
climb_up_ledge	80255e74	132
update_ledge_climb_camera	80255ef8	196
update_ledge_climb	80255fbc	116
act_ledge_grab	80256030	528
act_ledge_climb_slow	80256240	208
act_ledge_climb_down	80256310	108
act_ledge_climb_fast	8025637c	152
act_grabbed	80256414	168
act_in_cannon	802564bc	848
act_tornado_twirling	8025680c	720
check_common_automatic_cancels	80256adc	84
mario_execute_automatic_action	80256b30	576
check_common_idle_cancels	80256d70	360
check_common_hold_idle_cancels	80256ed8	360
act_idle	80257040	596
play_anim_sound	80257294	64
act_start_sleeping	802572d4	488
act_sleeping	802574bc	532
act_waking_up	802576d0	320
act_shivering	80257810	448
act_coughing	802579d0	220
act_hold_idle	80257aac	236
act_hold_heavy_idle	80257b98	204
act_standing_against_wall	80257c64	172
act_in_quicksand	80257d10	176
act_crouching	80257dc0	304
act_panting	80257ef0	224
act_hold_panting_unused	80257fd0	216
stopping_step	802580a8	80
act_braking_stop	802580f8	180
act_butt_slide_stop	802581ac	144
act_hold_butt_slide_stop	8025823c	180
act_slide_kick_slide_stop	802582f0	112
act_start_crouching	80258360	232
act_stop_crouching	80258448	232
act_start_crawling	80258530	232
act_stop_crawling	80258618	196
act_shockwave_bounce	802586dc	452
landing_step	802588a0	92
check_common_landing_cancels	802588fc	200
act_jump_land_stop	802589c4	72
act_double_jump_land_stop	80258a0c	72
act_side_flip_land_stop	80258a54	96
act_freefall_land_stop	80258ab4	72
act_triple_jump_land_stop	80258afc	76
act_backflip_land_stop	80258b48	116
act_lava_boost_land	80258bbc	84
act_long_jump_land_stop	80258c10	112
act_hold_jump_land_stop	80258c80	180
act_hold_freefall_land_stop	80258d34	180
act_air_throw_land	80258de8	148
act_twirl_land	80258e7c	272
act_ground_pound_land	80258f8c	152
act_first_person	80259024	340
check_common_stationary_cancels	80259178	248
mario_execute_stationary_action	80259270	1212
tilt_body_running	80259730	88
play_step_sound	80259788	288
align_with_floor	802598a8	108
begin_walking_action	80259914	72
check_ledge_climb_down	8025995c	344
slide_bonk	80259ab4	124
set_triple_jump_action	80259b30	132
update_sliding_angle	80259bb4	600
update_sliding	80259e0c	776
apply_slope_accel	8025a114	396
apply_landing_accel	8025a2a0	124
update_shell_speed	8025a31c	440
apply_slope_decel	8025a4d4	212
update_decelerating_speed	8025a5a8	124
update_walking_speed	8025a624	416
should_begin_sliding	8025a7c4	136
analog_stick_held_back	8025a84c	48
check_ground_dive_or_punch	8025a87c	164
begin_braking_action	8025a920	184
anim_and_audio_for_walk	8025a9d8	828
anim_and_audio_for_hold_walk	8025ad14	548
anim_and_audio_for_heavy_walk	8025af38	80
push_or_sidle_wall	8025af88	424
tilt_body_walking	8025b130	300
tilt_body_ground_shell	8025b25c	300
act_walking	8025b388	500
act_move_punching	8025b57c	308
act_hold_walking	8025b6b0	516
act_hold_heavy_walking	8025b8b4	288
act_turning_around	8025b9d4	492
act_finish_turning_around	8025bbc0	212
act_braking	8025bc94	316
act_decelerating	8025bdd0	536
act_hold_decelerating	8025bfe8	584
act_riding_shell_ground	8025c230	464
act_crawling	8025c400	452
act_burning_ground	8025c5c4	580
tilt_body_butt_slide	8025c808	148
common_slide_action	8025c89c	548
common_slide_action_with_jump	8025cac0	148
act_butt_slide	8025cb54	80
act_hold_butt_slide	8025cba4	120
act_crouch_slide	8025cc1c	324
act_slide_kick_slide	8025cd60	304
stomach_slide_action	8025ce90	196
act_stomach_slide	8025cf54	44
act_hold_stomach_slide	8025cf80	88
act_dive_slide	8025cfd8	264
common_ground_knockback_action	8025d0e0	484
act_hard_backward_ground_kb	8025d2c4	188
act_hard_forward_ground_kb	8025d380	100
act_backward_ground_kb	8025d3e4	52
act_forward_ground_kb	8025d418	52
act_soft_backward_ground_kb	8025d44c	52
act_soft_forward_ground_kb	8025d480	52
act_ground_bonk	8025d4b4	80
act_death_exit_land	8025d504	172
common_landing_action	8025d5b0	356
common_landing_cancels	8025d714	292
act_jump_land	8025d838	84
act_freefall_land	8025d88c	84
act_side_flip_land	8025d8e0	116
act_hold_jump_land	8025d954	128
act_hold_freefall_land	8025d9d4	128
act_long_jump_land	8025da54	176
act_double_jump_land	8025db04	84
act_triple_jump_land	8025db58	132
act_backflip_land	8025dbdc	140
quicksand_jump_land_action	8025dc68	272
act_quicksand_jump_land	8025dd78	56
act_hold_quicksand_jump_land	8025ddb0	56
check_common_moving_cancels	8025dde8	232
mario_execute_moving_action	8025ded0	1228
play_flip_sounds	8025e3a0	100
play_far_fall_sound	8025e404	164
play_knockback_sound	8025e4a8	128
lava_boost_on_wall	8025e528	180
check_fall_damage	8025e5dc	380
check_kick_or_dive_in_air	8025e758	108
should_get_stuck_in_ground	8025e7c4	176
check_fall_damage_or_get_stuck	8025e874	124
check_horizontal_wind	8025e8f0	364
update_air_with_turn	8025ea5c	436
update_air_without_turn	8025ec10	520
update_lava_boost_or_twirling	8025ee18	304
update_flying_yaw	8025ef48	304
update_flying_pitch	8025f078	252
update_flying	8025f174	548
common_air_action_step	8025f398	528
act_jump	8025f5a8	132
act_double_jump	8025f62c	180
act_triple_jump	8025f6e0	196
act_backflip	8025f7a4	132
act_freefall	8025f828	180
act_hold_jump	8025f8dc	200
act_hold_freefall	8025f9a4	192
act_side_flip	8025fa64	208
act_wall_kick_air	8025fb34	128
act_long_jump	8025fbb4	172
act_riding_shell_air	8025fc60	204
act_twirling	8025fd2c	332
act_dive	8025fe78	584
act_air_throw	802600c0	220
act_water_jump	8026019c	296
act_hold_water_jump	802602c4	276
act_steep_jump	802603d8	308
act_ground_pound	8026050c	612
act_burning_jump	80260770	260
act_burning_fall	80260874	176
act_crazy_box_bounce	80260924	492
common_air_knockback_step	80260b10	320
check_wall_kick	80260c50	108
act_backward_air_kb	80260cbc	100
act_forward_air_kb	80260d20	100
act_hard_backward_air_kb	80260d84	72
act_hard_forward_air_kb	80260dcc	72
act_thrown_backward	80260e14	140
act_thrown_forward	80260ea0	208
act_soft_bonk	80260f70	96
act_getting_blown	80260fd0	420
act_air_hit_wall	80261174	344
act_forward_rollout	802612cc	332
act_backward_rollout	80261418	340
act_butt_slide_air	8026156c	408
act_hold_butt_slide_air	80261704	464
act_lava_boost	802618d4	600
act_slide_kick	80261b2c	496
act_jump_kick	80261d1c	256
act_shot_from_cannon	80261e1c	532
act_flying	80262030	1072
act_riding_hoot	80262460	344
act_flying_triple_jump	802625b8	636
act_top_of_pole_jump	80262834	60
act_vertical_wind	80262870	388
act_special_triple_jump	802629f4	376
check_common_airborne_cancels	80262b6c	192
mario_execute_airborne_action	80262c2c	1256
mario_execute_submerged_action	80266a50	1044
animated_stationary_ground_step	80266e70	80
mario_update_punch_sequence	80266ec0	856
act_punching	80267218	240
act_picking_up	80267308	336
act_dive_picking_up	80267458	140
act_placing_down	802674e4	148
act_throwing	80267578	256
act_heavy_throw	80267678	204
act_stomach_slide_stop	80267744	140
act_picking_up_bowser	802677d0	140
act_holding_bowser	8026785c	660
act_releasing_bowser	80267af0	112
check_common_object_cancels	80267b60	160
mario_execute_object_action	80267c00	400
geo_envfx_main	80267d90	384
geo_skybox_main	80267f10	160
geo_draw_mario_head_goddard	80267fb0	152
bhv_toad_message_loop	80268270	168
bhv_toad_message_init	80268318	248
bhv_unlock_door_star_init	80268504	236
bhv_unlock_door_star_loop	802685f0	576
geo_mirror_mario_set_alpha	802688e4	128
geo_switch_mario_stand_run	80268964	64
geo_switch_mario_eyes	802689a4	140
geo_mario_tilt_torso	80268a30	180
geo_mario_head_rotation	80268ae4	220
geo_switch_mario_hand	80268bc0	160
geo_mario_hand_foot_scaler	80268c60	188
geo_switch_mario_cap_effect	80268d1c	60
geo_switch_mario_cap_on_off	80268d58	144
geo_mario_rotate_wing_cap_wings	80268de8	256
geo_switch_mario_hand_grab_pos	80268ee8	304
geo_render_mirror_mario	80269018	452
geo_mirror_mario_backface_culling	802691dc	200
set_segment_base_addr	802692b0	32
get_segment_base_addr	802692d0	32
segmented_to_virtual	802692f0	52
virtual_to_segmented	80269324	44
move_segment_table_to_dmem	80269350	232
main_pool_init	80269438	120
main_pool_alloc	802694b0	156
main_pool_free	8026954c	208
main_pool_realloc	8026961c	80
main_pool_available	8026966c	16
main_pool_push_state	8026967c	152
main_pool_pop_state	80269714	68
load_segment	80269894	80
load_to_fixed_pool_addr	802698e4	176
load_segment_decompress	80269994	164
load_segment_decompress_heap	80269a38	132
load_engine_code_segment	80269abc	120
alloc_only_pool_init	80269b34	92
alloc_only_pool_alloc	80269b90	68
alloc_only_pool_resize	80269bd4	76
mem_pool_init	80269c20	96
mem_pool_alloc	80269c80	144
mem_pool_free	80269d10	244
alloc_display_list	80269e04	64
setup_dma_table_list	80269ea4	68
load_patchable_table	80269ee8	132
save_file_do_save	8026a4a8	120
save_file_erase	8026a520	88
save_file_copy	8026a578	120
save_file_load_all	8026a5f0	416
save_file_reload	8026a790	108
save_file_collect_star_or_key	8026a7fc	416
save_file_exists	8026a99c	36
save_file_get_max_coin_score	8026a9c0	220
save_file_get_course_star_count	8026aa9c	168
save_file_get_total_star_count	8026ab44	120
save_file_set_flags	8026abbc	64
save_file_clear_flags	8026abfc	72
save_file_get_flags	8026ac44	80
save_file_get_star_flags	8026ac94	88
save_file_set_star_flags	8026acec	144
save_file_get_course_coin_score	8026ad7c	32
save_file_is_cannon_unlocked	8026ad9c	56
save_file_set_cannon_unlocked	8026add4	84
save_file_set_cap_pos	8026ae28	132
save_file_get_cap_pos	8026aeac	148
save_file_set_sound_mode	8026af40	64
save_file_get_sound_mode	8026af80	12
save_file_move_cap_to_default_location	8026af8c	156
eu_set_language	8026b028	52
eu_get_language	8026b05c	12
disable_warp_checkpoint	8026b068	12
check_if_should_set_warp_checkpoint	8026b074	84
check_warp_checkpoint	8026b0c8	120
override_viewport_and_clip	8026b140	92
set_warp_transition_rgb	8026b19c	120
print_intro_text	8026b214	124
get_mario_spawn_type	8026b290	184
area_get_warp_node	8026b348	64
area_get_warp_node_from_params	8026b388	48
load_obj_warp_nodes	8026b3b8	112
clear_areas	8026b428	156
clear_area_graph_nodes	8026b4c4	128
load_area	8026b544	200
unload_area	8026b60c	96
load_mario_area	8026b66c	108
unload_mario_area	8026b6d8	128
change_area	8026b758	132
area_update_objects	8026b7dc	52
play_transition	8026b810	320
play_transition_after_delay	8026b950	96
render_game	8026b9b0	604
geo_set_animation_globals	8026cf50	288
geo_process_held_object	8026d854	748
geo_try_process_children	8026db40	44
geo_process_node_and_siblings	8026db6c	568
geo_process_root	8026dda4	600
profiler_log_thread5_time	8026e000	144
profiler_log_thread4_time	8026e090	124
profiler_log_gfx_time	8026e10c	144
profiler_log_vblank_time	8026e19c	124
draw_profiler_bar	8026e218	536
draw_reference_profiler_bars	8026e430	380
draw_profiler_mode_1	8026e5ac	648
draw_profiler_mode_0	8026e834	1204
draw_profiler	8026ece8	112
decompress	8026ed60	152
set_camera_shake_from_hit	8026ee00	740
set_environmental_camera_shake	8026f0e4	296
set_camera_shake_from_point	8026f20c	316
unused_set_camera_pitch_shake_env	8026f348	132
calc_y_to_curr_floor	8026f3cc	400
focus_on_mario	8026f55c	176
set_camera_height	8026f614	636
look_down_slopes	8026f890	276
pan_ahead_of_player	8026f9a4	388
find_in_bounds_yaw_wdw_bob_thi	8026fb28	296
update_radial_camera	8026fc50	292
update_8_directions_camera	8026fd74	320
radial_camera_move	8026feb4	1332
lakitu_zoom	802703e8	452
radial_camera_input_default	802705ac	32
update_yaw_and_dist_from_c_up	802705cc	96
mode_radial_camera	8027062c	240
mode_8_directions_camera	8027071c	236
update_outward_radial_camera	80270808	284
mode_outward_radial_camera	80270924	228
update_parallel_tracking_camera	80270a08	1836
update_fixed_camera	80271134	804
update_boss_fight_camera	80271458	1128
unused_update_mode_5_camera	802718c0	16
mode_boss_fight_camera	802718d8	48
mode_parallel_tracking_camera	80271908	88
mode_fixed_camera	80271960	152
update_behind_mario_camera	802719f8	1368
mode_behind_mario	80271f50	428
update_slide_camera	802720fc	984
mode_behind_mario_camera	802724d4	40
nop_update_water_camera	802724fc	16
mode_water_surface_camera	8027250c	40
update_mario_camera	80272534	136
update_default_camera	802725bc	3752
mode_default_camera	80273464	56
mode_lakitu_camera	8027349c	44
mode_mario_camera	802734c8	44
update_spiral_stairs_camera	802734f4	644
mode_spiral_stairs_camera	80273778	48
update_slide_or_0f_camera	802737a8	136
mode_slide_camera	80273838	124
store_lakitu_cam_info_for_c_up	802738b4	128
set_mode_c_up	80273934	88
exit_c_up	8027398c	1084
update_c_up	80273dc8	140
move_mario_head_c_up	80273e54	280
move_into_c_up	80273f6c	552
mode_c_up_camera	80274194	376
update_in_cannon	8027430c	112
mode_cannon_camera	8027437c	196
transition_next_state	80274440	60
transition_to_camera_mode	8027447c	228
set_camera_mode	80274560	608
update_lakitu	802747c0	1008
update_camera	80274bb0	1404
reset_camera	8027512c	568
init_camera	80275364	1592
zoom_out_if_paused_and_outside	8027599c	400
select_mario_cam_mode	80275b2c	16
create_camera	80275b3c	144
update_graph_node_camera	80275bcc	88
geo_camera_main	80275c24	84
stub_camera_2	80275c78	8
stub_camera_3	80275c80	8
vec3f_sub	80275c88	52
object_pos_to_vec3f	80275cbc	28
vec3f_to_object_pos	80275cd8	28
unused_object_angle_to_vec3s	80275cf4	28
evaluate_cubic_spline	80275d10	808
move_point_along_spline	80276038	748
cam_select_alt_mode	80276324	192
set_cam_angle	802763e4	236
set_handheld_shake	802764d0	264
shake_camera_handheld	802765d8	788
find_c_buttons_pressed	802768ec	172
update_camera_hud_status	80276998	176
collide_with_walls	80276a48	368
vec3f_compare	80276bb8	92
clamp_pitch	80276c14	164
is_within_100_units_of_mario	80276cb8	108
set_or_approach_f32_asymptotic	80276d24	112
approach_f32_asymptotic_bool	80276d94	96
approach_f32_asymptotic	80276df4	24
approach_s16_asymptotic_bool	80276e0c	172
approach_s16_asymptotic	80276eb8	184
approach_vec3f_asymptotic	80276f70	100
set_or_approach_vec3f_asymptotic	80276fd4	100
approach_vec3s_asymptotic	80277038	104
camera_approach_s16_symmetric_bool	802770a0	168
camera_approach_s16_symmetric	80277148	172
set_or_approach_s16_symmetric	802771f4	116
camera_approach_f32_symmetric_bool	80277268	184
camera_approach_f32_symmetric	80277320	156
random_vec3s	802773bc	200
reduce_by_dist_from_camera	80277484	464
clamp_positions_and_find_yaw	80277654	160
calc_avoid_yaw	802776f4	76
is_surf_within_bounding_box	80277740	700
is_behind_surface	802779fc	308
is_range_behind_surface	80277b30	260
is_mario_behind_surface	80277c34	44
scale_along_line	80277c60	112
is_pos_in_bounds	80277cd0	264
calculate_pitch	80277dd8	92
calculate_yaw	80277e34	52
calculate_angles	80277e68	136
calc_abs_dist	80277ef0	84
calc_hor_dist	80277f44	68
rotate_in_xz	80277f88	160
rotate_in_yz	80278028	164
set_camera_pitch_shake	802780cc	76
set_camera_yaw_shake	80278118	156
set_camera_roll_shake	802781b4	76
set_pitch_shake_from_point	80278200	152
set_yaw_shake_from_point	80278298	152
increment_shake_offset	80278330	68
shake_camera_pitch	80278374	236
shake_camera_yaw	80278460	228
shake_camera_roll	80278544	184
offset_yaw_outward_radial	802785fc	476
cutscene_intro_peach_play_message_music	802787d8	40
cutscene_intro_peach_play_lakitu_flying_music	80278800	40
play_camera_buzz_if_cdown	80278828	56
play_camera_buzz_if_cbutton	80278860	56
play_camera_buzz_if_c_sideways	80278898	64
play_sound_cbutton_up	802788d8	44
play_sound_cbutton_down	80278904	44
play_sound_cbutton_side	80278930	44
play_sound_button_change_blocked	8027895c	44
play_sound_rbutton_changed	80278988	44
play_sound_if_cam_switched_to_lakitu_or_mario	802789b4	96
radial_camera_input	80278a14	696
trigger_cutscene_dialog	80278ccc	52
handle_c_button_movement	80278d00	520
clear_cutscene_vars	80278f08	204
start_cutscene	80278fd4	52
determine_dance_cutscene	80279008	132
open_door_cutscene	8027908c	84
get_cutscene_from_mario_status	802790e0	912
warp_camera	80279470	268
approach_camera_height	8027957c	132
stub_camera_4	80279600	20
set_focus_rel_mario	80279614	252
offset_rotated	80279718	332
offset_rotated_coords	80279864	80
determine_pushing_or_pulling_door	802798b4	48
next_lakitu_state	802798e4	1268
set_camera_mode_fixed	80279de0	308
set_camera_mode_8_directions	80279f14	64
set_camera_mode_boss_fight	80279f54	72
set_camera_mode_close_cam	80279f9c	48
set_camera_mode_radial	80279fcc	204
parallel_tracking_init	8027a098	172
set_fixed_cam_axis_sa_lobby	8027a144	124
check_blocking_area_processing	8027a1c0	184
cam_rr_exit_building_side	8027a278	40
cam_rr_exit_building_top	8027a2a0	112
cam_rr_enter_building_window	8027a310	52
cam_rr_enter_building	8027a344	92
cam_rr_enter_building_side	8027a3a0	52
cam_cotmc_exit_waterfall	8027a3d4	28
cam_sl_snowman_head_8dir	8027a3f0	64
cam_sl_free_roam	8027a430	36
move_camera_through_floor_while_descending	8027a454	104
cam_hmc_enter_maze	8027a4bc	176
cam_hmc_elevator_black_hole	8027a56c	32
cam_hmc_elevator_maze_emergency_exit	8027a58c	36
cam_hmc_elevator_lake	8027a5b0	36
cam_hmc_elevator_maze	8027a5d4	36
cam_ssl_enter_pyramid_top	8027a5f8	36
cam_ssl_pyramid_center	8027a61c	56
cam_ssl_boss_room	8027a654	56
cam_thi_move_cam_through_tunnel	8027a68c	44
cam_thi_look_through_tunnel	8027a6b8	44
cam_bob_tower	8027a6e4	56
cam_bob_default_free_roam	8027a71c	36
cam_castle_hmc_start_pool_cutscene	8027a740	64
cam_castle_lobby_entrance	8027a780	108
cam_castle_look_upstairs	8027a7ec	136
cam_castle_basement_look_downstairs	8027a874	112
cam_castle_enter_lobby	8027a8e4	88
cam_castle_enter_spiral_stairs	8027a93c	36
cam_castle_close_mode	8027a968	32
cam_castle_leave_lobby_sliding_door	8027a988	44
cam_castle_enter_lobby_sliding_door	8027a9b4	32
cam_bbh_room_6	8027a9d4	36
cam_bbh_fall_off_roof	8027a9f8	32
cam_bbh_fall_into_pool	8027aa18	144
cam_bbh_room_1	8027aaa8	40
cam_bbh_leave_front_door	8027aad0	36
cam_bbh_room_2_lower	8027aaf4	40
cam_bbh_room_4	8027ab1c	40
cam_bbh_room_8	8027ab44	40
cam_bbh_room_5_library	8027ab6c	40
cam_bbh_room_5_library_to_hidden_transition	8027ab94	64
cam_bbh_room_5_hidden_to_library_transition	8027abd4	64
cam_bbh_room_5_hidden	8027ac14	48
cam_bbh_room_3	8027ac44	40
cam_bbh_room_7_mr_i	8027ac6c	40
cam_bbh_room_7_mr_i_to_coffins_transition	8027ac94	64
cam_bbh_room_7_coffins_to_mr_i_transition	8027acd4	64
cam_bbh_elevator_room_lower	8027ad14	36
cam_bbh_room_0_back_entrance	8027ad38	32
cam_bbh_elevator	8027ad58	72
cam_bbh_room_12_upper	8027ada0	48
cam_bbh_enter_front_door	8027add0	32
cam_bbh_room_2_library	8027adf0	40
cam_bbh_room_2_library_to_trapdoor_transition	8027ae18	64
cam_bbh_room_2_trapdoor	8027ae58	40
cam_bbh_room_2_trapdoor_transition	8027ae80	64
cam_bbh_room_9_attic	8027aec0	40
cam_bbh_room_9_attic_transition	8027aee8	64
cam_bbh_room_9_mr_i_transition	8027af28	64
cam_bbh_room_13_balcony	8027af68	40
cam_bbh_room_0	8027af90	48
cam_ccm_enter_slide_shortcut	8027afc0	28
cam_ccm_leave_slide_shortcut	8027afdc	28
surface_type_modes	8027aff8	128
set_mode_if_not_set_by_surface	8027b078	88
surface_type_modes_thi	8027b0d0	212
camera_course_processing	8027b1a4	1456
resolve_geometry_collisions	8027b754	472
rotate_camera_around_walls	8027b92c	840
find_mario_floor_and_ceil	8027bc74	348
start_object_cutscene	8027bdd0	40
start_object_cutscene_without_focus	8027bdf8	28
unused_dialog_cutscene_response	8027be14	104
cutscene_object_with_dialog	8027be7c	176
cutscene_object_without_dialog	8027bf2c	44
cutscene_object	8027bf58	112
update_camera_yaw	8027bfc8	60
cutscene_reset_spline	8027c004	24
stop_cutscene_and_retrieve_stored_info	8027c01c	84
cap_switch_save	8027c070	44
init_spline_point	8027c09c	60
copy_spline_segment	8027c0d8	308
cutscene_common_set_dialog_state	8027c20c	60
cutscene_intro_peach_start_letter_music	8027c280	32
cutscene_intro_peach_start_flying_music	8027c2a0	48
cutscene_intro_peach_eu_lower_volume	8027c2d0	44
reset_pan_distance	8027c2fc	20
player2_rotate_cam	8027c310	508
store_info_cannon	8027c50c	96
retrieve_info_cannon	8027c56c	92
store_info_star	8027c5c8	92
retrieve_info_star	8027c624	64
pan_camera	8027c674	144
cutscene_shake_explosion	8027c704	44
rotate_and_move_vec3f	8027c738	152
set_flag_post_door	8027c7d0	64
cutscene_soften_music	8027c810	44
cutscene_unsoften_music	8027c83c	40
cutscene_unused_start	8027c86c	8
cutscene_unused_loop	8027c874	8
cutscene_ending_mario_fall_start	8027c87c	76
cutscene_ending_mario_fall_focus_mario	8027c8c8	160
cutscene_ending_mario_fall	8027c968	104
cutscene_ending_mario_land_closeup	8027c9d0	104
cutscene_ending_reset_spline	8027ca38	44
cutscene_ending_fly_up_to_window	8027ca64	96
cutscene_ending_stars_free_peach	8027cac4	104
cutscene_ending_mario_land	8027cb2c	220
cutscene_ending_peach_appear_closeup	8027cc08	132
cutscene_ending_peach_appears	8027cc8c	184
cutscene_ending_peach_descends_start	8027cd44	44
cutscene_ending_follow_peach_descent	8027cd70	100
cutscene_ending_peach_descent_lower_focus	8027cdd4	48
cutscene_ending_peach_descent_back_to_mario	8027ce04	124
cutscene_ending_peach_descends	8027ce80	208
cutscene_ending_mario_to_peach	8027cf50	152
cutscene_ending_look_up_at_castle	8027cfe8	60
cutscene_ending_peach_wakeup	8027d024	188
cutscene_ending_dialog	8027d0e0	116
cutscene_ending_kiss_closeup	8027d154	92
cutscene_ending_kiss_here_we_go	8027d1b0	180
cutscene_ending_kiss	8027d264	104
cutscene_ending_look_at_sky	8027d2cc	92
cutscene_ending_zoom_fov	8027d328	24
cutscene_ending_cake_for_mario	8027d340	172
cutscene_ending_stop	8027d3ec	56
cutscene_grand_star_start	8027d424	100
cutscene_grand_star_front_of_mario	8027d488	212
cutscene_grand_star_mario_jump	8027d55c	92
cutscene_grand_star_accel_cvar2	8027d5b8	60
cutscene_grand_star_approach_mario	8027d5f4	124
cutscene_grand_star_move_cvar2	8027d670	56
cutscene_grand_star_focus_mario	8027d6a8	140
cutscene_grand_star	8027d734	224
cutscene_grand_star_fly_start	8027d814	200
cutscene_grand_star_fly_move_to_mario	8027d8dc	124
cutscene_grand_star_fly_mario_offscreen	8027d958	268
cutscene_grand_star_fly_app_cvars	8027da64	268
cutscene_grand_star_fly	8027db70	144
focus_in_front_of_mario	8027dc00	124
cutscene_dance_move_to_mario	8027dc7c	144
cutscene_dance_rotate	8027dd0c	64
cutscene_dance_rotate_move_back	8027dd4c	60
cutscene_dance_rotate_move_towards_mario	8027dd88	60
cutscene_dance_default_focus_mario	8027ddcc	40
cutscene_dance_rotate_focus_mario	8027ddf4	40
cutscene_dance_shake_fov	8027de1c	44
cutscene_dance_default_rotate	8027de48	344
star_dance_bound_yaw	8027dfa0	164
cutscene_dance_closeup_start	8027e044	200
cutscene_dance_closeup_focus_mario	8027e10c	132
cutscene_dance_closeup_fly_above	8027e190	236
cutscene_dance_closeup_fly_closer	8027e27c	164
cutscene_dance_closeup_zoom	8027e320	36
cutscene_dance_closeup_shake_fov	8027e344	44
cutscene_dance_closeup	8027e370	380
cutscene_dance_fly_away_start	8027e4ec	324
cutscene_dance_fly_away_approach_mario	8027e630	164
cutscene_dance_fly_away_focus_mario	8027e6d4	132
cutscene_pan_cvar9	8027e758	92
cutscene_dance_fly_rotate_around_mario	8027e7b4	72
cutscene_dance_fly_away_rotate_while_flying	8027e7fc	64
cutscene_dance_fly_away_shake_fov	8027e83c	44
cutscene_dance_fly_away	8027e868	216
cutscene_key_dance_jump_cvar	8027e940	96
cutscene_key_dance_jump_closeup	8027e9a0	76
cutscene_key_dance_jump_lower_left	8027e9ec	80
cutscene_key_dance_jump_above	8027ea3c	96
cutscene_key_dance_jump_last	8027ea9c	88
cutscene_key_dance_shake_fov	8027eaf4	44
cutscene_key_dance_handheld_shake	8027eb20	36
cutscene_key_dance_focus_mario	8027eb44	40
cutscene_key_dance	8027eb6c	252
cutscene_bowser_area_shake_fov	8027ec68	36
cutscene_bowser_area_start_bowser_walking	8027ec8c	24
cutscene_bowser_arena_set_pos	8027eca4	104
cutscene_bowser_arena_focus_sine	8027ed0c	112
cutscene_bowser_arena_set_focus	8027ed7c	60
cutscene_bowser_arena_adjust_offsets	8027edb8	100
cutscene_bowser_arena_pan_left	8027ee1c	52
cutscene_bowser_arena_mario_dialog	8027ee50	36
cutscene_stop_dialog	8027ee74	36
cutscene_bowser_arena_start	8027ee98	148
bowser_fight_intro_dialog	8027ef2c	88
cutscene_bowser_arena_dialog	8027ef84	76
cutscene_bowser_arena_end	8027efd0	108
cutscene_bowser_arena	8027f03c	368
cutscene_star_spawn_store_info	8027f1ac	32
cutscene_star_spawn_focus_star	8027f1cc	108
cutscene_star_spawn_update_boss_fight	8027f238	112
cutscene_star_spawn_fly_back	8027f2a8	44
cutscene_star_spawn	8027f2d4	124
cutscene_star_spawn_back	8027f350	140
cutscene_star_spawn_end	8027f3dc	40
cutscene_exit_waterfall_warp	8027f404	56
cutscene_exit_to_castle_grounds_focus_mario	8027f43c	152
cutscene_exit_waterfall	8027f4d4	84
cutscene_exit_to_castle_grounds_end	8027f528	64
cutscene_exit_fall_to_castle_grounds_warp	8027f568	56
cutscene_exit_fall_to_castle_grounds	8027f5a0	84
cutscene_red_coin_star_start	8027f5f4	68
cutscene_red_coin_star_focus_xz	8027f638	88
cutscene_red_coin_star_focus_y	8027f690	52
cutscene_red_coin_star_look_up_at_star	8027f6c4	48
cutscene_red_coin_star_warp	8027f6f4	320
cutscene_red_coin_star_set_fov	8027f834	24
cutscene_red_coin_star	8027f84c	228
cutscene_red_coin_star_end	8027f930	64
cutscene_goto_cvar_pos	8027f970	668
cutscene_prepare_cannon_start	8027fc0c	112
cutscene_prepare_cannon_fly_to_cannon	8027fc7c	80
cannon_approach_prev	8027fccc	92
cutscene_prepare_cannon_fly_back	8027fd28	268
cutscene_prepare_cannon	8027fe34	120
cutscene_prepare_cannon_end	8027feac	60
water_death_move_to_mario_side	8027fee8	144
death_goto_mario	8027ff78	44
cutscene_death_standing_start	8027ffa4	92
cutscene_death_standing_goto_mario	80280000	40
cutscene_death_standing	80280028	92
cutscene_death_stomach_start	80280084	112
cutscene_death_stomach_goto_mario	802800f4	48
cutscene_death_stomach	8028012c	104
cutscene_bbh_death_start	80280194	112
cutscene_bbh_death_goto_mario	80280204	48
cutscene_bbh_death	80280234	104
cutscene_quicksand_death_start	8028029c	44
cutscene_quicksand_death_goto_mario	802802c8	76
cutscene_quicksand_death	80280314	156
cutscene_suffocation_fly_away	802803b0	124
cutscene_suffocation_stay_above_gas	8028042c	132
cutscene_suffocation_rotate	802804b0	124
cutscene_suffocation	8028052c	152
cutscene_enter_pool_start	802805c4	172
cutscene_enter_pool_loop	80280670	44
cutscene_enter_pool	8028069c	92
cutscene_pyramid_top_explode_start	802806f8	88
cutscene_pyramid_top_explode_zoom_in	80280750	36
cutscene_pyramid_top_explode_focus	80280774	80
cutscene_pyramid_top_explode_warp	802807c4	216
cutscene_pyramid_top_explode_closeup	8028089c	188
cutscene_pyramid_top_explode_cam_shake	80280958	36
cutscene_pyramid_top_explode_warp_back	8028097c	72
cutscene_pyramid_top_explode	802809c4	204
cutscene_pyramid_top_explode_end	80280a90	52
cutscene_enter_pyramid_top_start	80280ac4	76
cutscene_enter_pyramid_top	80280b10	148
cutscene_dialog_start	80280bac	304
cutscene_dialog_move_mario_shoulder	80280cdc	464
cutscene_dialog_create_dialog_box	80280eac	80
cutscene_dialog	80280efc	268
cutscene_dialog_set_flag	80281008	28
cutscene_dialog_end	80281024	56
cutscene_read_message_start	8028105c	112
cutscene_read_message	802810d4	316
cutscene_read_message_set_flag	80281210	28
cutscene_read_message_end	8028122c	28
cutscene_exit_succ_start	80281248	136
cutscene_non_painting_set_cam_pos	802812d0	316
cutscene_non_painting_set_cam_focus	8028140c	264
cutscene_exit_bowser_succ_focus_left	80281514	52
cutscene_exit_bowser_key_toss_shake	80281548	52
cutscene_exit_succ_shake_landing	8028157c	36
cutscene_exit_bowser_succ	802815a0	180
cutscene_non_painting_end	80281654	112
cutscene_exit_non_painting_succ_override_cvar	802816c4	56
cutscene_exit_non_painting_succ	802816fc	188
cutscene_non_painting_death_start	802817b8	132
cutscene_exit_bowser_death	8028183c	100
cutscene_non_painting_death_override_offset	802818a0	156
cutscene_non_painting_death	8028193c	140
cutscene_cap_switch_press_start	802819c8	100
cutscene_cap_switch_press_rotate_around_mario	80281a2c	180
cutscene_cap_switch_press_lower_cam	80281ae0	60
cutscene_cap_switch_press_approach_mario	80281b1c	260
cutscene_cap_switch_press_pan_left	80281c20	116
cutscene_cap_switch_press_create_dialog	80281c94	56
cutscene_cap_switch_press	80281cd4	360
cutscene_unlock_key_door_start	80281e3c	172
cutscene_unlock_key_door_approach_mario	80281ee8	104
cutscene_unlock_key_door_focus_lock	80281f50	80
cutscene_unlock_key_door_stub	80281fa0	8
cutscene_unlock_key_door_fly_back	80281fa8	104
cutscene_unlock_key_door_fov_shake	80282010	36
cutscene_unlock_key_door	80282034	180
intro_peach_move_camera_start_to_pipe	802820e8	196
peach_letter_text	802821ac	36
play_sound_peach_reading_letter	802821d0	48
cutscene_intro_peach_start_to_pipe_spline	80282200	84
cutscene_intro_peach_dialog	80282254	120
cutscene_intro_peach_follow_pipe_spline	802822cc	96
cutscene_intro_peach_clear_cutscene_status	8028232c	20
cutscene_intro_peach_zoom_fov	80282340	52
cutscene_intro_peach_reset_spline	80282374	60
cutscene_intro_peach_handheld_shake_off	802823b0	36
intro_pipe_exit_text	802823d4	36
play_sound_intro_turn_on_hud	802823f8	32
cutscene_intro_peach_fly_to_pipe	80282418	176
cutscene_intro_peach_mario_appears	802824c8	272
cutscene_intro_peach_reset_fov	802825d8	36
cutscene_intro_peach_letter	802825fc	260
cutscene_end_waving_start	80282700	32
cutscene_end_waving	80282720	136
cutscene_credits_reset_spline	802827a8	32
cutscene_credits	802827c8	844
cutscene_sliding_doors_open_start	80282b14	168
cutscene_sliding_doors_open_set_cvars	80282bbc	104
cutscene_sliding_doors_go_under_doorway	80282c24	48
cutscene_sliding_doors_fly_back_up	80282c54	48
cutscene_sliding_doors_follow_mario	80282c84	260
cutscene_sliding_doors_open	80282d88	160
cutscene_double_doors_end	80282e28	56
cutscene_enter_painting_stub	80282e60	8
cutscene_enter_painting	80282e68	612
cutscene_exit_painting_start	802830cc	336
cutscene_exit_painting_move_to_mario	8028321c	132
cutscene_exit_painting_move_to_floor	802832a0	240
cutscene_exit_painting	80283390	160
cutscene_unused_exit_start	80283430	144
cutscene_unused_exit_focus_mario	802834c0	152
cutscene_exit_painting_end	80283558	84
cutscene_enter_cannon_end	802835ac	64
cutscene_enter_cannon_raise	802835ec	448
cutscene_enter_cannon_start	802837ac	196
cutscene_door_start	80283870	68
cutscene_door_fix_cam	802838b4	64
cutscene_door_loop	802838f4	64
cutscene_door_move_behind_mario	80283934	204
cutscene_door_follow_mario	80283a00	144
cutscene_door_end	80283a90	120
cutscene_door_mode	80283b08	172
play_cutscene	80283bb4	2612
cutscene_event	802845e8	108
cutscene_spawn_obj	80284654	40
set_fov_shake	8028467c	88
set_fov_shake_from_point	802846d4	140
shake_camera_fov	80284760	188
set_fov_30	80284824	24
approach_fov_20	8028483c	52
set_fov_45	80284870	24
set_fov_29	80284888	24
zoom_fov_30	802848a0	84
fov_default	802848f4	252
approach_fov_30	802849f8	48
approach_fov_60	80284a28	48
approach_fov_45	80284a58	68
approach_fov_80	80284a9c	48
set_fov_bbh	80284acc	124
geo_camera_fov	80284b48	320
set_fov_function	80284c88	16
cutscene_set_fov_shake_preset	80284c98	96
set_fov_shake_from_point_preset	80284cf8	264
obj_rotate_towards_point	80284e10	160
intro_peach_set_pos_and_opacity	80284eb0	232
bhv_intro_peach_loop	80284f98	412
intro_lakitu_set_offset_from_camera	80285134	196
intro_lakitu_set_focus	802851f8	104
intro_lakitu_set_pos_and_focus	80285260	168
bhv_intro_lakitu_loop	80285308	1936
bhv_end_birds_1_loop	80285a98	344
bhv_end_birds_2_loop	80285bf0	344
spawn_child_obj_relative	80285d48	304
bhv_intro_scene_loop	80285e78	1128
nop_change_course	802862e0	8
copy_mario_state_to_object	802862f0	244
spawn_particle	802863e4	100
bhv_mario_update	80286448	140
update_objects_starting_at	802864d4	116
update_objects_during_time_stop	80286548	288
update_objects_in_list	80286668	76
unload_deactivated_objects_in_list	802866b4	164
set_object_respawn_info_bits	80286758	96
unload_objects_from_area	802867b8	168
spawn_objects_from_info	80286860	420
stub_obj_list_processor_1	80286a04	8
clear_objects	80286a0c	228
update_terrain_objects	80286af0	68
update_non_terrain_objects	80286b34	160
unload_deactivated_objects	80286bd4	160
update_objects	80286c7c	364
star_door_update_pos	80286df0	136
bhv_star_door_loop	80286e78	424
bhv_piranha_particle_loop	80287020	136
mr_i_piranha_particle_act_0	802870a8	164
mr_i_piranha_particle_act_1	8028714c	112
bhv_mr_i_particle_loop	802871bc	36
spawn_mr_i_particle	802871e0	216
bhv_mr_i_body_loop	802872b8	316
mr_i_act_3	802873f4	1436
mr_i_act_2	80287990	684
mr_i_act_1	80287c3c	448
mr_i_act_0	80287dfc	148
bhv_mr_i_loop	80287e90	136
bhv_pole_init	80287f18	52
bhv_giant_pole_loop	80287f4c	104
bhv_thi_huge_island_top_loop	80287fb4	100
bhv_thi_tiny_island_top_loop	80288018	320
cap_switch_act_0	80288158	264
cap_switch_act_1	80288260	96
cap_switch_act_2	802882c0	188
cap_switch_act_3	8028837c	8
bhv_cap_switch_loop	80288384	36
geo_update_held_mario_pos	802883a8	116
bhv_bobomb_anchor_mario_loop	8028841c	44
king_bobomb_act_0	80288448	248
mario_is_far_below_object	80288540	64
king_bobomb_act_2	80288580	376
king_bobomb_act_3	802886f8	500
king_bobomb_act_1	802888ec	176
king_bobomb_act_6	8028899c	320
king_bobomb_act_7	80288adc	176
king_bobomb_act_8	80288b8c	56
king_bobomb_act_4	80288bc4	324
king_bobomb_act_5	80288d08	544
king_bobomb_move	80288f28	160
bhv_king_bobomb_loop	80288fc8	216
bhv_beta_chest_bottom_init	802890a0	112
bhv_beta_chest_bottom_loop	80289110	40
bhv_beta_chest_lid_loop	80289138	268
bhv_water_air_bubble_init	80289244	40
bhv_water_air_bubble_loop	8028926c	572
bhv_bubble_wave_init	802894a8	128
scale_bubble_random	80289528	60
bhv_bubble_maybe_loop	80289564	340
bhv_small_water_wave_loop	802896b8	336
scale_bubble_sin	80289808	176
bhv_particle_init	802898b8	164
bhv_particle_loop	8028995c	188
bhv_small_bubbles_loop	80289a18	76
bhv_fish_group_loop	80289a64	88
bhv_water_waves_init	80289abc	104
bhv_cannon_base_unused_loop	80289b24	28
opened_cannon_act_0	80289b40	288
opened_cannon_act_4	80289c60	392
opened_cannon_act_6	80289de8	372
opened_cannon_act_5	80289f5c	180
opened_cannon_act_1	8028a010	64
opened_cannon_act_2	8028a050	20
opened_cannon_act_3	8028a064	36
bhv_cannon_base_loop	8028a088	72
bhv_cannon_barrel_loop	8028a0d0	128
common_anchor_mario_behavior	8028a150	284
bhv_chuckya_anchor_mario_loop	8028a26c	44
unknown_chuckya_function	8028a298	344
approach_forward_vel	8028a3f0	140
chuckya_act_0	8028a47c	728
chuckya_act_1	8028a754	472
chuckya_act_3	8028a92c	88
chuckya_act_2	8028a984	88
chuckya_move	8028a9dc	108
bhv_chuckya_loop	8028aa48	240
bhv_wf_breakable_wall_loop	8028ab38	180
check_mario_attacking	8028abec	244
init_kickable_board_rock	8028ace0	32
bhv_kickable_board_loop	8028ad00	684
bhv_tower_door_loop	8028afac	96
bhv_wf_rotating_wooden_platform_loop	8028b00c	140
bhv_rotating_platform_loop	8028b098	248
set_koopa_shell_underwater_hitbox	8028b190	44
bhv_koopa_shell_underwater_loop	8028b1bc	192
bhv_warp_loop	8028b27c	172
bhv_fading_warp_loop	8028b328	172
bhv_white_puff_exploding_loop	8028b3d4	452
spawn_mist_particles_variable	8028b598	120
bhv_spawned_star_init	8028b610	152
set_sparkle_spawn_star_hitbox	8028b6a8	88
set_home_to_mario	8028b700	200
set_y_home_to_pos	8028b7c8	40
slow_star_rotation	8028b7f0	36
bhv_spawned_star_loop	8028b814	700
bhv_spawn_star_no_level_exit	8028bad0	92
bhv_coin_sparkles_init	8028bb2c	96
bhv_yellow_coin_init	8028bb8c	176
bhv_yellow_coin_loop	8028bc3c	52
bhv_temp_coin_loop	8028bc70	80
bhv_spawned_coin_init	8028bcc0	160
bhv_spawned_coin_loop	8028bd60	412
bhv_coin_formation_spawn_loop	8028befc	380
spawn_coin_in_formation	8028c078	504
bhv_coin_formation_init	8028c270	28
bhv_coin_formation_loop	8028c28c	280
coin_inside_boo_act_1	8028c3a4	220
coin_inside_boo_act_0	8028c480	248
bhv_coin_inside_boo_loop	8028c578	36
bhv_coin_sparkles_loop	8028c59c	36
bhv_golden_coin_sparkles_loop	8028c5c0	144
bhv_punch_tiny_triangle_loop	8028c650	228
bhv_punch_tiny_triangle_init	8028c734	264
bhv_wall_tiny_star_particle_loop	8028c83c	168
bhv_tiny_star_particles_init	8028c8e4	264
bhv_pound_tiny_star_particle_loop	8028c9ec	188
bhv_pound_tiny_star_particle_init	8028caa8	128
door_animation_and_reset	8028cb28	56
set_door_camera_event	8028cb60	92
play_door_open_noise	8028cbbc	144
play_warp_door_open_noise	8028cc4c	76
bhv_door_loop	8028cc98	328
bhv_door_init	8028cde0	392
bhv_star_door_loop_2	8028cf68	268
grindel_thwomp_act_idle_at_bottom	8028d074	132
grindel_thwomp_act_lower	8028d0f8	116
grindel_thwomp_act_land	8028d16c	120
grindel_thwomp_act_idle_at_top	8028d1e4	136
grindel_thwomp_act_raise	8028d26c	100
bhv_grindel_thwomp_loop	8028d2d0	36
bhv_tumbling_bridge_platform_loop	8028d2f4	396
tumbling_bridge_act_1	8028d480	416
tumbling_bridge_act_2	8028d620	116
tumbling_bridge_act_3	8028d694	44
tumbling_bridge_act_0	8028d6c0	88
bhv_tumbling_bridge_loop	8028d718	36
elevator_starting_shake	8028d73c	44
elevator_act_0	8028d768	232
elevator_act_1	8028d850	252
elevator_act_2	8028d94c	264
elevator_act_4	8028da54	124
elevator_act_3	8028dad0	120
bhv_elevator_init	8028db48	280
bhv_elevator_loop	8028dc60	36
bhv_water_mist_spawn_loop	8028dc84	56
bhv_water_mist_loop	8028dcbc	204
spawn_triangle_break_particles	8028dd88	384
bhv_water_mist_2_loop	8028df08	184
bhv_pound_white_puffs_init	8028dfc0	40
spawn_mist_from_global	8028dfe8	36
bhv_ground_sand_init	8028e00c	44
spawn_smoke_with_velocity	8028e038	152
clear_particle_flags	8028e0d0	36
bhv_ground_snow_init	8028e0f4	44
spawn_wind_particles	8028e120	156
bhv_wind_loop	8028e1bc	648
bhv_unused_particle_spawn_loop	8028e444	180
bhv_ukiki_cage_star_loop	8028e4f8	312
ukiki_cage_act_wait_for_ukiki	8028e630	60
ukiki_cage_act_spin	8028e66c	80
ukiki_cage_act_fall	8028e6bc	72
ukiki_cage_act_hide	8028e704	32
bhv_ukiki_cage_loop	8028e724	36
bhv_squishable_platform_loop	8028e748	108
bhv_bitfs_sinking_platform_loop	8028e7b4	92
bhv_ddd_moving_pole_loop	8028e810	40
bhv_bitfs_sinking_cage_platform_loop	8028e838	192
bhv_beta_moving_flames_spawn_loop	8028e8f8	180
bhv_beta_moving_flames_loop	8028e9ac	112
bhv_flamethrower_flame_loop	8028ea1c	576
bhv_flamethrower_loop	8028ec5c	336
bhv_rr_rotating_bridge_platform_loop	8028edac	64
bhv_bouncing_fireball_flame_loop	8028edec	360
bhv_bouncing_fireball_loop	8028ef54	364
bhv_bowser_shock_wave_loop	8028f0c0	364
bhv_black_smoke_upward_loop	8028f22c	52
bhv_black_smoke_bowser_loop	8028f260	196
bhv_black_smoke_mario_loop	8028f324	264
bhv_flame_mario_loop	8028f42c	208
bhv_beta_fish_splash_spawner_loop	8028f4fc	44
bhv_spindrift_loop	8028f528	384
bhv_wf_solid_tower_platform_loop	8028f6a8	60
bhv_wf_elevator_tower_platform_loop	8028f6e4	340
bhv_wf_sliding_tower_platform_loop	8028f838	256
spawn_and_init_wf_platforms	8028f938	276
spawn_wf_platform_group	8028fa4c	236
bhv_tower_platform_group_loop	8028fb38	248
bhv_tree_snow_or_leaf_loop	8028fc30	732
bhv_snow_leaf_particle_spawn_init	8028ff0c	440
square_plat_set_yaw_until_timer	802900c4	64
bhv_squarish_path_moving_loop	80290104	292
bhv_piranha_plant_waking_bubbles_loop	80290228	152
bhv_piranha_plant_bubble_loop	802902c0	896
bhv_purple_switch_loop	80290640	520
check_if_moving_over_floor	80290848	172
bhv_pushable_loop	802908f4	256
breakable_box_init	802909f4	148
hidden_breakable_box_actions	80290a88	432
hidden_wdw_platform_actions	80290c38	236
bhv_hidden_object_loop	80290d24	68
bhv_breakable_box_loop	80290d68	120
geo_move_mario_part_from_parent	80290de0	132
bhv_heave_ho_throw_mario_loop	80290e64	212
heave_ho_act_1	80290f38	148
heave_ho_act_2	80290fcc	348
heave_ho_act_3	80291128	152
heave_ho_act_0	802911c0	164
heave_ho_move	80291264	244
bhv_heave_ho_loop	80291358	180
bhv_ccm_touched_star_spawn_loop	8029140c	148
bhv_unused_poundable_platform	802914a0	156
bhv_beta_trampoline_spring_loop	8029153c	244
bhv_beta_trampoline_top_loop	80291630	200
jumping_box_act_0	802916f8	248
jumping_box_act_1	802917f0	64
jumping_box_free_update	80291830	96
bhv_jumping_box_loop	80291890	268
bhv_boo_cage_loop	8029199c	404
spawn_sparkle_particles	80291b30	396
bhv_alpha_boo_key_loop	80291cbc	144
bhv_beta_boo_key_loop	80291ff0	36
arc_to_goal_pos	80292014	208
grand_star_zero_velocity	802920e4	40
bhv_grand_star_loop	8029210c	648
bhv_bowser_key_loop	80292394	332
bhv_white_puff_smoke_init	802924e0	68
bhv_bullet_bill_init	80292524	20
bullet_bill_act_0	80292538	116
bullet_bill_act_1	802925ac	120
bullet_bill_act_2	80292624	336
bullet_bill_act_3	80292774	16
bullet_bill_act_4	80292784	152
bhv_bullet_bill_loop	8029281c	64
bowser_tail_anchor_act_default	8029285c	156
bowser_tail_anchor_thrown	802928f8	36
bowser_tail_anchor_act_touched_mario	8029291c	80
bhv_bowser_tail_anchor_loop	8029296c	104
bhv_bowser_flame_spawn_loop	802929d4	436
bhv_bowser_body_anchor_loop	80292b88	216
bowser_spawn_shockwave	80292c60	88
bowser_bounce_effects	80292cb8	112
bowser_set_anim_look_up_and_walk	80292d28	88
bowser_set_anim_slow_gait	80292d80	72
bowser_set_anim_look_down_stop_walk	80292dc8	80
bowser_init_camera_actions	80292e18	88
bowser_act_wait	80292e70	56
bowser_act_intro_walk	80292ea8	176
bowser_bitdw_actions	80292f60	244
bowser_bitfs_actions	80293054	324
bowser_bits_action_list	80293198	228
bowser_set_act_big_jump	8029327c	20
bowser_bits_actions	80293290	140
bowser_reset_fallen_off_stage	8029331c	136
bowser_act_idle	802933a4	48
bowser_act_default	802933d4	152
bowser_act_breath_fire	8029346c	96
bowser_act_walk_to_mario	802934cc	360
bowser_act_teleport	80293634	404
bowser_act_spit_fire_into_sky	802937c8	248
bowser_act_hit_mine	802938c0	348
bowser_set_anim_jump	80293a1c	52
bowser_land	80293a50	228
bowser_short_second_hop	80293b34	92
bowser_act_big_jump	80293b90	352
bowser_act_quick_jump	80293cf0	232
bowser_act_hit_edge	80293dd8	212
bowser_act_spit_fire_onto_floor	80293eac	260
bowser_turn_on_timer	80293fb0	228
bowser_act_turn_from_edge	80294094	52
bowser_act_charge_mario	802940c8	668
bowser_check_hit_mine	80294364	104
bowser_act_thrown	802943cc	244
bowser_set_goal_invisible	802944c0	80
bowser_act_jump_onto_stage	80294510	820
bowser_act_dance	80294844	88
bowser_spawn_collectable	8029489c	132
bowser_fly_back_dead	80294920	148
bowser_dead_bounce	802949b4	148
bowser_dead_wait_for_mario	80294a48	140
bowser_dead_twirl_up	80294ad4	292
bowser_dead_hide	80294bf8	72
bowser_dead_default_stage_ending	80294c40	276
bowser_dead_final_stage_ending	80294d54	264
bowser_act_dead	80294e5c	272
bowser_tilt_platform	80294f6c	120
bowser_act_tilt_lava_platform	80294fe4	292
bowser_check_fallen_off_stage	80295108	144
bowser_free_update	80295198	208
bowser_held_update	80295268	264
bowser_thrown_dropped_update	80295370	324
bhv_bowser_loop	802954b4	544
bhv_bowser_init	802956d4	212
geo_update_body_rot_from_parent	802957a8	116
bowser_open_eye_switch	8029581c	444
geo_switch_bowser_eyes	802959d8	132
geo_bits_bowser_coloring	80295a5c	184
falling_bowser_plat_act_start	80295b14	116
falling_bowser_plat_act_check	80295b88	228
falling_bowser_plat_act_fall	80295c6c	712
bhv_falling_bowser_platform_loop	80295f34	36
bowser_flame_despawn	80295f58	120
bowser_flame_should_despawn	80295fd0	84
bhv_flame_bowser_init	80296024	208
bhv_flame_large_burning_out_init	802960f4	132
bowser_flame_move	80296178	168
bhv_flame_bowser_loop	80296220	452
bhv_flame_moving_forward_growing_init	802963e4	124
bhv_flame_moving_forward_growing_loop	80296460	240
bhv_flame_floating_landing_init	80296550	240
bhv_flame_floating_landing_loop	80296640	240
bhv_blue_bowser_flame_init	80296730	228
bhv_blue_bowser_flame_loop	80296814	400
bhv_flame_bouncing_init	802969a4	160
bhv_flame_bouncing_loop	80296a44	256
bhv_blue_flames_group_loop	80296b44	252
bhv_blue_fish_movement_loop	80296c40	892
bhv_tank_fish_group_loop	80296fbc	284
vec3f_copy_2	802970d8	28
bhv_checkerboard_elevator_group_init	802970f4	304
checkerboard_plat_act_move_y	80297224	92
checkerboard_plat_act_rotate	80297280	164
bhv_checkerboard_platform_init	80297324	24
bhv_checkerboard_platform_loop	8029733c	552
bhv_ddd_warp_loop	80297564	92
water_level_pillar_undrained	802975c0	448
water_level_pillar_drained	80297780	68
bhv_water_level_pillar_init	802977c4	56
bhv_water_level_pillar_loop	802977fc	108
bhv_invisible_objects_under_bridge_init	80297868	68
geo_scale_bowser_key	802978ac	40
bhv_bowser_key_unlock_door_loop	802978d4	284
bhv_bowser_key_course_exit_loop	802979f0	296
bhv_moat_grills_loop	80297b18	68
bhv_rotating_clock_arm_loop	80297b5c	392
handle_cap_ukiki_reset	80297ce4	120
is_cap_ukiki_and_mario_has_normal_cap_on_head	80297d5c	80
geo_update_projectile_pos_from_parent_copy	80297dac	116
idle_ukiki_taunt	80297e20	444
ukiki_act_idle	80297fdc	576
ukiki_act_return_home	8029821c	108
ukiki_act_wait_to_respawn	80298288	68
ukiki_act_unused_turn	802982cc	68
ukiki_act_turn_to_mario	80298310	236
ukiki_act_run	802983fc	452
ukiki_act_jump	802985c0	224
ukiki_act_go_to_cage	802986a0	784
ukiki_free_loop	802989b0	148
cage_ukiki_held_loop	80298a4c	332
cap_ukiki_held_loop	80298b98	276
bhv_ukiki_init	80298cac	104
bhv_ukiki_loop	80298d14	320
lll_octagonal_mesh_move	80298e54	408
lll_octagonal_mesh_find_y_offset	80298fec	196
bhv_lll_moving_octagonal_mesh_platform_loop	802990b0	276
bhv_lll_sinking_rock_block_loop	802991c4	96
bhv_lll_rotating_hex_flame_loop	80299224	140
fire_bar_spawn_flames	802992b0	348
fire_bar_act_0	8029940c	52
fire_bar_act_1	80299440	76
fire_bar_act_2	8029948c	88
fire_bar_act_3	802994e4	16
bhv_lll_rotating_block_fire_bars_loop	802994f4	64
bhv_lll_wood_piece_loop	80299534	172
bhv_lll_floating_wood_bridge_loop	802995e0	280
bhv_volcano_flames_loop	802996f8	144
hexagonal_ring_spawn_flames	80299788	276
bhv_lll_rotating_hexagonal_ring_loop	8029989c	480
sinking_rectangular_plat_actions	80299a7c	128
bhv_lll_sinking_rectangular_platform_loop	80299afc	144
bhv_lll_sinking_square_platforms_loop	80299b8c	40
create_transform_from_normals	80299bb4	100
bhv_platform_normals_init	80299c18	88
approach_by_increment	80299c70	124
bhv_tilting_inverted_pyramid_loop	80299cec	640
koopa_shell_spawn_water_drop	80299f6c	140
bhv_koopa_shell_flame_loop	80299ff8	288
bhv_koopa_shell_flame_spawn	8029a118	104
koopa_shell_spawn_sparkles	8029a180	68
bhv_koopa_shell_loop	8029a1c4	524
tox_box_shake_screen	8029a3d0	68
tox_box_move	8029a414	448
tox_box_act_roll_forward	8029a5d4	48
tox_box_act_roll_backward	8029a604	48
tox_box_act_roll_right	8029a634	48
tox_box_act_roll_left	8029a664	48
tox_box_act_roll_land	8029a694	144
tox_box_act_idle	8029a724	68
tox_box_act_unused_idle	8029a768	68
tox_box_act_init	8029a7ac	68
bhv_tox_box_loop	8029a7f0	44
piranha_plant_act_idle	8029a81c	100
piranha_plant_check_interactions	8029a880	216
piranha_plant_act_sleeping	8029a958	276
piranha_plant_act_woken_up	8029aa6c	112
piranha_plant_reset_when_far	8029aadc	36
piranha_plant_attacked	8029ab00	84
piranha_plant_act_shrink_and_die	8029ab54	188
piranha_plant_act_wait_to_respawn	8029ac10	52
piranha_plant_act_respawn	8029ac44	168
piranha_plant_act_biting	8029acec	296
mario_moving_fast_enough_to_make_piranha_plant_bite	8029ae14	84
piranha_plant_act_stopped_biting	8029ae68	132
bhv_piranha_plant_loop	8029aeec	128
bhv_lll_bowser_puzzle_spawn_piece	8029af6c	132
bhv_lll_bowser_puzzle_spawn_pieces	8029aff0	212
bhv_lll_bowser_puzzle_loop	8029b0c4	232
bhv_lll_bowser_puzzle_piece_action_0	8029b1ac	8
bhv_lll_bowser_puzzle_piece_action_1	8029b1b4	48
bhv_lll_bowser_puzzle_piece_update	8029b1e4	184
bhv_lll_bowser_puzzle_piece_move	8029b29c	232
bhv_lll_bowser_puzzle_piece_idle	8029b384	36
bhv_lll_bowser_puzzle_piece_move_left	8029b3a8	48
bhv_lll_bowser_puzzle_piece_move_right	8029b3d8	48
bhv_lll_bowser_puzzle_piece_move_up	8029b408	48
bhv_lll_bowser_puzzle_piece_move_down	8029b438	48
bhv_lll_bowser_puzzle_piece_loop	8029b468	112
set_obj_anim_with_accel_and_sound	8029b4d8	168
play_penguin_walking_sound	8029b580	80
tuxies_mother_act_2	8029b5d0	364
tuxies_mother_act_1	8029b73c	448
tuxies_mother_act_0	8029b8fc	416
bhv_tuxies_mother_loop	8029ba9c	88
small_penguin_dive_with_mario	8029baf4	68
small_penguin_act_2	8029bb38	260
small_penguin_act_1	8029bc3c	188
small_penguin_act_3	8029bcf8	124
small_penguin_act_4	8029bd74	96
small_penguin_act_0	8029bdd4	360
small_penguin_act_5	8029bf3c	244
small_penguin_free_actions	8029c030	100
bhv_small_penguin_loop	8029c094	256
geo_switch_tuxie_mother_eyes	8029c194	204
bhv_fish_spawner_loop	8029c46c	36
bhv_fish_loop	8029cae0	264
bhv_wdw_express_elevator_loop	8029cbe8	360
bub_spawner_act_0	8029cd50	156
bub_spawner_act_1	8029cdec	68
bub_spawner_act_2	8029ce30	20
bub_spawner_act_3	8029ce44	16
bhv_bub_spawner_loop	8029ce54	36
bub_move_vertically	8029ce78	152
bub_act_0	8029cf10	100
bub_act_1	8029cf74	472
bub_act_2	8029d14c	508
bhv_bub_loop	8029d348	164
bhv_rotating_exclamation_box_loop	8029d3ec	60
exclamation_box_act_0	8029d428	168
exclamation_box_act_1	8029d4d0	164
exclamation_box_act_2	8029d574	220
exclamation_box_act_3	8029d650	368
exclamation_box_spawn_contents	8029d7c0	208
exclamation_box_act_4	8029d890	160
exclamation_box_act_5	8029d930	40
bhv_exclamation_box_loop	8029d958	52
bhv_sound_spawner_init	8029d98c	44
bhv_bowsers_sub_loop	8029d9b8	52
bhv_sushi_shark_collision_loop	8029d9ec	8
bhv_sushi_shark_loop	8029d9f4	388
bhv_sunken_ship_part_loop	8029db78	116
bhv_ship_part_3_loop	8029dbec	272
bhv_jrb_sliding_box_loop	8029dcfc	648
bhv_white_puff_1_loop	8029df84	180
bhv_white_puff_2_loop	8029e038	52
bhv_hidden_blue_coin_loop	8029e06c	304
bhv_blue_coin_switch_loop	8029e19c	436
bhv_openable_cage_door_loop	8029e350	116
bhv_openable_grill_loop	8029e3c4	392
bhv_init_changing_water_level_loop	8029e54c	196
bhv_water_level_diamond_loop	8029e610	564
tweester_scale_and_move	8029e844	304
tweester_act_idle	8029e974	232
tweester_act_chase	8029ea5c	440
tweester_act_hide	8029ec14	172
bhv_tweester_loop	8029ecc0	68
bhv_tweester_sand_particle_loop	8029ed04	216
bhv_boo_init	8029ee04	20
bhv_courtyard_boo_triplet_init	8029efd4	192
bhv_boo_loop	8029fdfc	136
bhv_big_boo_loop	802a03e4	116
bhv_boo_with_cage_init	802a05b8	100
bhv_boo_with_cage_loop	802a061c	72
bhv_merry_go_round_boo_manager_loop	802a0664	300
obj_set_secondary_camera_focus	802a0790	20
bhv_animated_texture_loop	802a07a4	32
bhv_boo_in_castle_loop	802a07c4	548
bhv_boo_staircase	802a09e8	408
bhv_bbh_tilting_trap_platform_loop	802a0b80	328
bhv_haunted_bookshelf_loop	802a0cc8	200
bhv_merry_go_round_loop	802a0ec8	224
bhv_static_checkered_platform_loop	802a0fa8	292
bhv_beta_bowser_anchor_loop	802a10cc	124
bhv_play_music_track_when_touched_loop	802a1148	104
bhv_floor_trap_in_castle_loop	802a11b0	72
bhv_castle_floor_trap_init	802a11f8	144
bhv_castle_floor_trap_open_detect	802a1288	108
bhv_castle_floor_trap_open	802a12f4	144
bhv_castle_floor_trap_close_detect	802a1384	52
bhv_castle_floor_trap_close	802a13b8	84
bhv_castle_floor_trap_rotate	802a140c	20
bhv_castle_floor_trap_loop	802a1420	140
bhv_pole_base_loop	802a14ac	164
bhv_sparkle_spawn_loop	802a1550	128
update_angle_from_move_flags	802a15d0	80
bhv_scuttlebug_loop	802a1620	1116
bhv_scuttlebug_spawn_loop	802a1a7c	252
whomp_play_sfx_from_pound_animation	802a1b78	144
whomp_init	802a1c08	280
whomp_turn	802a1d20	176
whomp_patrol	802a1dd0	300
king_whomp_chase	802a1efc	272
whomp_prepare_jump	802a200c	80
whomp_jump	802a205c	148
whomp_land	802a20f0	148
king_whomp_on_ground	802a2184	380
whomp_on_ground	802a2300	184
whomp_on_ground_general	802a23b8	300
whomp_die	802a24e4	300
king_whomp_stop_music	802a2610	56
bhv_whomp_loop	802a2648	136
bhv_water_splash_spawn_droplets	802a26d0	164
bhv_water_droplet_loop	802a2774	340
bhv_idle_water_wave_loop	802a28c8	124
bhv_water_droplet_splash_init	802a2944	60
bhv_bubble_splash_init	802a2980	108
bhv_shallow_water_splash_init	802a29ec	80
bhv_wave_trail_shrink	802a2a3c	268
bhv_strong_wind_particle_loop	802a2b48	428
cur_obj_spawn_strong_wind_particles	802a2cf4	568
bhv_sl_snowman_wind_loop	802a2f2c	456
bhv_sl_walking_penguin_loop	802a3170	684
update_mario_platform	802a3420	216
get_mario_pos	802a34f8	36
set_mario_pos	802a351c	32
apply_platform_displacement	802a353c	548
apply_mario_platform_displacement	802a3760	80
clear_mario_platform	802a37b0	12
exec_anim_sound_state	802a37c0	148
create_sound_spawner	802a3854	60
cur_obj_play_sound_1	802a3890	56
cur_obj_play_sound_2	802a38c8	56
calc_dist_to_volume_range_1	802a3900	124
calc_dist_to_volume_range_2	802a397c	124
stub_debug_1	802a3a00	8
stub_debug_2	802a3a08	8
stub_debug_3	802a3a10	8
stub_debug_4	802a3a18	8
get_current_clock	802a3a20	12
get_clock_difference	802a3a2c	20
set_print_state_info	802a3a40	48
print_text_array_info	802a3a70	152
set_text_array_x_y	802a3b08	48
print_debug_bottom_up	802a3b38	64
print_debug_top_down_objectinfo	802a3b78	80
print_debug_top_down_mapinfo	802a3bc8	80
print_debug_top_down_normal	802a3c18	64
print_mapinfo	802a3c58	88
print_checkinfo	802a3cb0	40
print_surfaceinfo	802a3cd8	44
print_stageinfo	802a3d04	60
print_string_array_info	802a3d40	224
print_effectinfo	802a3e20	52
print_enemyinfo	802a3e54	52
update_debug_dpadmask	802a3e88	136
debug_unknown_level_select_check	802a3f10	88
reset_debug_objectinfo	802a3f68	160
stub_debug_5	802a4020	8
try_print_debug_mario_object_info	802a4028	196
try_print_debug_mario_level_info	802a40ec	112
try_do_mario_debug_object_spawn	802a415c	276
debug_print_obj_move_flags	802a4270	8
debug_enemy_unknown	802a4278	44
set_and_reset_transition_fade_timer	802a42b0	88
set_transition_color_fade_alpha	802a4308	556
vertex_transition_color	802a4534	324
dl_transition_color	802a4678	272
render_fade_transition_from_color	802a4788	72
render_fade_transition_into_color	802a47d0	72
calc_tex_transition_radius	802a4818	160
calc_tex_transition_time	802a48b8	184
convert_tex_transition_angle_to_pos	802a4970	72
center_tex_transition_x	802a49b8	96
center_tex_transition_y	802a4a18	96
make_tex_transition_vertex	802a4a78	308
load_tex_transition_vertex	802a4bac	884
render_textured_transition	802a4f20	1216
render_screen_transition	802a53e0	432
render_cannon_circle_base	802a5590	696
geo_cannon_circle_base	802a5848	104
rotate_rectangle	802a58b0	128
atan2_deg	802a5930	68
scale_shadow_with_distance	802a5974	152
disable_shadow_with_distance	802a5a0c	52
dim_shadow_with_distance	802a5a40	320
get_water_level_below_shadow	802a5b80	140
init_shadow	802a5c0c	496
get_texture_coords_9_vertices	802a5dfc	148
get_texture_coords_4_vertices	802a5e90	92
make_shadow_vertex_at_xyz	802a5eec	284
extrapolate_vertex_y_position	802a6008	68
get_vertex_coords	802a604c	152
calculate_vertex_xyz	802a60e4	548
floor_local_tilt	802a6308	108
make_shadow_vertex	802a6374	460
add_shadow_to_display_list	802a6540	268
linearly_interpolate_solidity_positive	802a664c	300
linearly_interpolate_solidity_negative	802a6778	300
correct_shadow_solidity_for_animations	802a68a4	216
correct_lava_shadow_height	802a697c	216
create_shadow_player	802a6a54	520
create_shadow_circle_9_verts	802a6c5c	284
create_shadow_circle_4_verts	802a6d78	288
create_shadow_circle_assuming_flat_ground	802a6e98	392
create_shadow_rectangle	802a7020	396
get_shadow_height_solidity	802a71ac	208
create_shadow_square	802a727c	288
create_shadow_hardcoded_rectangle	802a739c	216
create_shadow_below_xyz	802a7474	520
calculate_skybox_scaled_x	802a7680	224
calculate_skybox_scaled_y	802a7760	160
make_skybox_rect	802a7858	512
draw_skybox_tile_grid	802a7a58	460
create_skybox_ortho_matrix	802a7c24	200
init_skybox_display_list	802a7cec	244
create_skybox_facing_camera	802a7de0	316
geo_wdw_set_initial_water_level	802a7f20	256
geo_movtex_pause_control	802a8020	96
movtex_make_quad_vertex	802a8080	380
movtex_gen_from_quad	802a81fc	1104
movtex_gen_from_quad_array	802a864c	248
movtex_gen_quads_id	802a8744	128
get_quad_collection_from_id	802a87c4	548
movtex_change_texture_format	802a89e8	172
geo_movtex_draw_water_regions	802a8a94	528
update_moving_texture_offset	802a8ca4	92
movtex_write_vertex_first	802a8d00	236
movtex_write_vertex_index	802a8dec	296
movtex_gen_list	802a8f14	476
geo_movtex_draw_nocolor	802a90f0	176
geo_movtex_draw_colored	802a91a0	176
geo_movtex_draw_colored_no_update	802a9250	168
geo_movtex_draw_colored_2_no_update	802a92f8	168
geo_movtex_update_horizontal	802a93a0	172
make_vertex	802a9450	88
round_float	802a94a8	120
geo_exec_inside_castle_light	802a9520	172
geo_exec_flying_carpet_timer_update	802a95cc	156
geo_exec_flying_carpet_create	802a9668	688
geo_exec_cake_end_screen	802a9918	244
stop_other_paintings	802a9a10	120
painting_mario_y	802a9a88	112
painting_mario_z	802a9af8	88
painting_ripple_y	802a9b50	132
painting_nearest_4th	802a9bd4	180
painting_mario_x	802a9c88	88
painting_ripple_x	802a9ce0	132
painting_state	802a9d64	240
wall_painting_proximity_idle	802a9e54	324
wall_painting_proximity_rippling	802a9f98	176
wall_painting_continuous_idle	802aa048	324
wall_painting_continuous_rippling	802aa18c	176
floor_painting_proximity_idle	802aa23c	340
floor_painting_proximity_rippling	802aa390	192
floor_painting_continuous_idle	802aa450	328
floor_painting_continuous_rippling	802aa598	192
painting_update_floors	802aa658	244
painting_update_ripple_state	802aa74c	236
calculate_ripple_at_point	802aa838	248
ripple_if_movable	802aa930	112
painting_generate_mesh	802aa9a0	280
painting_calculate_triangle_normals	802aaab8	544
normalize_component	802aacd8	168
painting_average_vertex_normals	802aad80	532
render_painting	802aaf94	1380
painting_model_view_transform	802ab4f8	340
painting_ripple_image	802ab64c	460
painting_ripple_env_mapped	802ab818	368
display_painting_rippling	802ab988	268
display_painting_not_rippling	802aba94	164
reset_painting	802abb38	36
move_ddd_painting	802abb5c	240
set_painting_layer	802abc4c	60
display_painting	802abc88	60
wall_painting_update	802abcc4	172
floor_painting_update	802abd70	172
geo_painting_draw	802abe1c	296
geo_painting_update	802abf44	200
int_pow	802ac010	128
format_integer	802ac090	624
parse_width_field	802ac300	288
print_text_fmt_int	802ac420	516
print_text	802ac624	228
print_text_centered	802ac708	280
char_to_glyph_index	802ac820	360
add_glyph_texture	802ac988	144
clip_to_bounds	802aca18	96
render_textrect	802aca78	236
render_text_labels	802acb64	596
create_dl_identity_matrix	802acdc0	184
create_dl_translation_matrix	802ace78	196
create_dl_rotation_matrix	802acf3c	204
create_dl_scale_matrix	802ad008	196
create_dl_ortho_matrix	802ad0cc	204
render_generic_char	802ad1a0	316
alloc_ia4_tex_from_i1	802ad2dc	284
render_generic_char_at_pos	802ad3f8	340
render_lowercase_diacritic	802ad54c	124
render_uppercase_diacritic	802ad5c8	136
render_multi_text_string	802ad650	248
print_generic_string	802ad748	760
print_hud_char_umlaut	802ada40	472
print_hud_lut_string	802adc18	720
print_menu_char_umlaut	802adee8	496
print_menu_generic_string	802ae0d8	652
print_credits_string	802ae364	596
handle_menu_scrolling	802ae5b8	460
get_str_x_pos_from_center	802ae784	164
get_str_x_pos_from_center_scale	802ae828	240
get_string_width	802ae918	84
print_hud_my_score_coins	802ae96c	196
print_hud_my_score_stars	802aea30	196
int_to_str	802aeaf4	244
get_dialog_id	802aebe8	12
create_dialog_box	802aebf4	52
create_dialog_box_with_var	802aec28	60
create_dialog_inverted_box	802aec64	56
create_dialog_box_with_response	802aec9c	64
reset_dialog_render_state	802aecdc	144
render_dialog_box_type	802aed6c	652
change_and_flash_dialog_text_color_lines	802aeff8	448
render_generic_dialog_char_at_pos	802af1b8	628
handle_dialog_scroll_page_state	802af42c	76
render_star_count_dialog_text	802af478	280
render_multi_text_string_lines	802af590	324
render_dialog_lowercase_diacritic	802af6d4	132
render_dialog_uppercase_diacritic	802af758	144
ensure_nonnegative	802af7e8	32
handle_dialog_text_and_pages	802af808	1204
render_dialog_triangle_choice	802afcbc	268
render_dialog_triangle_next	802afdc8	304
handle_special_dialog_text	802afef8	484
render_dialog_entries	802b00dc	1716
set_menu_mode	802b0790	44
reset_cutscene_msg_fade	802b07bc	12
dl_rgba16_begin_cutscene_msg_fade	802b07c8	88
dl_rgba16_stop_cutscene_msg_fade	802b0820	88
ascii_to_credits_char	802b0878	184
print_credits_str_ascii	802b0930	140
set_cutscene_message	802b09bc	120
do_cutscene_handler	802b0a34	644
print_peach_letter_message	802b0cb8	644
render_hud_cannon_reticle	802b0f3c	508
reset_red_coins_collected	802b1138	12
change_dialog_camera_angle	802b1144	64
shade_screen	802b1184	168
print_animated_red_coin	802b122c	408
render_pause_red_coins	802b13c4	136
render_pause_my_score_coins	802b144c	1088
render_pause_camera_options	802b188c	816
render_pause_course_options	802b1bbc	816
render_pause_castle_menu_box	802b1eec	556
highlight_last_course_complete_stars	802b2118	56
print_hud_pause_colorful_str	802b2150	216
render_pause_castle_course_stars	802b2228	392
render_pause_castle_main_strings	802b23b0	968
render_pause_screen	802b2778	540
print_hud_course_complete_string	802b2994	656
print_hud_course_complete_coins	802b2c24	524
play_star_fanfare_and_flash_hud	802b2e30	112
render_course_complete_lvl_info_and_hud_str	802b2ea0	1348
render_save_confirmation	802b33e4	796
render_course_complete_screen	802b3700	404
render_menus_and_dialogs	802b3894	288
envfx_init_snow	802b39c0	256
envfx_update_snowflake_count	802b3ac0	276
envfx_cleanup_snow	802b3bd4	64
orbit_from_positions	802b3c14	208
pos_from_orbit	802b3ce4	220
envfx_is_snowflake_alive	802b3dc0	144
envfx_update_snow_normal	802b3e50	848
envfx_update_snow_blizzard	802b41a0	872
envfx_update_snow_water	802b4510	412
rotate_triangle_vertices	802b46ac	732
append_snowflake_vertex_buffer	802b4988	580
envfx_update_snow	802b4bcc	864
envfx_update_particles	802b4f2c	304
particle_is_laterally_close	802b5060	108
random_flower_offset	802b50cc	84
envfx_update_flower	802b5120	468
envfx_set_lava_bubble_position	802b52f4	528
envfx_update_lava	802b5504	332
envfx_rotate_around_whirlpool	802b5650	316
envfx_is_whirlpool_bubble_alive	802b578c	96
envfx_update_whirlpool	802b57ec	908
envfx_is_jestream_bubble_alive	802b5b78	120
envfx_update_jetstream	802b5bf0	732
envfx_init_bubble	802b5ecc	420
envfx_bubbles_update_switch	802b6070	376
append_bubble_vertex_buffer	802b61e8	568
envfx_set_bubble_texture	802b6420	296
envfx_update_bubble_particles	802b6548	640
envfx_set_max_bubble_particles	802b67c8	68
envfx_update_bubbles	802b680c	244
convert_rotation	802b6900	92
spawn_macro_abs_yrot_2params	802b695c	124
spawn_macro_abs_yrot_param1	802b69d8	124
spawn_macro_abs_special	802b6a54	160
spawn_macro_objects	802b6afc	392
spawn_macro_objects_hardcoded	802b6c84	436
spawn_special_objects	802b6e38	560
render_hud_tex_lut	802b7070	232
render_hud_small_tex_lut	802b7158	392
render_power_meter_health_segment	802b72e0	220
render_dl_power_meter	802b73bc	300
animate_power_meter_emphasized	802b74e8	92
handle_power_meter_actions	802b75e8	248
render_hud_power_meter	802b76e0	176
render_hud_mario_lives	802b7790	92
render_hud_coins	802b77ec	92
render_hud_stars	802b7848	184
render_hud_keys	802b7900	120
render_hud_timer	802b7978	476
set_hud_camera_status	802b7b54	16
render_hud_camera_status	802b7b64	348
render_hud	802b7cc0	424
set_yoshi_as_not_dead	802b7e70	12
geo_obj_transparency_something	802b7e7c	160
absf_2	802b7f1c	48
turn_obj_away_from_surface	802b7f4c	124
obj_find_wall	802b7fc8	232
turn_obj_away_from_steep_floor	802b80b0	228
obj_orient_graph	802b8194	176
calc_obj_friction	802b8244	104
calc_new_obj_vel_and_pos_y	802b82ac	740
calc_new_obj_vel_and_pos_y_underwater	802b8590	980
obj_update_pos_vel_xz	802b8964	92
obj_splash	802b89c0	236
object_step	802b8aac	488
object_step_without_floor_orient	802b8c94	44
obj_move_xyz_using_fvel_and_yaw	802b8cc0	148
is_point_within_radius_of_mario	802b8d54	128
is_point_close_to_object	802b8dd4	128
set_object_visibility	802b8e54	92
obj_return_home_if_safe	802b8eb0	140
obj_return_and_displace_home	802b8f3c	236
obj_check_if_facing_toward_angle	802b9028	168
obj_find_wall_displacement	802b90d0	168
obj_spawn_yellow_coins	802b9178	204
obj_flicker_and_disappear	802b9244	108
current_mario_room_check	802b92b0	104
trigger_obj_dialog_when_facing	802b9318	280
obj_check_floor_death	802b9430	104
obj_lava_death	802b9498	260
spawn_orange_number	802b959c	136
debug_sequence_tracker	802b9624	164
coin_step	802b96c8	104
moving_coin_flicker	802b9730	48
coin_collected	802b9760	60
bhv_moving_yellow_coin_init	802b979c	96
bhv_moving_yellow_coin_loop	802b97fc	264
bhv_moving_blue_coin_init	802b9904	96
bhv_moving_blue_coin_loop	802b9964	340
bhv_blue_coin_sliding_jumping_init	802b9ab8	96
blue_coin_sliding_away_from_mario	802b9b18	188
blue_coin_sliding_slow_down	802b9bd4	112
bhv_blue_coin_sliding_loop	802b9c44	384
bhv_blue_coin_jumping_loop	802b9dc4	340
bhv_seaweed_init	802b9f18	68
bhv_seaweed_bundle_init	802b9f5c	416
bhv_bobomb_init	802ba0fc	72
bobomb_spawn_coin	802ba144	96
bobomb_act_explode	802ba1a4	180
bobomb_check_interactions	802ba258	212
bobomb_act_patrol	802ba32c	180
bobomb_act_chase_mario	802ba3e0	160
bobomb_act_launched	802ba480	60
generic_bobomb_free_loop	802ba4bc	264
stationary_bobomb_free_loop	802ba5c4	216
bobomb_free_loop	802ba69c	68
bobomb_held_loop	802ba6e0	148
bobomb_dropped_loop	802ba774	84
bobomb_thrown_loop	802ba7c8	128
curr_obj_random_blink	802ba848	208
bhv_bobomb_loop	802ba918	312
bhv_bobomb_fuse_smoke_init	802baa50	232
bhv_bobomb_buddy_init	802bab38	72
bobomb_buddy_act_idle	802bab80	208
bobomb_buddy_cannon_dialog	802bac50	340
bobomb_buddy_act_talk	802bada4	228
bobomb_buddy_act_turn_to_talk	802bae88	148
bobomb_buddy_actions	802baf1c	136
bhv_bobomb_buddy_loop	802bafa4	60
bhv_cannon_closed_init	802bafe0	144
cannon_door_act_opening	802bb070	204
bhv_cannon_closed_loop	802bb13c	196
bhv_whirlpool_init	802bb200	52
whirlpool_set_hitbox	802bb234	44
whirpool_orient_graph	802bb260	132
bhv_whirlpool_loop	802bb2e4	312
bhv_jet_stream_loop	802bb41c	156
bhv_homing_amp_init	802bb4b8	152
bhv_homing_amp_loop	802bb98c	228
bhv_circling_amp_init	802bba70	212
bhv_circling_amp_loop	802bbd8c	120
bhv_butterfly_init	802bbe04	156
butterfly_step	802bbea0	436
butterfly_calculate_angle	802bc054	492
butterfly_act_rest	802bc240	108
butterfly_act_follow_mario	802bc2ac	88
butterfly_act_return_home	802bc304	320
bhv_butterfly_loop	802bc444	136
bhv_hoot_init	802bc4cc	132
hoot_find_next_floor	802bc550	124
hoot_floor_bounce	802bc5cc	316
hoot_free_step	802bc708	520
hoot_player_set_yaw	802bc910	68
hoot_carry_step	802bc954	324
hoot_surface_collision	802bca98	376
hoot_act_ascent	802bcc10	224
hoot_action_loop	802bccf0	344
hoot_turn_to_home	802bce48	208
hoot_awake_loop	802bcf18	148
bhv_hoot_loop	802bcfac	232
bhv_beta_holdable_object_init	802bd094	60
bhv_beta_holdable_object_loop	802bd188	136
bhv_object_bubble_init	802bd210	136
bhv_object_bubble_loop	802bd298	172
bhv_object_water_wave_init	802bd344	56
bhv_object_water_wave_loop	802bd37c	40
bhv_explosion_init	802bd3a4	60
bhv_explosion_loop	802bd3e0	268
bhv_bobomb_bully_death_smoke_init	802bd4ec	64
bhv_bobomb_explosion_bubble_init	802bd52c	240
bhv_bobomb_explosion_bubble_loop	802bd61c	348
bhv_respawner_loop	802bd778	116
create_respawner	802bd7ec	184
bhv_small_bully_init	802bd8a4	136
bhv_big_bully_init	802bd92c	152
bully_check_mario_collision	802bd9c4	180
bully_act_chase_mario	802bda78	260
bully_act_knockback	802bdb7c	236
bully_act_back_up	802bdc68	136
bully_backup_check	802bdcf0	80
bully_play_stomping_sound	802bdd40	204
bully_step	802bde0c	136
bully_spawn_coin	802bde94	188
bully_act_level_death	802bdf50	252
bhv_bully_loop	802be04c	364
big_bully_spawn_minion	802be1b8	120
bhv_big_bully_with_minions_init	802be230	124
big_bully_spawn_star	802be2ac	80
bhv_big_bully_with_minions_loop	802be2fc	544
water_ring_calc_mario_dist	802be51c	100
water_ring_init	802be580	348
bhv_jet_stream_water_ring_init	802be6dc	72
water_ring_check_collection	802be724	396
water_ring_set_scale	802be8b0	224
water_ring_act_collected	802be990	136
water_ring_act_not_collected	802bea18	376
bhv_jet_stream_water_ring_loop	802beb90	88
spawn_manta_ray_ring_manager	802bebe8	60
water_ring_spawner_act_inactive	802bec24	156
bhv_jet_stream_ring_spawner_loop	802becc0	144
bhv_manta_ray_water_ring_init	802bed50	48
manta_water_ring_act_not_collected	802bed80	356
bhv_manta_ray_water_ring_loop	802beee4	88
bhv_bowser_bomb_loop	802bef3c	220
bhv_bowser_bomb_explosion_loop	802bf018	324
bhv_bowser_bomb_smoke_loop	802bf15c	228
bhv_celebration_star_init	802bf240	300
celeb_star_act_spin_around_mario	802bf36c	336
celeb_star_act_face_camera	802bf4bc	208
bhv_celebration_star_loop	802bf58c	88
bhv_celebration_star_sparkle_loop	802bf5e4	64
bhv_star_key_collection_puff_spawner_loop	802bf624	52
bhv_lll_drawbridge_spawner_loop	802bf658	320
bhv_lll_drawbridge_loop	802bf798	260
bhv_small_bomp_init	802bf89c	100
bhv_small_bomp_loop	802bf900	504
bhv_large_bomp_init	802bfaf8	84
bhv_large_bomp_loop	802bfb4c	504
bhv_wf_sliding_platform_init	802bfd44	224
bhv_wf_sliding_platform_loop	802bfe24	372
bhv_moneybag_init	802bff98	104
moneybag_check_mario_collision	802c0000	148
moneybag_jump	802c0094	392
moneybag_act_move_around	802c021c	260
moneybag_act_return_home	802c0320	332
moneybag_act_disappear	802c046c	60
moneybag_act_death	802c04a8	88
bhv_moneybag_loop	802c0500	232
bhv_moneybag_hidden_loop	802c05e8	172
bhv_bowling_ball_init	802c0694	60
bowling_ball_set_hitbox	802c06d0	72
bowling_ball_set_waypoints	802c0718	180
bhv_bowling_ball_roll_loop	802c07cc	308
bhv_bowling_ball_initialize_loop	802c0900	212
bhv_bowling_ball_loop	802c09d4	168
bhv_generic_bowling_ball_spawner_init	802c0a7c	152
bhv_generic_bowling_ball_spawner_loop	802c0b14	256
bhv_thi_bowling_ball_spawner_loop	802c0c14	252
bhv_bob_pit_bowling_ball_init	802c0d10	60
bhv_bob_pit_bowling_ball_loop	802c0d4c	192
bhv_free_bowling_ball_init	802c0e0c	116
bhv_free_bowling_ball_roll_loop	802c0e80	252
bhv_free_bowling_ball_loop	802c0f7c	216
bhv_rr_cruiser_wing_init	802c1054	36
bhv_rr_cruiser_wing_loop	802c1078	408
bhv_spindel_init	802c1210	40
bhv_spindel_loop	802c1238	896
bhv_ssl_moving_pyramid_wall_init	802c15b8	132
bhv_ssl_moving_pyramid_wall_loop	802c163c	160
bhv_pyramid_elevator_init	802c16dc	100
bhv_pyramid_elevator_loop	802c1740	380
bhv_pyramid_elevator_trajectory_marker_ball_loop	802c18bc	80
bhv_pyramid_top_init	802c190c	280
bhv_pyramid_top_spinning	802c1a24	420
bhv_pyramid_top_explode	802c1bc8	296
bhv_pyramid_top_loop	802c1cf0	188
bhv_pyramid_top_fragment_init	802c1dac	88
bhv_pyramid_top_fragment_loop	802c1e04	96
bhv_pyramid_pillar_touch_detector_loop	802c1e64	96
bhv_waterfall_sound_loop	802c1ec4	36
bhv_volcano_sound_loop	802c1ee8	36
bhv_castle_flag_init	802c1f0c	68
bhv_birds_sound_loop	802c1f50	144
bhv_ambient_sounds_init	802c1fe0	64
bhv_sand_sound_loop	802c2020	60
bhv_castle_cannon_grate_init	802c205c	68
bhv_snowmans_bottom_init	802c20a0	244
set_rolling_sphere_hitbox	802c2194	72
adjust_rolling_face_pitch	802c21dc	172
snowmans_bottom_act_1	802c2288	268
snowmans_bottom_act_2	802c2394	368
snowmans_bottom_act_3	802c2504	160
bhv_snowmans_bottom_loop	802c25a4	364
bhv_snowmans_head_init	802c2710	320
bhv_snowmans_head_loop	802c2850	340
bhv_snowmans_body_checkpoint_loop	802c29a4	120
bhv_big_boulder_init	802c2a1c	96
boulder_act_1	802c2a7c	196
bhv_big_boulder_loop	802c2b40	172
bhv_big_boulder_generator_loop	802c2bec	288
cap_set_hitbox	802c2d0c	96
cap_despawn	802c2d6c	56
cap_check_quicksand	802c2da4	348
cap_sink_quicksand	802c2f00	296
bhv_wing_cap_init	802c3028	72
cap_scale_vertically	802c3070	132
wing_vanish_cap_act_0	802c30f4	184
bhv_wing_vanish_cap_loop	802c31ac	124
bhv_metal_cap_init	802c3228	72
metal_cap_act_0	802c3270	100
bhv_metal_cap_loop	802c32d4	124
bhv_normal_cap_init	802c3350	160
normal_cap_set_save_flags	802c33f0	132
normal_cap_act_0	802c3474	248
bhv_normal_cap_loop	802c356c	228
bhv_vanish_cap_init	802c3650	72
bhv_collect_star_init	802c3698	168
bhv_collect_star_loop	802c3740	92
bhv_star_spawn_init	802c379c	284
bhv_star_spawn_loop	802c38b8	640
spawn_star	802c3b38	184
spawn_default_star	802c3bf0	52
spawn_red_coin_cutscene_star	802c3c24	56
spawn_no_exit_star	802c3c5c	68
bhv_hidden_red_coin_star_init	802c3ca0	252
bhv_hidden_red_coin_star_loop	802c3d9c	156
bhv_red_coin_init	802c3e38	148
bhv_red_coin_loop	802c3ecc	196
bhv_hidden_star_init	802c3f90	216
bhv_hidden_star_loop	802c4068	144
bhv_hidden_star_trigger_loop	802c40f8	168
bhv_bowser_course_red_coin_star_loop	802c41a0	156
bhv_ttm_rolling_log_init	802c423c	116
rolling_log_roll_log	802c42b0	436
bhv_rolling_log_loop	802c4464	440
volcano_act_1	802c461c	224
volcano_act_3	802c46fc	96
bhv_volcano_trap_loop	802c475c	284
bhv_lll_rolling_log_init	802c4878	116
bhv_1up_interact	802c48ec	104
bhv_1up_common_init	802c4954	68
bhv_1up_init	802c4998	128
one_up_loop_in_air	802c4a18	172
pole_1up_move_towards_mario	802c4ac4	272
one_up_move_away_from_mario	802c4bd4	156
bhv_1up_walking_loop	802c4c70	312
bhv_1up_running_away_loop	802c4da8	332
sliding_1up_move	802c4ef4	232
bhv_1up_sliding_loop	802c4fdc	196
bhv_1up_loop	802c50a0	48
bhv_1up_jump_on_approach_loop	802c50d0	252
bhv_1up_hidden_loop	802c51cc	396
bhv_1up_hidden_trigger_loop	802c5358	92
bhv_1up_hidden_in_pole_loop	802c53b4	340
bhv_1up_hidden_in_pole_trigger_loop	802c5508	92
bhv_1up_hidden_in_pole_spawner_loop	802c5564	232
controllable_platform_act_1	802c564c	88
controllable_platform_act_2	802c56a4	104
bhv_controllable_platform_sub_loop	802c570c	248
bhv_controllable_platform_init	802c5804	308
controllable_platform_hit_wall	802c5938	84
controllable_platform_check_walls	802c598c	496
controllable_platform_shake_on_wall_hit	802c5b7c	368
controllable_platform_tilt_from_mario	802c5cec	252
bhv_controllable_platform_loop	802c5de8	1604
bhv_breakable_box_small_init	802c642c	152
small_breakable_box_spawn_dust	802c64c4	172
small_breakable_box_act_move	802c6570	252
breakable_box_small_released_loop	802c666c	168
breakable_box_small_idle_loop	802c6714	164
breakable_box_small_get_dropped	802c67b8	100
breakable_box_small_get_thrown	802c681c	168
bhv_breakable_box_small_loop	802c68c4	168
bhv_sliding_snow_mound_loop	802c696c	264
bhv_snow_mound_spawn_loop	802c6a74	244
floating_platform_find_home_y	802c6b68	164
floating_platform_act_0	802c6c0c	576
bhv_floating_platform_loop	802c6e4c	140
bhv_arrow_lift_loop	802c7018	200
bhv_orange_number_init	802c70e0	40
bhv_orange_number_loop	802c7108	196
bhv_manta_ray_init	802c71cc	96
bhv_manta_ray_loop	802c74fc	200
bhv_falling_pillar_init	802c75c4	60
bhv_falling_pillar_spawn_hitboxes	802c7600	152
bhv_falling_pillar_calculate_angle_in_front_of_mario	802c7698	128
bhv_falling_pillar_loop	802c7718	528
bhv_falling_pillar_hitbox_loop	802c7928	276
bhv_jrb_floating_box_loop	802c7a3c	72
bhv_decorative_pendulum_init	802c7a84	44
bhv_decorative_pendulum_loop	802c7ab0	136
bhv_treasure_chest_top_loop	802c7b38	424
bhv_treasure_chest_bottom_init	802c7ce0	96
bhv_treasure_chest_bottom_loop	802c7d40	416
spawn_treasure_chest	802c7ee0	116
bhv_treasure_chest_ship_init	802c7f54	156
bhv_treasure_chest_ship_loop	802c7ff0	224
bhv_treasure_chest_jrb_init	802c80d0	164
bhv_treasure_chest_jrb_loop	802c8174	184
bhv_treasure_chest_ddd_init	802c822c	164
bhv_treasure_chest_ddd_loop	802c82d0	180
bhv_mips_init	802c8384	300
bhv_mips_find_furthest_waypoint_to_mario	802c84b0	332
bhv_mips_act_wait_for_nearby_mario	802c85fc	140
bhv_mips_act_follow_path	802c8688	256
bhv_mips_act_wait_for_animation_done	802c8788	68
bhv_mips_act_fall_down	802c87cc	128
bhv_mips_act_idle	802c884c	96
bhv_mips_free	802c88ac	140
bhv_mips_held	802c8938	248
bhv_mips_dropped	802c8a30	112
bhv_mips_thrown	802c8aa0	152
bhv_mips_loop	802c8b38	136
bhv_yoshi_init	802c8bc0	160
yoshi_walk_loop	802c8c60	280
yoshi_idle_loop	802c8d78	396
yoshi_talk_loop	802c8f04	308
yoshi_walk_and_jump_off_roof_loop	802c9038	292
yoshi_finish_jumping_and_despawn_loop	802c915c	164
yoshi_give_present_loop	802c9200	148
bhv_yoshi_loop	802c9294	212
bhv_koopa_init	802caf34	212
shelled_koopa_attack_handler	802cb5a8	236
obj_begin_race	802cbca4	176
bhv_koopa_update	802cc6a8	308
bhv_koopa_race_endpoint_update	802cc7dc	200
bhv_pokey_body_part_update	802cc8a4	908
bhv_pokey_update	802cd060	132
bhv_swoop_update	802cd4a0	180
bhv_fly_guy_update	802cdb1c	404
bhv_goomba_triplet_spawner_update	802cdcb0	448
bhv_goomba_init	802cde70	244
huge_goomba_weakly_attacked	802ce2d4	20
bhv_goomba_update	802ce2e8	408
bhv_chain_chomp_chain_part_update	802ce480	208
bhv_chain_chomp_update	802cf2d4	112
bhv_wooden_post_update	802cf344	500
bhv_chain_chomp_gate_init	802cf538	48
bhv_chain_chomp_gate_update	802cf568	136
bhv_wiggler_body_part_update	802cf5f0	492
wiggler_init_segments	802cf7dc	440
wiggler_update_segments	802cf994	488
wiggler_jumped_on_attack_handler	802d01b4	96
bhv_wiggler_update	802d0214	448
bhv_spiny_update	802d085c	136
bhv_enemy_lakitu_update	802d0e38	104
bhv_cloud_update	802d1390	136
bhv_cloud_part_update	802d1418	424
bhv_camera_lakitu_init	802d15c0	140
bhv_camera_lakitu_update	802d1a98	432
bhv_monty_mole_hole_update	802d1dec	92
monty_mole_spawn_dirt_particles	802d1e48	60
bhv_monty_mole_init	802d1e84	16
bhv_monty_mole_update	802d245c	596
bhv_monty_mole_rock_update	802d27f4	112
bhv_platform_on_track_init	802d28ec	240
bhv_platform_on_track_update	802d3050	312
bhv_track_ball_update	802d3188	84
bhv_seesaw_platform_init	802d31dc	104
bhv_seesaw_platform_update	802d3244	320
bhv_ferris_wheel_axle_init	802d3384	264
bhv_ferris_wheel_platform_update	802d348c	272
bhv_water_bomb_spawner_update	802d359c	456
water_bomb_spawn_explode_particles	802d3764	68
bhv_water_bomb_update	802d3b98	176
bhv_water_bomb_shadow_update	802d3c48	164
bhv_ttc_rotating_solid_init	802d3cec	140
bhv_ttc_rotating_solid_update	802d3d78	552
bhv_ttc_pendulum_init	802d3fa0	100
bhv_ttc_pendulum_update	802d4004	432
bhv_ttc_treadmill_init	802d41b4	172
bhv_ttc_treadmill_update	802d4260	324
bhv_ttc_moving_bar_init	802d43a4	108
bhv_ttc_moving_bar_update	802d4744	220
bhv_ttc_cog_init	802d4820	120
bhv_ttc_cog_update	802d4898	292
bhv_ttc_pit_block_init	802d49bc	136
bhv_ttc_pit_block_update	802d4a44	268
bhv_ttc_elevator_init	802d4b50	84
bhv_ttc_elevator_update	802d4ba4	264
bhv_ttc_2d_rotator_init	802d4cac	92
bhv_ttc_2d_rotator_update	802d4d08	356
bhv_ttc_spinner_update	802d4e6c	240
mr_blizzard_spawn_white_particles	802d4f5c	92
bhv_mr_blizzard_init	802d4fb8	160
bhv_mr_blizzard_update	802d5a64	408
bhv_mr_blizzard_snowball	802d5dbc	112
bhv_sliding_plat_2_init	802d5e2c	304
bhv_sliding_plat_2_loop	802d5f5c	220
bhv_rotating_octagonal_plat_init	802d6038	116
bhv_rotating_octagonal_plat_loop	802d60ac	28
bhv_animates_on_floor_switch_press_init	802d60c8	48
bhv_animates_on_floor_switch_press_loop	802d60f8	496
bhv_activated_back_and_forth_platform_init	802d62e8	232
bhv_activated_back_and_forth_platform_update	802d63d0	524
bhv_recovery_heart_loop	802d65dc	344
bhv_bubble_cannon_barrel_loop	802d6734	388
water_bomb_cannon_act_0	802d68b8	132
water_bomb_cannon_act_1	802d693c	284
water_bomb_cannon_act_2	802d6a58	44
bhv_water_bomb_cannon_loop	802d6a84	136
bhv_unagi_init	802d6b0c	196
unagi_act_0	802d6bd0	188
unagi_act_1_4	802d6c8c	328
unagi_act_2	802d6dd4	180
unagi_act_3	802d6e88	624
bhv_unagi_loop	802d70f8	352
bhv_unagi_subobject_loop	802d7258	472
dorrie_raise_head	802d7430	300
dorrie_act_move	802d755c	440
dorrie_begin_head_raise	802d7714	40
dorrie_act_lower_head	802d773c	264
dorrie_act_raise_head	802d7844	196
bhv_dorrie_update	802d7908	732
bhv_haunted_chair_init	802d7be4	104
haunted_chair_act_0	802d7c4c	664
haunted_chair_act_1	802d7ee4	456
bhv_haunted_chair_loop	802d80ac	120
bhv_mad_piano_update	802d8330	124
flying_bookend_act_0	802d83ac	116
flying_bookend_act_1	802d8420	256
flying_bookend_act_2	802d8520	172
flying_bookend_act_3	802d85cc	128
bhv_flying_bookend_loop	802d864c	280
bhv_bookend_spawn_loop	802d8764	140
bookshelf_manager_act_0	802d87f0	180
bookshelf_manager_act_1	802d88a4	124
bookshelf_manager_act_2	802d8920	264
bookshelf_manager_act_3	802d8a28	84
bookshelf_manager_act_4	802d8a7c	68
bhv_haunted_bookshelf_manager_loop	802d8ac0	140
bhv_book_switch_loop	802d8b4c	772
obj_spit_fire	802d8e50	132
bhv_fire_piranha_plant_init	802d8ed4	192
bhv_fire_piranha_plant_update	802d935c	260
bhv_fire_spitter_update	802d95a0	136
bhv_small_piranha_flame_loop	802d9628	580
bhv_fly_guy_flame_loop	802d986c	92
geo_snufit_move_mask	802d98c8	56
geo_snufit_scale_body	802d9900	64
snufit_act_idle	802d9940	232
snufit_act_shoot	802d9a28	256
bhv_snufit_loop	802d9b28	692
bhv_snufit_balls_loop	802d9ddc	348
bhv_horizontal_grindel_init	802d9f38	20
bhv_horizontal_grindel_update	802d9f4c	428
bhv_eyerok_boss_loop	802da6b4	140
bhv_eyerok_hand_loop	802db7cc	572
bhv_klepto_init	802dbc44	140
obj_set_speed_to_zero	802dc7f0	40
bhv_klepto_update	802dc818	644
bhv_bird_update	802dcd20	88
bhv_racing_penguin_init	802dcd78	96
bhv_racing_penguin_update	802dd398	228
bhv_penguin_race_finish_line_update	802dd47c	104
bhv_penguin_race_shortcut_check_update	802dd4e4	56
bhv_coffin_spawner_loop	802dd51c	268
coffin_act_idle	802dd628	540
coffin_act_stand_up	802dd844	240
bhv_coffin_loop	802dd934	148
clam_act_0	802dd9c8	216
clam_act_1	802ddaa0	324
bhv_clam_loop	802ddbe4	140
bhv_skeeter_update	802de194	200
bhv_skeeter_wave_update	802de25c	116
bhv_swing_platform_init	802de2d0	24
bhv_swing_platform_update	802de2e8	136
bhv_donut_platform_spawner_update	802de370	380
bhv_donut_platform_update	802de4ec	364
bhv_ddd_pole_init	802de658	116
bhv_ddd_pole_update	802de6cc	136
bhv_red_coin_star_marker_init	802de754	24
bhv_triplet_butterfly_update	802dee08	196
bubba_act_0	802deecc	364
bubba_act_1	802df038	624
bhv_bubba_loop	802df2a8	932
prepare_reverb_ring_buffer	802df650	660
synthesis_load_reverb_ring_buffer	802df8e4	176
synthesis_save_reverb_ring_buffer	802df994	176
synthesis_load_note_subs_eu	802dfa44	184
synthesis_execute	802dfafc	644
synthesis_resample_and_mix_reverb	802dfd80	856
synthesis_save_reverb_samples	802e00d8	336
synthesis_do_one_audio_update	802e0228	1224
synthesis_process_note	802e06f0	2428
load_wave_samples	802e106c	184
final_resample	802e1124	92
process_envelope	802e1180	1560
note_apply_headset_pan_effects	802e1798	980
root_newton_step	802e1b70	136
kth_root	802e1bf8	216
build_vol_rampings_table	802e1cd0	364
reset_bank_and_seq_load_status	802e1e3c	80
discard_bank	802e1e8c	228
discard_sequence	802e1f70	112
soundAlloc	802e1fe0	116
sound_alloc_pool_init	802e2054	32
persistent_pool_clear	802e2074	20
temporary_pool_clear	802e2088	48
unused_803160F8	802e20b8	16
sound_init_main_pools	802e20c8	92
session_pools_init	802e2124	124
seq_and_bank_pool_init	802e21a0	124
persistent_pools_init	802e221c	188
temporary_pools_init	802e22d8	188
alloc_bank_or_seq	802e2394	936
get_bank_or_seq	802e273c	168
func_eu_802e27e4_unused	802e27e4	616
decrease_reverb_gain	802e2a4c	84
audio_shut_down_and_reset_step	802e2aa0	580
audio_reset_session	802e2ce4	1516
audio_dma_copy_immediate	802e32d0	120
audio_dma_copy_async	802e3348	96
audio_dma_partial_copy_async	802e33a8	172
decrease_sample_dma_ttls	802e3454	264
dma_sample_data	802e355c	776
init_sample_dma_buffers	802e3864	724
patch_sound	802e3b38	256
patch_audio_bank	802e3c38	348
bank_load_immediate	802e3d94	332
bank_load_async	802e3ee0	352
sequence_dma_immediate	802e4040	160
sequence_dma_async	802e40e0	296
get_missing_bank	802e4208	312
load_banks_immediate	802e4340	284
preload_sequence	802e445c	252
load_sequence	802e4558	84
load_sequence_internal	802e45ac	376
audio_init	802e4724	1036
note_set_vel_pan_reverb	802e4b30	608
note_set_resampling_rate	802e4d90	204
instrument_get_audio_bank_sound	802e4e5c	60
get_instrument_inner	802e4e98	288
get_drum	802e4fb8	144
note_init	802e5048	148
note_disable	802e50dc	124
process_notes	802e5158	920
seq_channel_layer_decay_release_internal	802e54f0	476
seq_channel_layer_note_decay	802e56cc	32
seq_channel_layer_note_release	802e56ec	32
build_synthetic_wave	802e570c	260
init_synthetic_wave	802e5810	164
init_note_list	802e58b4	16
init_note_lists	802e58c4	80
init_note_free_list	802e5914	176
note_pool_clear	802e59c4	352
note_pool_fill	802e5b24	316
audio_list_push_front	802e5c60	64
audio_list_remove	802e5ca0	44
pop_node_with_lower_prio	802e5ccc	160
note_init_for_layer	802e5d6c	308
func_80319728	802e5ea0	52
note_release_and_take_ownership	802e5ed4	40
alloc_note_from_disabled	802e5efc	76
alloc_note_from_decaying	802e5f48	80
alloc_note_from_active	802e5f98	88
alloc_note	802e5ff0	752
note_init_all	802e62e0	276
sequence_channel_process_sound	802e6400	420
sequence_player_process_sound	802e65a4	352
get_portamento_freq_scale	802e6704	212
get_vibrato_pitch_change	802e67d8	68
get_vibrato_freq_scale	802e681c	504
note_vibrato_update	802e6a14	108
note_vibrato_init	802e6a80	232
adsr_init	802e6b68	32
adsr_update	802e6b88	700
sequence_channel_init	802e6e50	288
seq_channel_set_layer	802e6f70	264
seq_channel_layer_disable	802e7078	60
seq_channel_layer_free	802e70b4	80
sequence_channel_disable	802e7104	108
allocate_sequence_channel	802e7170	124
sequence_player_init_channels	802e71ec	300
sequence_player_disable_channels	802e7318	208
sequence_channel_enable	802e73e8	200
sequence_player_disable	802e74b0	204
audio_list_push_back	802e757c	64
audio_list_pop_back	802e75bc	64
init_layer_freelist	802e75fc	132
m64_read_u8	802e7680	20
m64_read_s16	802e7694	48
m64_read_compressed_u16	802e76c4	68
seq_channel_layer_process_script	802e7708	2696
get_instrument	802e8190	112
set_instrument	802e8200	148
sequence_channel_set_volume	802e8294	36
sequence_channel_process_script	802e82b8	2860
sequence_player_process_sequence	802e8de4	2192
process_sequences	802e9674	120
init_sequence_player	802e96ec	192
init_sequence_players	802e97ac	368
unused_8031E4F0	802e9920	120
unused_8031E568	802e9998	16
audio_reset_session_eu	802e99a8	120
maybe_tick_game_sound	802e9bac	64
func_eu_802e9bec	802e9bec	72
play_sound	802e9c34	48
audio_signal_game_loop_tick	802eaeb8	48
seq_player_fade_out	802eba2c	80
fade_volume_scale	802eba7c	120
process_level_music_dynamics	802ebd2c	1156
unused_8031FED0	802ec1b0	212
seq_player_lower_volume	802ec284	144
seq_player_unlower_volume	802ec314	180
set_audio_muted	802ec4fc	128
sound_init	802ec57c	620
get_currently_playing_sound	802ec7e8	220
stop_sound	802ec8c4	272
stop_sounds_from_source	802ec9d4	228
stop_sounds_in_continuous_banks	802ecb6c	48
sound_banks_disable	802ecb9c	92
sound_banks_enable	802ecc5c	88
unused_803209D8	802eccb4	124
set_sound_moving_speed	802ecd30	28
play_dialog_sound	802ecd4c	184
play_music	802ece04	508
stop_background_music	802ed000	312
fadeout_background_music	802ed138	84
drop_queued_background_music	802ed18c	36
get_current_background_music	802ed1b0	64
func_80320ED8	802ed1f0	204
play_secondary_music	802ed2bc	256
func_80321080	802ed3bc	84
func_803210D4	802ed410	220
play_course_clear	802ed4ec	72
play_peachs_jingle	802ed534	72
play_puzzle_jingle	802ed57c	72
play_star_fanfare	802ed5c4	72
play_power_star_jingle	802ed60c	92
play_race_fanfare	802ed668	72
play_toads_jingle	802ed6b0	72
sound_reset	802ed6f8	200
audio_set_sound_mode	802ed7c0	44
create_next_audio_frame_task	802ed7f0	1052
eu_process_audio_cmd	802edc0c	452
seq_player_fade_to_zero_volume	802eddd0	80
func_8031D690	802ede20	72
port_eu_init_queues	802ede68	136
func_802ad6f0	802edef0	56
func_802ad728	802edf28	36
func_802ad74c	802edf4c	36
func_802ad770	802edf70	48
func_802ad7a0	802edfa0	76
func_802ad7ec	802edfec	632
port_eu_init	802ee264	32
memcpy	802ee290	44
strlen	802ee2bc	40
strchr	802ee2e4	64
_Printf	802ee9a0	1604
__ull_rshift	802eeff0	44
__ull_rem	802ef01c	60
__ull_div	802ef058	60
__ll_lshift	802ef094	44
__ll_rem	802ef0c0	60
__ll_div	802ef0fc	92
__ll_mul	802ef158	48
__ull_divremi	802ef188	96
__ll_mod	802ef1e8	156
__ll_rshift	802ef284	44
osInitialize	802ef2b0	672
osSetTime	802ef550	36
osGetTime	802ef580	132
osWritebackDCacheAll	802ef610	48
osViBlack	802ef640	112
osViSwapBuffer	802ef6b0	80
__osGetCurrFaultedThread	802ef700	12
osSetEventMesg	802ef710	104
osRecvMesg	802ef780	312
osCreateMesgQueue	802ef900	44
osCreateThread	802ef930	324
osStartThread	802efa80	336
osMapTLB	802efbd0	192
osUnmapTLBAll	802efc90	80
proutSprintf	802efce0	36
sprintf	802efd04	88
osViSetEvent	802efd60	108
_VirtualToPhysicalTask	802efdd0	284
osSpTaskLoad	802efeec	352
osSpTaskStartGo	802f004c	64
osSpTaskYield	802f0090	32
osSendMesg	802f00b0	332
osSpTaskYielded	802f0200	128
osCreateViManager	802f0280	392
viMgrMain	802f0408	460
osViSetMode	802f05e0	104
osViSetSpecialFeatures	802f0650	440
osCreatePiManager	802f0810	392
osSetThreadPri	802f09a0	224
sqrtf	802f0a80	16
osContStartReadData	802f0a90	196
osContGetReadData	802f0b54	168
__osPackReadData	802f0bfc	236
osContInit	802f0cf0	504
__osContGetInitData	802f0ee8	208
__osPackRequestData	802f0fb8	244
osEepromProbe	802f10b0	108
osInvalDCache	802f1120	176
osPiStartDma	802f11d0	268
bzero	802f12e0	160
osInvalICache	802f1380	128
osEepromLongRead	802f1400	316
osEepromLongWrite	802f1540	316
bcopy	802f1680	784
guOrthoF	802f1990	340
guOrtho	802f1ae4	104
guPerspectiveF	802f1b50	560
guPerspective	802f1d80	88
__d_to_ll	802f1de0	28
__f_to_ll	802f1dfc	28
__d_to_ull	802f1e18	160
__f_to_ull	802f1eb8	156
__ll_to_d	802f1f54	24
__ll_to_f	802f1f6c	24
__ull_to_d	802f1f84	52
__ull_to_f	802f1fb8	48
cosf	802f1ff0	360
sinf	802f2160	448
guTranslateF	802f2320	72
guTranslate	802f2368	84
guRotateF	802f23c0	404
guRotate	802f2554	80
guScaleF	802f25b0	84
guScale	802f2604	72
osAiSetFrequency	802f2650	352
alBnkfNew	802f28b4	260
alSeqFileNew	802f29b8	64
osAiGetLength	802f2a00	12
osAiSetNextBuffer	802f2a10	168
_Litob	802f2ac0	664
_Ldtob	802f32d0	1356
__osSetSR	802f3820	16
__osGetSR	802f3830	16
__osSetFpcCsr	802f3840	16
__osSiRawReadIo	802f3850	80
__osSiRawWriteIo	802f38a0	76
__osExceptionPreamble	802f38f0	16
__osException	802f3900	280
savercp	802f3a18	56
endrcp	802f3a50	160
next_interrupt	802f3af0	56
IP6_Hdlr	802f3b28	12
IP7_Hdlr	802f3b34	12
counter	802f3b40	32
cart	802f3b60	84
rcp	802f3bb4	96
sp_other_break	802f3c14	16
vi	802f3c24	36
ai	802f3c48	44
si	802f3c74	36
pi	802f3c98	44
dp	802f3cc4	36
no_more_rcp_ints	802f3ce8	12
prenmi	802f3cf4	44
firstnmi	802f3d20	48
sw2	802f3d50	32
sw1	802f3d70	32
handle_break	802f3d90	24
redispatch	802f3da8	52
enqueue_running	802f3ddc	24
panic	802f3df4	48
send_mesg	802f3e24	180
handle_CpU	802f3ed8	52
__osEnqueueAndYield	802f3f0c	256
__osEnqueueThread	802f400c	72
__osPopThread	802f4054	16
__osDispatchThread	802f4064	380
__osCleanupThread	802f41e0	16
osWritebackDCache	802f41f0	128
osMapTLBRdb	802f4270	96
osPiRawReadIo	802f42d0	84
__osSetHWIntrRoutine	802f4330	80
__osLeoInterrupt	802f4380	1696
__osTimerServicesInit	802f4c00	140
__osTimerInterrupt	802f4c8c	376
__osSetTimerIntr	802f4e04	116
__osInsertTimer	802f4e78	392
__osDisableInt	802f5000	32
__osRestoreInt	802f5020	32
osGetCount	802f5040	16
__osViInit	802f5050	332
__osDequeueThread	802f51a0	64
osVirtualToPhysical	802f51e0	124
__osSpSetStatus	802f5260	12
__osSpSetPc	802f5270	52
__osSpRawStartDma	802f52b0	140
__osSpDeviceBusy	802f5340	44
__osSpGetStatus	802f5370	12
osGetThreadPri	802f5380	24
__osViGetCurrentContext	802f53a0	12
__osViSwapContext	802f53b0	860
__osPiCreateAccessQueue	802f5710	80
__osPiGetAccess	802f5760	68
__osPiRelAccess	802f57a4	44
osPiRawStartDma	802f57d0	224
osEPiRawStartDma	802f58b0	224
__osDevMgrMain	802f5990	944
__osSiCreateAccessQueue	802f5d40	80
__osSiGetAccess	802f5d90	68
__osSiRelAccess	802f5dd4	44
__osSiRawStartDma	802f5e00	172
osSetTimer	802f5eb0	212
osEepromWrite	802f5f90	432
__osPackEepWriteData	802f6140	268
__osEepStatus	802f624c	548
osJamMesg	802f6470	336
osPiGetCmdQueue	802f65c0	40
osEepromRead	802f65f0	496
__osPackEepReadData	802f67e0	260
guMtxF2L	802f68f0	256
guMtxIdentF	802f69f0	136
guMtxIdent	802f6a78	48
guMtxL2F	802f6aa8	180
guNormalize	802f6b60	132
__osAiDeviceBusy	802f6bf0	48
lldiv	802f6c20	256
ldiv	802f6d20	132
__osSiDeviceBusy	802f6db0	44
osSetIntMask	802f6de0	160
osDestroyThread	802f6e80	248
osLeoDiskInit	802f6f80	236
__osSetCompare	802f7070	16
__osProbeTLB	802f7080	192
__osResetGlobalIntMask	802f7140	88
osEPiRawWriteIo	802f71a0	76
osYieldThread	802f71f0	76
rspF3DBootStart	802f7240	208
rspF3DBootEnd	802f7310	5112
rspF3DStart	802f7310	5112
rspF3DEnd	802f8708	8
rspAspMainStart	802f8710	3616
gCrashScreenCharToGlyph	802f9530	128
rspAspMainEnd	802f9530	128
gCrashScreenFont	802f95b0	253
gCauseDesc	802f96b0	72
gFpcsrDesc	802f96f8	24
gVblankHandler1	802f9710	4
gVblankHandler2	802f9714	4
gActiveSPTask	802f9718	4
sCurrentAudioSPTask	802f971c	4
sCurrentDisplaySPTask	802f9720	4
sNextAudioSPTask	802f9724	4
sNextDisplaySPTask	802f9728	4
sAudioEnabled	802f972c	1
gNumVblanks	802f9730	4
gResetTimer	802f9734	1
gNmiResetBarsTimer	802f9738	1
gDebugLevelSelect	802f973c	1
D_8032C650	802f9740	1
gShowProfiler	802f9744	1
gShowDebugText	802f9748	1
sProfilerKeySequence	802f974c	16
sDebugTextKeySequence	802f975c	16
sProfilerKey	802f976c	4
sDebugTextKey	802f9770	16
sUnusedGameInitValue	802f9780	4
gGlobalTimer	802f9784	4
sRenderedFramebuffer	802f9788	2
sRenderingFramebuffer	802f978c	2
gGoddardVblankCallback	802f9790	4
gPlayer1Controller	802f9794	4
gPlayer2Controller	802f9798	4
gPlayer3Controller	802f979c	4
gCurrDemoInput	802f97a0	4
gDemoInputListID	802f97a4	2
gRecordedDemoInput	802f97a8	2
sMusicVolume	802f97b0	4
sBgMusicDisabled	802f97b4	4
sCurrentMusic	802f97b8	4
sCurrentShellMusic	802f97bc	4
sCurrentCapMusic	802f97c0	4
sPlayingInfiniteStairs	802f97c4	4
unused8032C6D8	802f97c8	16
sSoundMenuModeToSoundMode	802f97d8	8
sMenuSoundsExtra	802f97e0	144
sPaintingEjectSoundPlayed	802f9870	16
credits01	802f9880	8
credits02	802f9888	12
credits03	802f9894	12
credits04	802f98a0	16
credits05	802f98b0	16
credits06	802f98c0	12
credits07	802f98cc	12
credits08	802f98d8	16
credits09	802f98e8	24
credits10	802f9900	20
credits11	802f9914	16
credits12	802f9924	8
credits13	802f992c	12
credits14	802f9938	20
credits15	802f994c	16
credits16	802f995c	16
credits17	802f996c	16
credits18	802f997c	16
credits19	802f998c	8
credits20	802f9994	8
sCreditsSequence	802f999c	345
gMarioState	802f9b0c	4
unused1	802f9b10	2
sWarpCheckpointActive	802f9b14	1
sInteractionHandlers	802f9b20	248
sForwardKnockbackActions	802f9c18	36
sBackwardKnockbackActions	802f9c3c	36
sDisplayingDoorText	802f9c60	4
sJustTeleported	802f9c64	4
sPSSSlideStarted	802f9c68	8
sTerrainSounds	802f9c70	42
sSquishScaleOverTime	802f9c9c	16
sCapFlickerFrames	802f9cb0	8
sMovingSandSpeeds	802f9cc0	8
gWaterSurfacePseudoFloor	802f9cc8	48
sEndCutsceneVp	802f9d00	16
sDispCreditsEntry	802f9d10	4
D_8032CBE4	802f9d14	4
D_8032CBE8	802f9d18	4
D_8032CBEC	802f9d1c	8
sStarsNeededForDialog	802f9d24	8
sJumboStarKeyframes	802f9d2c	216
sSparkleGenTheta	802f9e04	4
sSparkleGenPhi	802f9e08	4
sMarioBlinkOverride	802f9e0c	20
sJumpLandAction	802f9e20	24
sFreefallLandAction	802f9e38	24
sSideFlipLandAction	802f9e50	24
sHoldJumpLandAction	802f9e68	24
sHoldFreefallLandAction	802f9e80	24
sLongJumpLandAction	802f9e98	24
sDoubleJumpLandAction	802f9eb0	24
sTripleJumpLandAction	802f9ec8	24
sBackflipLandAction	802f9ee0	24
sWasAtSurface	802f9f00	4
sSwimStrength	802f9f04	4
sWaterCurrentSpeeds	802f9f08	8
sPunchingForwardVelocities	802f9f10	8
gMarioBlinkAnimation	802f9f20	8
gMarioAttackScaleAnimation	802f9f28	20
sMarioAttackAnimCounter	802f9f3c	4
gMainPoolState	802f9f40	16
gLastCompletedCourseNum	802f9f50	1
gLastCompletedStarNum	802f9f54	1
sUnusedGotGlobalCoinHiScore	802f9f58	1
gGotFileCoinHiScore	802f9f5c	1
gCurrCourseStarFlags	802f9f60	1
gSpecialTripleJump	802f9f64	1
gLevelToCourseNumTable	802f9f68	38
gMarioSpawnInfo	802f9f90	4
gLoadedGraphNodes	802f9f94	4
gAreas	802f9f98	4
gCurrentArea	802f9f9c	4
gCurrCreditsEntry	802f9fa0	4
D_8032CE74	802f9fa4	4
D_8032CE78	802f9fa8	4
gWarpTransDelay	802f9fac	2
gFBSetColor	802f9fb0	4
gWarpTransFBSetColor	802f9fb4	4
gWarpTransRed	802f9fb8	1
gWarpTransGreen	802f9fbc	1
gWarpTransBlue	802f9fc0	1
gCurrSaveFileNum	802f9fc4	2
gCurrLevelNum	802f9fc8	2
sWarpBhvSpawnTable	802f9fcc	80
sSpawnTypeFromWarpBhv	802fa01c	20
D_8032CF00	802fa030	16
gNoControllerMsg	802fa040	12
renderModeTable_1Cycle	802fa050	64
renderModeTable_2Cycle	802fa090	64
gCurGraphNodeRoot	802fa0d0	4
gCurGraphNodeMasterList	802fa0d4	4
gCurGraphNodeCamFrustum	802fa0d8	4
gCurGraphNodeCamera	802fa0dc	4
gCurGraphNodeObject	802fa0e0	4
gCurGraphNodeHeldObject	802fa0e4	4
gAreaUpdateCounter	802fa0e8	2
gProfilerMode	802fa0f0	2
gCurrentFrameIndex1	802fa0f4	2
gCurrentFrameIndex2	802fa0f8	2
unused8032CFC0	802fa100	4
gCutsceneFocus	802fa104	4
unused8032CFC8	802fa108	4
unused8032CFCC	802fa10c	4
gSecondCameraFocus	802fa110	4
sYawSpeed	802fa114	2
gCurrLevelArea	802fa118	4
gPrevLevel	802fa11c	4
unused8032CFE0	802fa120	4
unused8032CFE4	802fa124	4
unused8032CFE8	802fa128	4
gCameraZoomDist	802fa12c	4
sObjectCutscene	802fa130	1
gRecentCutscene	802fa134	1
sFramesSinceCutsceneEnded	802fa138	1
sCutsceneDialogResponse	802fa13c	1
sMarioCamState	802fa140	4
sLuigiCamState	802fa144	4
unused8032D008	802fa148	4
sFixedModeBasePosition	802fa14c	12
sUnusedModeBasePosition_2	802fa158	12
sUnusedModeBasePosition_3	802fa164	12
sUnusedModeBasePosition_4	802fa170	12
sUnusedModeBasePosition_5	802fa17c	12
sModeTransitions	802fa188	72
unused8032D0A8	802fa1e8	8
unused8032D0B0	802fa1f0	8
sDanceCutsceneTable	802fa1f8	10
unusedDanceInfo1	802fa204	20
unusedDanceType	802fa218	4
unusedDanceInfo2	802fa21c	20
sBBHLibraryParTrackPath	802fa230	69
sCamSL	802fa278	63
sCamTHI	802fa2c0	63
sCamHMC	802fa308	147
sCamSSL	802fa3b0	105
sCamRR	802fa428	147
sCamBOB	802fa4d0	63
sCamCotMC	802fa518	42
sCamCCM	802fa548	63
sCamCastle	802fa590	735
sCamBBH	802fa8d8	1281
sCameraTriggers	802fae90	157
sIntroStartToPipePosition	802faf30	184
sIntroStartToPipeFocus	802fafe8	184
sIntroPipeToDialogPosition	802fb0a0	112
sIntroPipeToDialogFocus	802fb110	112
sEndingFlyToWindowPos	802fb180	80
sEndingFlyToWindowFocus	802fb1d0	88
sEndingPeachDescentCamPos	802fb228	160
sEndingMarioToPeachPos	802fb2c8	72
sEndingMarioToPeachFocus	802fb310	72
sEndingLookUpAtCastle	802fb358	64
sEndingLookAtSkyFocus	802fb398	56
gIntroLakituStartToPipeFocus	802fb3f4	280
gIntroLakituStartToPipeOffsetFromCamera	802fb50c	280
gEndWavingPos	802fb624	72
gEndWavingFocus	802fb66c	72
sCutsceneEnding	802fb6b4	84
sCutsceneGrandStar	802fb714	14
sCutsceneUnused	802fb724	14
sCutsceneDoorWarp	802fb734	14
sCutsceneEndWaving	802fb744	7
sCutsceneCredits	802fb74c	7
sCutsceneDoorPull	802fb754	35
sCutsceneDoorPush	802fb77c	35
sCutsceneDoorPullMode	802fb7a4	21
sCutsceneDoorPushMode	802fb7bc	21
sCutsceneEnterCannon	802fb7d4	21
sCutsceneStarSpawn	802fb7ec	21
sCutsceneRedCoinStarSpawn	802fb804	14
sCutsceneEnterPainting	802fb814	7
sCutsceneDeathExit	802fb81c	14
sCutsceneExitPaintingSuccess	802fb82c	14
sCutsceneUnusedExit	802fb83c	21
sCutsceneIntroPeach	802fb854	35
sCutscenePrepareCannon	802fb87c	14
sCutsceneExitWaterfall	802fb88c	14
sCutsceneFallToCastleGrounds	802fb89c	14
sCutsceneEnterPyramidTop	802fb8ac	14
sCutscenePyramidTopExplode	802fb8bc	21
sCutsceneStandingDeath	802fb8d4	7
sCutsceneEnterPool	802fb8dc	14
sCutsceneDeathStomach	802fb8ec	7
sCutsceneDeathOnBack	802fb8f4	7
sCutsceneQuicksandDeath	802fb8fc	7
sCutsceneWaterDeath	802fb904	7
sCutsceneSuffocation	802fb90c	7
sCutsceneEnterBowserArena	802fb914	21
sCutsceneDanceDefaultRotate	802fb92c	7
sCutsceneDanceFlyAway	802fb934	7
sCutsceneDanceCloseup	802fb93c	7
sCutsceneKeyDance	802fb944	7
sCutsceneCapSwitchPress	802fb94c	7
sCutsceneSlidingDoorsOpen	802fb954	14
sCutsceneUnlockKeyDoor	802fb964	14
sCutsceneExitBowserSuccess	802fb974	14
sCutsceneExitBowserDeath	802fb984	14
sCutsceneExitSpecialSuccess	802fb994	14
sCutsceneNonPaintingDeath	802fb9a4	14
sCutsceneDialog	802fb9b4	21
sCutsceneReadMessage	802fb9cc	21
sDanceCutsceneIndexTable	802fb9e4	108
sZoomOutAreaMasks	802fba50	20
sBoBCreditsSplinePositions	802fba64	40
sBoBCreditsSplineFocus	802fba8c	40
sWFCreditsSplinePositions	802fbab4	40
sWFCreditsSplineFocus	802fbadc	40
sJRBCreditsSplinePositions	802fbb04	40
sJRBCreditsSplineFocus	802fbb2c	40
sCCMSlideCreditsSplinePositions	802fbb54	40
sCCMSlideCreditsSplineFocus	802fbb7c	40
sBBHCreditsSplinePositions	802fbba4	32
sBBHCreditsSplineFocus	802fbbc4	32
sHMCCreditsSplinePositions	802fbbe4	40
sHMCCreditsSplineFocus	802fbc0c	40
sTHIWigglerCreditsSplinePositions	802fbc34	24
sTHIWigglerCreditsSplineFocus	802fbc4c	24
sVolcanoCreditsSplinePositions	802fbc64	48
sVolcanoCreditsSplineFocus	802fbc94	48
sSSLCreditsSplinePositions	802fbcc4	48
sSSLCreditsSplineFocus	802fbcf4	48
sDDDCreditsSplinePositions	802fbd24	56
sDDDCreditsSplineFocus	802fbd5c	56
sSLCreditsSplinePositions	802fbd94	32
sSLCreditsSplineFocus	802fbdb4	32
sWDWCreditsSplinePositions	802fbdd4	32
sWDWCreditsSplineFocus	802fbdf4	32
sTTMCreditsSplinePositions	802fbe14	48
sTTMCreditsSplineFocus	802fbe44	48
sTHIHugeCreditsSplinePositions	802fbe74	56
sTHIHugeCreditsSplineFocus	802fbeac	56
sTTCCreditsSplinePositions	802fbee4	32
sTTCCreditsSplineFocus	802fbf04	32
sRRCreditsSplinePositions	802fbf24	32
sRRCreditsSplineFocus	802fbf44	32
sSACreditsSplinePositions	802fbf64	40
sSACreditsSplineFocus	802fbf8c	40
sCotMCCreditsSplinePositions	802fbfb4	40
sCotMCCreditsSplineFocus	802fbfdc	40
sDDDSubCreditsSplinePositions	802fc004	40
sDDDSubCreditsSplineFocus	802fc02c	40
sCCMOutsideCreditsSplinePositions	802fc054	32
sCCMOutsideCreditsSplineFocus	802fc074	32
sObjectListUpdateOrder	802fc0a0	11
sParticleTypes	802fc0ac	266
sCapSaveFlags	802fc1e0	12
sBooHitRotations	802fc1ec	64
sMrIParticleActions	802fc22c	8
sMrIActions	802fc234	16
sMrIHitbox	802fc244	16
sTHITopPuffs	802fc254	20
sCapSwitchText	802fc268	3
sCapSwitchActions	802fc26c	16
sKingBobombActions	802fc27c	36
sKingBobombSoundStates	802fc2a0	96
sOpenedCannonActions	802fc300	28
sUnusedChuckyaData	802fc31c	50
sChuckyaActions	802fc358	16
sRotatingPlatformData	802fc368	22
sKoopaShellUnderwaterHitbox	802fc380	16
sMistParticles	802fc390	20
sSparkleSpawnStarHitbox	802fc3a4	16
sYellowCoinHitbox	802fc3b4	16
sCoinArrowPositions	802fc3c4	32
sCoinInsideBooActions	802fc3e4	8
sTinyTriMovementParams	802fc3ec	24
sTinyStarMovementParams	802fc404	28
sDoorActions	802fc420	40
sDoorOpenSounds	802fc448	8
sDoorCloseSounds	802fc450	8
sGrindelThwompActions	802fc458	20
sTumblingBridgeData	802fc46c	48
sTumblingBridgeActions	802fc49c	16
sElevatorHeights	802fc4ac	44
sElevatorActions	802fc4d8	20
sGlobalMistParticles	802fc4ec	20
sSandParticles	802fc500	20
sSmokeMovementParams	802fc514	8
sSnowParticles	802fc51c	20
sUkikiCageActions	802fc530	16
sBowserShockwaveHitPoints	802fc540	16
sSpindriftHitbox	802fc550	16
sMetalBoxHitbox	802fc560	16
sBreakableBoxHitbox	802fc570	16
D_8032F460	802fc580	40
sHeaveHoActions	802fc5a8	16
sJumpingBoxHitbox	802fc5b8	16
sJumpingBoxActions	802fc5c8	8
sBooCageHitbox	802fc5d0	16
sBetaBooKeyActions	802fc5e0	12
sBowserKeyHitbox	802fc5ec	16
sBulletBillActions	802fc5fc	20
sBowserTailAnchorActions	802fc610	12
sBowserDebugActions	802fc61c	16
sBowserVelYAir	802fc62c	2
sBowserFVelAir	802fc630	2
sBowserDanceStepNoises	802fc634	4
sBowserDefeatedDialogText	802fc638	6
sBowsertiltPlatformData	802fc640	72
sBowserActions	802fc688	80
sBowserSoundStates	802fc6d8	216
sBowserRainbowLight	802fc7b0	3
sBowserHealth	802fc7b4	3
sBowserFallingPlatform	802fc7b8	121
sFallingBowserPlatformActions	802fc83c	12
sGrowingBowserFlameHitbox	802fc848	16
sBowserFlameHitbox	802fc858	16
sFlameFloatingYLimit	802fc868	12
D_8032F754	802fc874	40
sCageUkikiPath	802fc89c	92
sUkikiSoundStates	802fc8f8	104
sUkikiActions	802fc960	32
D_8032F860	802fc980	52
D_8032F894	802fc9b4	52
D_8032F8C8	802fc9e8	8
sRotatingCwFireBarsActions	802fc9f0	16
sKoopaShellHitbox	802fca00	16
sToxBoxActionTable1	802fca10	52
sToxBoxActionTable2	802fca44	35
sToxBoxActionTable3	802fca68	36
sToxBoxActionTables	802fca8c	12
sToxBoxActions	802fca98	32
sPiranhaPlantBiteSoundFrames	802fcab8	8
TablePiranhaPlantActions	802fcac0	36
sPieceActions01	802fcae4	28
sPieceActions02	802fcb00	28
sPieceActions05	802fcb1c	28
sPieceActions06	802fcb38	28
sPieceActions10	802fcb54	28
sPieceActions09	802fcb70	28
sPieceActions13	802fcb8c	28
sPieceActions12	802fcba8	28
sPieceActions08	802fcbc4	28
sPieceActions07	802fcbe0	28
sPieceActions03	802fcbfc	28
sPieceActions04	802fcc18	28
sPieceActions11	802fcc34	28
sPieceActions14	802fcc50	28
sBowserPuzzlePieces	802fcc6c	112
sBowserPuzzlePieceActions	802fccdc	28
sTuxiesMotherActions	802fccf8	12
sSmallPenguinActions	802fcd04	24
sFishSpawnerActions	802fcd1c	12
sFishActions	802fcd28	12
sBirdChirpChirpActions	802fcd34	16
sCheepCheepActions	802fcd44	12
sExclamationBoxHitbox	802fcd50	16
sExclamationBoxContents	802fcd60	128
sExclamationBoxActions	802fcde0	24
sSkullSlidingBoxHitbox	802fcdf8	16
gOpenableGrills	802fce08	16
sTweesterHitbox	802fce18	16
sTweesterActions	802fce28	12
sBooGivingStarHitbox	802fce34	16
sCourtyardBooTripletPositions	802fce44	20
sBooActions	802fce58	24
sBooGivingStarActions	802fce70	20
sBooWithCageActions	802fce84	16
sScuttlebugHitbox	802fce94	16
sWhompActions	802fcea4	40
sWaterSplashDropletParams	802fcecc	36
gShallowWaterSplashDropletParams	802fcef0	36
sWaterDropletFishParams	802fcf14	36
gShallowWaterWaveDropletParams	802fcf38	36
sStrongWindParticleHitbox	802fcf5c	16
sSLWalkingPenguinErraticSteps	802fcf6c	112
D_8032FEC0	802fcfe0	2
unused_8032FEC4	802fcfe4	5
gMarioPlatform	802fcff4	4
sDebugEffectStringInfo	802fd000	36
sDebugEnemyStringInfo	802fd024	36
sDebugInfoDPadMask	802fd048	4
sDebugInfoDPadUpdID	802fd04c	4
sDebugLvSelectCheckFlag	802fd050	1
sDebugPage	802fd054	1
sNoExtraDebug	802fd058	1
sDebugStringArrPrinted	802fd05c	1
sDebugSysCursor	802fd060	1
sDebugInfoButtonSeqID	802fd064	1
sDebugInfoButtonSeq	802fd068	10
sTransitionColorFadeCount	802fd080	2
sTransitionTextureFadeCount	802fd084	3
sTextureTransitionID	802fd088	16
rectangles	802fd0a0	20
sSkyboxTextures	802fd0c0	40
sSkyboxColors	802fd0e8	6
gMovtexCounter	802fd0f0	2
gMovtexCounterPrev	802fd0f4	2
gMovtexVtxColor	802fd0f8	1
gPaintingMarioYEntry	802fd0fc	4
gWDWWaterLevelSet	802fd100	4
gMovtexIdToTexture	802fd104	32
gMovtexNonColored	802fd124	576
gMovtexColored	802fd364	216
gMovtexColored2	802fd43c	108
sCurAreaTimer	802fd4b0	4
sPrevAreaTimer	802fd4b4	4
sFlyingCarpetRippleTimer	802fd4b8	8
sHMCPaintings	802fd4c0	8
sInsideCastlePaintings	802fd4c8	60
sTTMPaintings	802fd504	8
sPaintingGroups	802fd50c	12
gPaintingUpdateCounter	802fd518	2
gLastPaintingUpdateCounter	802fd51c	2
sTextLabelsCount	802fd520	2
gDialogCharWidths	802fd530	256
gMenuState	802fd630	1
gDialogBoxAngle	802fd634	4
gDialogBoxScale	802fd638	4
gDialogScrollOffsetY	802fd63c	2
gDialogBoxType	802fd640	1
gDialogID	802fd644	2
gNextDialogPageStartStrIndex	802fd648	2
gDialogPageStartStrIndex	802fd64c	2
gInGameLanguage	802fd650	4
gMenuLineNum	802fd654	1
gDialogWithChoice	802fd658	1
gMenuHoldKeyIndex	802fd65c	1
gMenuHoldKeyTimer	802fd660	1
gDialogResponse	802fd664	4
gHudSymCoin	802fd674	2
gHudSymX	802fd678	2
gMenuMode	802fd6bc	2
gEndCutsceneStrEn0	802fd6c0	7
gEndCutsceneStrEn1	802fd6c8	52
gEndCutsceneStrEn2	802fd6fc	31
gEndCutsceneStrEn3	802fd71c	18
gEndCutsceneStrEn4	802fd730	43
gEndCutsceneStrEn5	802fd75c	19
gEndCutsceneStrEn6	802fd770	31
gEndCutsceneStrEn7	802fd790	16
gEndCutsceneStrEn8	802fd7a0	7
gEndCutsceneStringsEn	802fd7a8	40
gEndCutsceneStrFr0	802fd7d0	7
gEndCutsceneStrFr1	802fd7d8	57
gEndCutsceneStrFr2	802fd814	24
gEndCutsceneStrFr3	802fd82c	14
gEndCutsceneStrFr4	802fd83c	29
gEndCutsceneStrFr5	802fd85c	18
gEndCutsceneStrFr6	802fd870	39
gEndCutsceneStrFr7	802fd898	17
gEndCutsceneStrFr8	802fd8ac	7
gEndCutsceneStringsFr	802fd8b4	40
gEndCutsceneStrDe0	802fd8dc	7
gEndCutsceneStrDe1	802fd8e4	54
gEndCutsceneStrDe2	802fd91c	32
gEndCutsceneStrDe3	802fd93c	20
gEndCutsceneStrDe4	802fd950	40
gEndCutsceneStrDe5	802fd978	17
gEndCutsceneStrDe6	802fd98c	41
gEndCutsceneStrDe7	802fd9b8	16
gEndCutsceneStrDe8	802fd9c8	7
gEndCutsceneStringsDe	802fd9d0	40
gCutsceneMsgFade	802fd9f8	2
gCutsceneMsgIndex	802fd9fc	2
gCutsceneMsgDuration	802fda00	2
gCutsceneMsgTimer	802fda04	2
gDialogCameraAngleIndex	802fda08	1
gDialogCourseActNum	802fda0c	1
gTextCourse	802fda10	20
gCourseCompleteCoinsEqual	802fdb90	1
gCourseCompleteScreenTimer	802fdb94	4
gCourseCompleteCoins	802fdb98	4
gHudFlash	802fdb9c	1
gEnvFxMode	802fdd00	1
D_80330644	802fdd04	4
gSnowTempVtx	802fdd08	48
gSnowFlakeVertex1	802fdd38	6
gSnowFlakeVertex2	802fdd40	6
gSnowFlakeVertex3	802fdd48	6
D_80330690	802fdd50	4
D_80330694	802fdd54	4
gBubbleTempVtx	802fdd58	48
sMacroObjectPresets	802fdd90	2928
sSpecialObjectPresets	802fe900	672
sPowerMeterHUD	802feba0	12
sPowerMeterVisibleTimer	802febac	4
sUnusedHUDValue1	802febb0	4
sUnusedHUDValue2	802febb4	4
sCameraHUDStatus	802febb8	8
sOrientObjWithFloor	802febc0	4
sPrevCheckMarioRoom	802febc4	2
sYoshiDead	802febc8	1
sDebugSequenceTracker	802febcc	1
sDebugTimer	802febd0	1
sMovingYellowCoinHitbox	802febd4	16
sMovingBlueCoinHitbox	802febe4	16
sBobombHitbox	802febf4	16
sWhirlpoolHitbox	802fec04	16
sAmpHitbox	802fec14	16
sSmallBullyHitbox	802fec24	16
sBigBullyHitbox	802fec34	16
sMoneybagHitbox	802fec44	16
sMoneybagHiddenHitbox	802fec54	16
sBowlingBallHitbox	802fec64	16
sTHIHugeMetalBallTraj	802fec74	84
sTHITinyMetalBallTraj	802fecc8	76
sRollingSphereHitbox	802fed14	16
sCapHitbox	802fed24	16
sCollectStarHitbox	802fed34	16
sRedCoinHitbox	802fed44	16
D_80331694	802fed54	4
sBreakableBoxSmallHitbox	802fed58	16
sMantaRayTraj	802fed68	68
sMantaRayHitbox	802fedac	16
sFallingPillarHitbox	802fedbc	16
sTreasureChestBottomHitbox	802fedcc	16
sYoshiHomeLocations	802feddc	20
sKoopaHitbox	802fedf0	16
sKoopaUnshelledAttackHandlers	802fee00	8
sKoopaShelledAttackHandlers	802fee08	8
sKoopaTheQuickProperties	802fee10	32
sPokeyBodyPartHitbox	802fee30	16
sPokeyBodyPartAttackHandlers	802fee40	8
sSwoopHitbox	802fee48	16
sFlyGuyHitbox	802fee58	16
sFlyGuyJitterAmounts	802fee68	8
sGoombaHitbox	802fee70	16
sGoombaProperties	802fee80	36
sGoombaAttackHandlers	802feea4	12
sChainChompHitbox	802feeb0	16
sWigglerBodyPartHitbox	802feec0	16
sWigglerHitbox	802feed0	16
sWigglerAttackHandlers	802feee0	8
sWigglerSpeeds	802feee8	28
sSpinyHitbox	802fef04	16
sSpinyWalkAttackHandlers	802fef14	8
sEnemyLakituHitbox	802fef1c	16
sCloudPartHeights	802fef2c	8
montyMoleRiseFromGroundParticles	802fef34	20
sMontyMoleHitbox	802fef48	16
sMontyMoleRockHitbox	802fef58	16
sMontyMoleRockBreakParticles	802fef68	20
sPlatformOnTrackCollisionModels	802fef7c	16
sPlatformOnTrackPaths	802fef8c	36
sSeesawPlatformCollisionModels	802fefb0	32
sFerrisWheelProperties	802fefd0	24
sWaterBombHitbox	802fefe8	16
waterBombExplodeParticles	802feff8	20
waterBombCannonParticle	802ff00c	20
sTTCRotatingSolidCollisionModels	802ff020	8
sTTCRotatingSolidInitialDelays	802ff028	4
sTTCPendulumInitialAccels	802ff02c	16
sTTCTreadmillCollisionModels	802ff03c	8
sTTCTreadmillSpeeds	802ff044	8
sTTCMovingBarDelays	802ff04c	8
sTTCMovingBarRandomDelays	802ff054	4
sTTCCogCollisionModels	802ff058	8
sTTCCogDirections	802ff060	4
sTTCCogNormalSpeeds	802ff064	4
sTTCPitBlockCollisionModels	802ff068	8
sTTCPitBlockProperties	802ff070	32
sTTCElevatorSpeeds	802ff090	4
sTTC2DRotatorSpeeds	802ff094	4
sTTC2DRotatorTimeBetweenTurns	802ff098	16
sTTCSpinnerSpeeds	802ff0a8	8
sMrBlizzardHitbox	802ff0b0	16
D_80331A00	802ff0c0	20
sMrBlizzardSnowballHitbox	802ff0d4	16
sSlidingPlatform2CollisionData	802ff0e4	32
sOctagonalPlatformCollision	802ff104	8
sOctagonalPlatformAngularVelocities	802ff10c	8
D_80331A54	802ff114	105
D_80331ACC	802ff18c	6
sActivatedBackAndForthPlatformCollisionModels	802ff194	12
sRecoveryHeartHitbox	802ff1a0	16
sUnagiHitbox	802ff1b0	16
sHauntedChairHitbox	802ff1c0	16
sMadPianoHitbox	802ff1d0	16
sFlyingBookendHitbox	802ff1e0	16
D_80331B30	802ff1f0	12
sBookSwitchHitbox	802ff1fc	16
sFirePiranhaPlantHitbox	802ff20c	16
D_80331B5C	802ff21c	8
sPiranhaPlantFireHitbox	802ff224	16
sSnufitHitbox	802ff234	16
sSnufitBulletHitbox	802ff244	16
sEyerokHitbox	802ff254	16
D_80331BA4	802ff264	6
sKleptoHitbox	802ff26c	16
sKleptoTargetPositions	802ff27c	36
sKleptoAttackHandlers	802ff2a0	8
sRacingPenguinData	802ff2a8	24
coffinRelativePos	802ff2c0	24
sClamShellHitbox	802ff2d8	16
sSkeeterHitbox	802ff2e8	16
D_80331C38	802ff2f8	16
sDonutPlatformPositions	802ff308	188
sTripletButterflyExplodeHitbox	802ff3c4	16
sTripletButterflyActivationData	802ff3d4	24
sBubbaHitbox	802ff3ec	20
audioString1	802ff400	40
audioString2	802ff428	40
audioString22	802ff6d8	24
audioString23	802ff6f0	12
audioString24	802ff6fc	12
audioString25	802ff708	12
audioString26	802ff714	24
audioString27	802ff72c	12
audioString28	802ff738	12
audioString29	802ff744	12
audioString30	802ff750	20
audioString31	802ff764	28
audioString34	802ff7a8	28
audioString35	802ff7c4	12
audioString36	802ff7d0	16
audioString37	802ff7e0	16
audioString38	802ff7f0	16
audioString39	802ff800	20
audioString40	802ff814	20
audioString41	802ff828	24
audioString42	802ff840	20
audioString43	802ff854	20
audioString44	802ff868	16
audioString45	802ff878	16
audioString46	802ff888	24
audioString47	802ff8a0	32
audioString48	802ff8c0	24
audioString49	802ff8d8	600
audioString106	802fff94	32
audioString107	802fffb4	460
gAudioErrorFlags2	80300180	4
sGameLoopTicked	80300184	4
sDialogSpeaker	80300188	170
sDialogSpeakerVoice	80300234	44
sNumProcessedSoundRequests	80300260	1
sSoundRequestCount	80300264	1
sDynBBH	80300268	12
sDynDDD	80300274	24
sDynJRB	8030028c	26
sDynWDW	803002a8	14
sDynHMC	803002b8	16
sDynUnk38	803002c8	16
sDynNone	803002d8	4
sCurrentMusicDynamic	803002dc	1
sBackgroundMusicForDynamics	803002e0	1
sLevelDynamics	803002e4	156
sMusicDynamics	80300380	96
sLevelAreaReverbs	803003e0	117
sLevelAcousticReaches	80300458	78
sBackgroundMusicDefaultVolume	803004a8	35
sCurrentBackgroundMusicSeqId	803004cc	1
sMusicDynamicDelay	803004d0	1
sSoundBankUsedListBack	803004d4	10
sSoundBankFreeListFront	803004e0	10
sNumSoundsInBank	803004ec	10
sMaxChannelsForSoundBank	803004f8	10
sNumSoundsPerBank	80300504	10
gGlobalSoundSource	80300510	12
sUnusedSoundArgs	8030051c	12
sSoundBankDisabled	80300528	2
D_80332108	80300538	1
sHasStartedFadeOut	8030053c	1
sSoundBanksThatLowerBackgroundMusic	80300540	2
sUnused80332114	80300544	1
sUnused80332118	80300548	2
sBackgroundMusicMaxTargetVolume	8030054c	1
D_80332120	80300550	1
D_80332124	80300554	1
D_EU_80300558	80300558	1
sBackgroundMusicQueueSize	8030055c	1
sUnused8033323C	80300560	1
sReverbSettings	803005d0	24
gAudioSessionPresets	803005e8	256
gPitchBendFrequencyScale	803006e8	1024
gNoteFrequencies	80300ae8	512
gDefaultShortNoteVelocityTable	80300ce8	16
gDefaultShortNoteDurationTable	80300cf8	16
gDefaultEnvelope	80300d08	12
gZeroNoteSub	80300d14	2
gDefaultNoteSub	80300d24	16
sSawtoothWaves	80300d34	512
sTriangleWaves	80300f34	512
sSineWaves	80301134	512
sSquareWaves	80301334	512
sEuUnknownWave6	80301534	512
gEuUnknownWave7	80301734	512
gWaveSamples	80301934	24
euUnknownData_8030194c	8030194c	4
gHeadsetPanQuantization	80301950	21
euUnknownData_80301950	80301970	128
gHeadsetPanVolume	803019f0	512
gStereoPanVolume	80301bf0	512
gDefaultPanVolume	80301df0	512
gTatumsPerBeat	80301ff0	2
gUnusedCount80333EE8	80301ff4	1
gAudioHeapSize	80301ff8	4
gAudioInitPoolSize	80301ffc	4
gAudioLoadLock	80302000	4
bufferDelete2	80302004	2
D_EU_80302010	80302010	1
D_EU_80302014	80302014	1
OSMesgQueues	80302018	16
spaces	80302030	36
zeroes	80302054	44
osClockRate	80302080	8
__osShutdown	80302088	4
__OSGlobalIntMask	8030208c	4
osDDActive	80302090	4
EU_unusedZeroes	80302094	2
viMgrMainArgs	803020a0	5
osViModeTable	803020c0	3276
__osPiDevMgr	80302de0	5
__osPiTable	80302dfc	4
_osContInitialized	80302e00	4
__osHwIntTable	80302e50	32
__osTimerList	80302e70	4
sViContexts	80302e80	3
__osViCurr	80302ee0	4
__osViNext	80302ee4	4
osViClock	80302ee8	4
sTvType	80302eec	4
__osThreadTail	80302ef0	4
D_80334894	80302ef4	4
__osRunQueue	80302ef8	4
__osActiveQueue	80302efc	4
__osRunningThread	80302f00	4
__osFaultedThread	80302f04	4
gOsPiAccessQueueCreated	80302f10	4
gOsSiAccessQueueCreated	80302f20	4
osViModePalLan1	80302f30	78
osViModeMpalLan1	80302f80	78
osViModeNtscLan1	80302fd0	78
unusedErrorStr1	80306f28	36
unusedErrorStr2	80306f4c	164
undefportcmd	80307024	60
pows	80307230	72
__osIntOffTable	80307290	32
__osIntTable	803072b0	80
NAN	80307300	4
__osRcpImTable	80307310	128
rspF3DDataStart	80307390	2048
rspAspMainDataStart	80307b90	704
rspF3DDataEnd	80307b90	704
_mainSegmentEnd	80307e50	2528
_mainSegmentNoloadStart	80307e50	2528
gCrashScreen	80307e50	2520
rspAspMainDataEnd	80307e50	2528
D_80339210	80308830	432
gIdleThread	803089e0	432
gMainThread	80308b90	432
gGameLoopThread	80308d40	432
gSoundThread	80308ef0	432
gDmaIoMesg	803090a0	24
gMainReceivedMesg	803090b8	4
gDmaMesgQueue	803090c0	24
gSIEventMesgQueue	803090d8	24
gPIMesgQueue	803090f0	24
gIntrMesgQueue	80309108	24
gSPTaskMesgQueue	80309120	24
gDmaMesgBuf	80309138	4
gPIMesgBuf	80309140	128
gSIEventMesgBuf	803091c0	4
gIntrMesgBuf	803091c8	64
gUnknownMesgBuf	80309208	64
gControllers	80309250	84
gGfxSPTask	803092a4	4
gDisplayListHead	803092a8	4
gGfxPoolEnd	803092ac	4
gGfxPool	803092b0	4
gControllerStatuses	803092b8	16
gControllerPads	803092c8	24
gControllerBits	803092e0	1
gEepromProbe	803092e1	1
gGameVblankQueue	803092e8	24
gGfxVblankQueue	80309300	24
gGameMesgBuf	80309318	4
gGfxMesgBuf	8030931c	4
gGameVblankHandler	80309320	8
gPhysicalFramebuffers	80309328	12
gPhysicalZBuffer	80309334	4
gMarioAnimsMemAlloc	80309338	4
gDemoInputsMemAlloc	8030933c	4
gMarioAnimsBuf	80309340	12
gDemoInputsBuf	80309350	12
sfillerGameInit	80309360	144
unused80339DC0	803093f0	16
sSoundMesgQueue	80309400	24
sSoundMesgBuf	80309418	8
sSoundVblankHandler	80309420	16
gMarioStates	80309430	200
gHudDisplay	803094f8	14
sCurrPlayMode	80309506	2
D_80339ECA	80309508	2
sTransitionTimer	8030950a	2
sTransitionUpdate	8030950c	4
sWarpDest	80309510	8
D_80339EE0	80309518	2
sDelayedWarpOp	8030951a	2
sDelayedWarpTimer	8030951c	2
sSourceWarpNodeId	8030951e	2
sDelayedWarpArg	80309520	4
sUnusedLevelUpdateBss	80309524	2
sTimerRunning	80309526	1
gNeverEnteredCastle	80309527	1
unused2	80309528	4
sDelayInvincTimer	80309530	1
sInvulnerable	80309532	2
unused80339F10	80309540	4
unused80339F1C	80309548	20
sIntroWarpPipeObj	80309560	4
sEndPeachObj	80309564	4
sEndRightToadObj	80309568	4
sEndLeftToadObj	8030956c	4
sEndJumboStarObj	80309570	4
sUnused	80309574	4
sEndPeachAnimation	80309578	4
sEndToadAnims	8030957c	4
sFloorAlignMatrix	80309580	128
sBobTimer	80309600	2
sBobIncrement	80309602	2
sBobHeight	80309604	12
gBodyStates	80309610	80
gMirrorMario	80309660	96
gEffectsMemoryPool	803096c0	4
sSegmentTable	803096c8	128
sPoolFreeSpace	80309748	4
sPoolStart	8030974c	4
sPoolEnd	80309750	4
sPoolListHeadL	80309754	4
sPoolListHeadR	80309758	4
gWarpCheckpoint	80309760	5
gMainMenuDataModified	80309765	1
gSaveFileModified	80309766	1
gPlayerSpawnInfos	80309770	32
D_8033A160	80309790	1024
gAreaData	80309b90	480
gWarpTransition	80309d70	22
gCurrCourseNum	80309d86	2
gCurrActNum	80309d88	2
gCurrAreaIndex	80309d8a	2
gSavedCourseNum	80309d8c	2
gMenuOptSelectIndex	80309d8e	2
gSaveOptSelectIndex	80309d90	2
gMatStackIndex	80309da0	2
gMatStack	80309da8	2048
gMatStackFixed	8030a5a8	128
gGeoTempState	8030a628	16
gCurrAnimType	8030a638	1
gCurrAnimEnabled	8030a639	1
gCurrAnimFrame	8030a63a	2
gCurrAnimTranslationMultiplier	8030a63c	4
gCurrAnimAttribute	8030a640	4
gCurrAnimData	8030a644	4
gDisplayListHeap	8030a648	4
gProfilerFrameData	8030a650	400
gPlayerCameraState	8030a7e0	72
sOldPosition	8030a828	12
sOldFocus	8030a838	12
sPlayer2FocusOffset	8030a848	12
sCreditsPlayer2Pitch	8030a854	2
sCreditsPlayer2Yaw	8030a856	2
sFramesPaused	8030a858	1
gLakituState	8030a860	192
sFOVState	8030a920	28
sModeTransition	8030a940	36
sMarioGeometry	8030a968	52
gCamera	8030a99c	4
unusedFreeRoamWallYaw	8030a9a0	2
sAvoidYawVel	8030a9a2	2
sCameraYawAfterDoorCutscene	8030a9a4	2
sCurCreditsSplinePos	8030a9a8	256
sCurCreditsSplineFocus	8030aaa8	256
unusedSplinePitch	8030aba8	2
unusedSplineYaw	8030abaa	2
sCutsceneSplineSegmentProgress	8030abac	4
sCutsceneSplineSegment	8030abb0	2
unused8033B6E8	8030abb2	2
sHandheldShakeSpline	8030abb8	64
sHandheldShakeMag	8030abf8	2
sHandheldShakeTimer	8030abfc	4
sHandheldShakeInc	8030ac00	4
sHandheldShakePitch	8030ac04	2
sHandheldShakeYaw	8030ac06	2
sHandheldShakeRoll	8030ac08	2
gCutsceneObjSpawn	8030ac0c	4
gObjCutsceneDone	8030ac10	4
unused8033B30C	8030ac14	4
unused8033B310	8030ac18	4
sSelectionFlags	8030ac1c	2
gCameraMovementFlags	8030ac1e	2
unused8033B316	8030ac20	2
sStatusFlags	8030ac22	2
s2ndRotateFlags	8030ac24	2
unused8033B31A	8030ac26	2
sCameraSoundFlags	8030ac28	2
sCButtonsPressed	8030ac2a	2
sCutsceneDialogID	8030ac2c	2
sCutsceneShot	8030ac2e	2
gCutsceneTimer	8030ac30	2
unused8033B3E8	8030ac32	2
unused8033B3E82	8030ac34	2
sAreaYaw	8030ac36	2
sAreaYawChange	8030ac38	2
sLakituDist	8030ac3a	2
sLakituPitch	8030ac3c	2
sZoomAmount	8030ac40	4
sCSideButtonYaw	8030ac44	2
sBehindMarioSoundTimer	8030ac46	2
sZeroZoomDist	8030ac48	4
sCUpCameraPitch	8030ac4c	2
sModeOffsetYaw	8030ac4e	2
sSpiralStairsYawOffset	8030ac50	2
s8DirModeBaseYaw	8030ac52	2
s8DirModeYawOffset	8030ac54	2
sPanDistance	8030ac58	4
sCannonYOffset	8030ac5c	4
sCutsceneVars	8030ac60	360
sModeInfo	8030adc8	72
sCastleEntranceOffset	8030ae10	12
sParTrackIndex	8030ae1c	4
sParTrackPath	8030ae20	4
sParTrackTransOff	8030ae28	32
sCameraStoreCUp	8030ae48	32
sCameraStoreCutscene	8030ae68	32
gDebugInfoFlags	8030ae90	4
gNumFindFloorMisses	8030ae94	4
unused_8033BEF8	8030ae98	4
gUnknownWallCount	8030ae9c	4
gObjectCounter	8030aea0	4
gNumCalls	8030aea4	6
gDebugInfo	8030aeb0	256
gDebugInfoOverwrite	8030afb0	256
gTimeStopState	8030b0b0	4
gObjectPool	8030b0b8	145920
gMacroObjectDefaultParent	8032eab8	608
gObjectLists	8032ed18	4
gFreeObjectList	8032ed20	104
gMarioObject	8032ed88	4
gLuigiObject	8032ed8c	4
gCurrentObject	8032ed90	4
gCurBhvCommand	8032ed94	4
gPrevFrameObjectCount	8032ed98	2
gSurfaceNodesAllocated	8032ed9c	4
gSurfacesAllocated	8032eda0	4
gNumStaticSurfaceNodes	8032eda4	4
gNumStaticSurfaces	8032eda8	4
gObjectMemoryPool	8032edac	4
gCheckingSurfaceCollisionsForCamera	8032edb0	2
gFindFloorIncludeSurfaceIntangible	8032edb2	2
gEnvironmentRegions	8032edb4	4
gEnvironmentLevels	8032edb8	80
gDoorAdjacentRooms	8032ee08	120
gMarioCurrentRoom	8032ee80	2
D_8035FEE2	8032ee82	2
D_8035FEE4	8032ee84	2
gTHIWaterDrained	8032ee86	2
gTTCSpeedSetting	8032ee88	2
gMarioShotFromCannon	8032ee8a	2
gCCMEnteredSlide	8032ee8c	2
gNumRoomedObjectsInMarioRoom	8032ee8e	2
gNumRoomedObjectsNotInMarioRoom	8032ee90	2
gWDWWaterLevelChanging	8032ee92	2
gMarioOnMerryGoRound	8032ee94	2
gObjectListArray	8032ee98	1664
D_8035FF10	8032f520	16
gDebugPrintState1	8032f530	12
gDebugPrintState2	8032f540	12
gShadowAboveWaterOrLava	8032f550	1
gMarioOnIceOrCarpet	8032f551	1
sMarioOnFlyingCarpet	8032f552	1
sSurfaceTypeBelowShadow	8032f554	2
sSkyBoxInfo	8032f560	32
gMovetexLastTextureId	8032f580	2
gFlyingCarpetState	8032f590	1
gPaintingMarioFloorType	8032f5a0	2
gPaintingMarioXPos	8032f5a4	4
gPaintingMarioYPos	8032f5a8	4
gPaintingMarioZPos	8032f5ac	4
gPaintingMesh	8032f5b0	4
gPaintingTriNorms	8032f5b4	4
gRipplingPainting	8032f5b8	4
gDDDPaintingStatus	8032f5bc	1
sTextLabels	8032f5c0	208
gMenuTextColorTransTimer	8032f690	2
gLastDialogLineNum	8032f692	1
gDialogVariable	8032f694	4
gMenuTextAlpha	8032f698	2
gDialogX	8032f69a	2
gDialogY	8032f69c	2
gCutsceneMsgXOffset	8032f69e	2
gCutsceneMsgYOffset	8032f6a0	2
gRedCoinsCollected	8032f6a2	1
gEnvFxBuffer	8032f6b0	4
gSnowCylinderLastPos	8032f6b8	12
gSnowParticleCount	8032f6c4	2
gSnowParticleMaxCount	8032f6c6	2
gEnvFxBubbleConfig	8032f6d0	20
sGfxCursor	8032f6e4	4
sBubbleParticleCount	8032f6e8	4
sBubbleParticleMaxCount	8032f6ec	4
sPowerMeterStoredHealth	8032f6f0	16
sObjFloor	8032f700	16
sMasterTreadmill	8032f710	4
sObjSavedPosX	8032f714	4
sObjSavedPosY	8032f718	4
sObjSavedPosZ	8032f71c	4
sMontyMoleHoleList	8032f720	4
sMontyMoleKillStreak	8032f724	4
sMontyMoleLastKilledPosX	8032f728	4
sMontyMoleLastKilledPosY	8032f72c	4
sMontyMoleLastKilledPosZ	8032f730	4
sNumActiveFirePiranhaPlants	8032f734	4
sNumKilledFirePiranhaPlants	8032f738	4
sSoundRequests	8032f740	2048
D_80360928	8032ff40	768
sUsedChannelsForSoundBank	80330240	10
sCurrentSound	80330250	10
sSoundBanks	80330260	11200
sSoundMovingSpeed	80332e20	10
sBackgroundMusicTargetVolume	80332e2a	1
sLowerBackgroundMusicVolume	80332e2b	5
sBackgroundMusicQueue	80332e30	12
unk_sh_8034754C	80332e3c	4
OSMesgQueue0	80332e40	24
OSMesgQueue1	80332e58	24
OSMesgQueue2	80332e70	24
OSMesgQueue3	80332e88	24
sAudioCmd	80332ea0	2048
OSMesg0	803336a0	4
pad1	803336a4	4
OSMesg1	803336a8	4
pad2	803336b0	8
OSMesg2	803336b8	4
OSMesg3	803336bc	4
__osFinalrom	803336c0	4
EU_D_80336C40	803336c4	4
EU_D_80336C44	803336c8	4
__osEventStateTab	803336d0	120
tmpTask	80333750	64
piMgrThread	803349b0	432
piMgrStack	80334b60	4096
piEventQueue	80335b60	24
piEventBuf	80335b78	8
__osContPifRam	80335b80	64
__osContLastCmd	80335bc0	1
__osMaxControllers	80335bc1	1
__osEepromTimer	80335bc8	32
__osEepromTimerQ	80335be8	24
__osEepromTimerMsg	80335c00	16
leoDiskStack	80335c20	4096
__osBaseTimer	80336c20	32
__osCurrentTime	80336c40	8
__osBaseCounter	80336c48	4
__osViIntrCount	80336c4c	4
__osTimerCounter	80336c50	4
osPiMesgBuff	80336c60	8
gOsPiMessageQueue	80336c68	24
osSiMesgBuff	80336c80	8
gOsSiMessageQueue	80336c88	24
__osEepPifRam	80336ca0	64
__osThreadSave	80336ce0	432
__Dom2SpeedParam	80336e90	112
__osDiskHandle	80336f00	4
_mainSegmentNoloadEnd	80336f10	233456
_engineSegmentStart	8036ff00	44
vec3f_copy	8036ff00	44
vec3f_set	8036ff2c	48
vec3f_add	8036ff5c	68
vec3f_sum	8036ffa0	68
vec3s_copy	8036ffe4	44
vec3s_set	80370010	44
vec3s_add	8037003c	68
vec3s_sum	80370080	68
vec3s_sub	803700c4	68
vec3s_to_vec3f	80370108	80
vec3f_to_vec3s	80370158	212
find_vector_perpendicular_to_plane	8037022c	188
vec3f_cross	803702e8	116
vec3f_normalize	8037035c	132
mtxf_copy	803703e0	72
mtxf_identity	80370428	64
mtxf_translate	80370468	68
mtxf_lookat	803704ac	856
mtxf_rotate_zxy_and_translate	80370804	312
mtxf_rotate_xyz_and_translate	8037093c	324
mtxf_billboard	80370a80	288
mtxf_align_terrain_normal	80370ba0	284
mtxf_align_terrain_triangle	80370cbc	788
mtxf_mul	80370fd0	592
mtxf_scale_vec3f	80371220	288
mtxf_mul_vec3s	80371340	216
mtxf_to_mtx	80371418	408
mtxf_rotate_xy	803715b0	108
get_pos_from_transform_mtx	8037161c	296
vec3f_get_dist_and_angle	80371744	176
vec3f_set_dist_and_angle	803717f4	148
approach_s32	80371888	64
approach_f32	803718c8	84
atan2s	8037197c	404
atan2f	80371b10	72
spline_get_weights	80371b58	856
anim_spline_init	80371eb0	36
anim_spline_poll	80371ed4	740
init_scene_graph_node_links	803721c0	32
init_graph_node_root	803721e0	128
init_graph_node_ortho_projection	80372260	88
init_graph_node_perspective	803722b8	140
init_graph_node_start	80372344	72
init_graph_node_master_list	8037238c	100
init_graph_node_render_range	803723f0	92
init_graph_node_switch_case	8037244c	132
init_graph_node_camera	803724d0	148
init_graph_node_translation_rotation	80372564	132
init_graph_node_translation	803725e8	120
init_graph_node_rotation	80372660	120
init_graph_node_scale	803726d8	116
init_graph_node_object	8037274c	164
init_graph_node_culling_radius	803727f0	84
init_graph_node_animated_part	80372844	120
init_graph_node_billboard	803728bc	120
init_graph_node_display_list	80372934	108
init_graph_node_shadow	803729a0	100
init_graph_node_object_parent	80372a04	84
init_graph_node_generated	80372a58	116
init_graph_node_background	80372acc	140
init_graph_node_held_object	80372b58	136
geo_add_child	80372be0	72
geo_remove_child	80372c28	76
geo_make_first_child	80372c74	104
geo_call_global_function_nodes_helper	80372cdc	308
geo_call_global_function_nodes	80372e10	76
geo_reset_object_node	80372e5c	108
geo_obj_init	80372ec8	168
geo_obj_init_spawninfo	80372f70	224
geo_obj_init_animation	80373050	116
geo_obj_init_animation_accel	803730c4	136
retrieve_animation_index	8037314c	60
geo_update_animation_frame	80373188	312
geo_retreive_animation_translation	803732c0	272
geo_find_root	803733d0	60
read_vec3s_to_vec3f	80373410	68
read_vec3s	80373454	32
read_vec3s_angle	80373474	188
register_scene_graph_node	80373530	128
geo_layout_cmd_branch_and_link	803735b0	148
geo_layout_cmd_end	80373644	136
geo_layout_cmd_branch	803736cc	96
geo_layout_cmd_return	8037372c	56
geo_layout_cmd_open_node	80373764	68
geo_layout_cmd_close_node	803737a8	44
geo_layout_cmd_assign_as_view	803737d4	96
geo_layout_cmd_update_node_flags	80373834	188
geo_layout_cmd_node_root	803738f0	252
geo_layout_cmd_node_ortho_projection	803739ec	104
geo_layout_cmd_node_perspective	80373a54	140
geo_layout_cmd_node_start	80373ae0	64
geo_layout_cmd_nop3	80373b20	24
geo_layout_cmd_node_master_list	80373b38	76
geo_layout_cmd_node_level_of_detail	80373b84	80
geo_layout_cmd_node_switch_case	80373bd4	92
geo_layout_cmd_node_camera	80373c30	148
geo_layout_cmd_node_translation_rotation	80373cc4	368
geo_layout_cmd_node_translation	80373e34	148
geo_layout_cmd_node_rotation	80373ec8	148
geo_layout_cmd_node_scale	80373f5c	168
geo_layout_cmd_nop2	80374004	24
geo_layout_cmd_node_animated_part	8037401c	116
geo_layout_cmd_node_billboard	80374090	148
geo_layout_cmd_node_display_list	80374124	80
geo_layout_cmd_node_shadow	80374174	88
geo_layout_cmd_node_object_parent	803741cc	72
geo_layout_cmd_node_generated	80374214	80
geo_layout_cmd_node_background	80374264	84
geo_layout_cmd_nop	803742b8	24
geo_layout_cmd_copy_view	803742d0	132
geo_layout_cmd_node_held_obj	80374354	116
geo_layout_cmd_node_culling_radius	803743c8	76
process_geo_layout	80374414	204
level_script_execute	803762f0	180
f32_find_wall_collision	80376884	124
find_wall_collisions	80376900	332
find_ceil	80376c10	436
unused_obj_find_floor_height	80376dc4	44
find_floor_height_and_data	80376df0	124
find_floor_height	80377030	36
unused_find_dynamic_floor	80377054	232
find_floor	8037713c	564
find_water_level	80377370	228
find_poison_gas_level	80377454	280
debug_surface_list_info	8037758c	540
unused_resolve_floor_or_ceil_collisions	803777a8	340
alloc_surface_pools	803784c4	104
load_area_terrain	8037852c	472
clear_dynamic_surfaces	80378704	84
transform_object_vertices	80378760	444
load_object_surfaces	8037891c	376
load_object_collision_model	80378a94	352
random_u16	80378c08	160
random_float	80378ca8	80
random_sign	80378cf8	48
obj_update_gfx_pos_and_angle	80378d28	60
stub_behavior_script_2	8037a0c0	8
cur_obj_update	8037a0c8	692
debug_print_obj_collision	8037a380	160
detect_object_hitbox_overlap	8037a420	352
detect_object_hurtbox_overlap	8037a580	280
clear_object_collision	8037a698	56
check_collision_in_list	8037a6d0	164
check_player_object_collision	8037a774	220
check_pushable_object_collision	8037a850	84
check_destructive_object_collision	8037a8a4	224
detect_object_collisions	8037a984	144
unused_init_free_list	8037aa20	136
unused_try_allocate	8037aaa8	52
try_allocate_object	8037aadc	112
unused_deallocate	8037ab4c	40
init_free_object_list	8037ab9c	56
clear_object_lists	8037abd4	104
unload_object	8037ac44	120
allocate_object	8037acbc	388
create_object	8037aecc	188
mark_obj_for_deletion	8037af88	8
geo_update_projectile_pos_from_parent	8037af90	116
geo_update_layer_transparency	8037b004	408
geo_switch_anim_state	8037b19c	76
geo_switch_area	8037b1e8	168
obj_update_pos_from_parent_transformation	8037b290	156
obj_apply_scale_to_matrix	8037b32c	204
create_transformation_from_matrices	8037b3f8	756
obj_set_held_state	8037b6ec	140
lateral_dist_between_objects	8037b778	68
dist_between_objects	8037b7bc	84
cur_obj_forward_vel_approach_upward	8037b810	52
approach_f32_signed	8037b844	104
approach_f32_symmetric	8037b8ac	104
approach_s16_symmetric	8037b914	148
cur_obj_rotate_yaw_toward	8037b9a8	136
obj_angle_to_object	8037ba30	52
obj_turn_toward_object	8037ba64	280
obj_set_parent_relative_pos	8037bb7c	76
obj_set_pos	8037bbc8	76
obj_set_angle	8037bc14	64
spawn_object_abs_with_rot	8037bc54	88
spawn_object_rel_with_rot	8037bcac	112
spawn_obj_with_transform_flags	8037bd1c	44
spawn_water_droplet	8037bd48	444
spawn_object_at_origin	8037bf04	132
spawn_object	8037bf88	68
try_to_spawn_object	8037bfcc	116
spawn_object_with_scale	8037c040	88
spawn_object_relative	8037c0d0	136
spawn_object_relative_with_scale	8037c158	120
cur_obj_move_using_vel	8037c1d0	72
obj_copy_graph_y_offset	8037c218	12
obj_copy_pos_and_angle	8037c224	48
obj_copy_pos	8037c254	28
obj_copy_angle	8037c270	52
obj_set_gfx_pos_from_pos	8037c2a4	28
obj_init_animation	8037c2c0	48
linear_mtxf_mul_vec3f	8037c2f0	88
linear_mtxf_transpose_mul_vec3f	8037c348	88
obj_apply_scale_to_transform	8037c3a0	124
obj_copy_scale	8037c41c	28
obj_scale_xyz	8037c438	32
obj_scale	8037c458	24
cur_obj_scale	8037c470	36
cur_obj_init_animation	8037c494	52
cur_obj_init_animation_with_sound	8037c4c8	72
cur_obj_init_animation_with_accel_and_sound	8037c510	100
obj_init_animation_with_sound	8037c574	64
cur_obj_enable_rendering_and_become_tangible	8037c5b4	20
cur_obj_enable_rendering	8037c5c8	24
cur_obj_disable_rendering_and_become_intangible	8037c5e0	24
cur_obj_disable_rendering	8037c5f8	24
cur_obj_unhide	8037c610	24
cur_obj_hide	8037c628	24
cur_obj_set_pos_relative	8037c640	148
cur_obj_set_pos_relative_to_parent	8037c6d4	56
cur_obj_enable_rendering_2	8037c70c	32
cur_obj_unused_init_on_floor	8037c72c	156
obj_set_face_angle_to_move_angle	8037c7c8	28
get_object_list_from_behavior	8037c7e4	40
cur_obj_nearest_object_with_behavior	8037c80c	32
cur_obj_dist_to_nearest_object_with_behavior	8037c82c	52
cur_obj_find_nearest_object_with_behavior	8037c860	244
find_unimportant_object	8037c954	36
count_unimportant_objects	8037c978	52
count_objects_with_behavior	8037c9ac	120
cur_obj_find_nearby_held_actor	8037ca24	192
cur_obj_change_action	8037cb00	52
cur_obj_set_vel_from_mario_vel	8037cb34	68
cur_obj_reverse_animation	8037cb78	32
cur_obj_extend_animation_if_at_end	8037cb98	52
cur_obj_check_if_near_animation_end	8037cbcc	76
cur_obj_check_if_at_animation_end	8037cc18	52
cur_obj_check_anim_frame	8037cc4c	40
cur_obj_check_anim_frame_in_range	8037cc74	56
cur_obj_check_frame_prior_current_frame	8037ccac	68
mario_is_in_air_action	8037ccf0	40
mario_is_dive_sliding	8037cd18	40
cur_obj_set_y_vel_and_animation	8037cd40	44
cur_obj_unrender_set_action_and_anim	8037cd6c	80
cur_obj_get_thrown_or_placed	8037ced8	212
cur_obj_get_dropped	8037cfac	64
cur_obj_set_model	8037cfec	36
mario_set_flag	8037d010	24
cur_obj_clear_interact_status_flag	8037d028	56
obj_mark_for_deletion	8037d060	8
cur_obj_disable	8037d068	48
cur_obj_become_intangible	8037d098	20
cur_obj_become_tangible	8037d0ac	16
obj_become_tangible	8037d0bc	8
cur_obj_update_floor_height	8037d0c4	64
cur_obj_update_floor_height_and_get_floor	8037d104	68
cur_obj_apply_drag_xz	8037d1f4	68
cur_obj_move_y	8037d6e4	468
cur_obj_unused_resolve_wall_collisions	8037d8f0	80
abs_angle_diff	8037d940	72
cur_obj_move_xz_using_fvel_and_yaw	8037d988	132
cur_obj_move_y_with_terminal_vel	8037da0c	68
cur_obj_compute_vel_xz	8037da50	92
increment_velocity_toward_range	8037daac	120
obj_check_if_collided_with_object	8037db24	68
cur_obj_set_behavior	8037db68	44
obj_set_behavior	8037db94	44
cur_obj_has_behavior	8037dbc0	60
obj_has_behavior	8037dbfc	60
cur_obj_lateral_dist_from_mario_to_home	8037dc38	84
cur_obj_lateral_dist_to_home	8037dc8c	76
cur_obj_outside_home_square	8037dcd8	148
cur_obj_outside_home_rectangle	8037dd6c	164
cur_obj_set_pos_to_home	8037de10	48
cur_obj_set_pos_to_home_and_stop	8037de40	60
cur_obj_shake_y	8037de7c	60
cur_obj_start_cam_event	8037deb8	32
set_mario_interact_true_if_in_range	8037ded8	64
obj_set_billboard	8037df18	16
cur_obj_set_hitbox_radius_and_height	8037df28	28
cur_obj_set_hurtbox_radius_and_height	8037df44	28
obj_spawn_loot_blue_coins	8037e068	64
obj_spawn_loot_yellow_coins	8037e0a8	56
cur_obj_spawn_loot_coin_at_mario_pos	8037e0e0	100
cur_obj_abs_y_dist_to_home	8037e144	52
cur_obj_advance_looping_anim	8037e178	108
cur_obj_resolve_wall_collisions	8037e324	352
cur_obj_update_floor_and_walls	8037e650	32
cur_obj_move_standard	8037e670	344
cur_obj_move_using_vel_and_gravity	8037e86c	124
cur_obj_move_using_fvel_and_gravity	8037e8e8	40
obj_set_pos_relative	8037e910	124
cur_obj_angle_to_home	8037e98c	60
obj_set_gfx_pos_at_obj_pos	8037e9c8	60
obj_translate_local	8037ea04	196
obj_build_transform_from_pos_and_angle	8037eac8	120
obj_set_throw_matrix_from_transform	8037eb40	88
obj_build_transform_relative_to_parent	8037eb98	132
obj_create_transform_from_self	8037ec1c	52
cur_obj_rotate_move_angle_using_vel	8037ec50	72
cur_obj_rotate_face_angle_using_vel	8037ec98	72
cur_obj_set_face_angle_to_move_angle	8037ece0	48
cur_obj_follow_path	8037ed10	456
chain_segment_init	8037eed8	32
random_f32_around_zero	8037eef8	52
obj_scale_random	8037ef2c	80
obj_translate_xyz_random	8037ef7c	152
obj_translate_xz_random	8037f014	116
cur_obj_set_pos_via_transform	8037f104	128
cur_obj_reflect_move_angle_off_wall	8037f184	44
cur_obj_spawn_particles	8037f1b0	420
obj_set_hitbox	8037f354	240
signum_positive	8037f444	24
absf	8037f45c	44
absi	8037f488	24
cur_obj_wait_then_blink	8037f4a0	112
cur_obj_is_mario_ground_pounding_platform	8037f510	72
spawn_mist_particles	8037f558	40
spawn_mist_particles_with_sound	8037f580	52
cur_obj_push_mario_away	8037f5b4	176
cur_obj_push_mario_away_from_cylinder	8037f664	100
bhv_dust_smoke_loop	8037f6c8	140
cur_obj_set_action_table	8037f75c	40
cur_obj_progress_action_table	8037f784	68
stub_obj_helpers_3	8037f7c8	12
cur_obj_scale_over_time	8037f7d4	140
cur_obj_set_pos_to_home_with_debug	8037f860	180
stub_obj_helpers_4	8037f914	8
cur_obj_is_mario_on_platform	8037f91c	48
cur_obj_shake_y_until	8037f94c	112
jiggle_bbh_stair	8037f9bc	76
cur_obj_call_action_function	8037fa08	56
spawn_base_star_with_no_lvl_exit	8037fa98	36
bit_shift_left	8037fabc	20
cur_obj_mario_far_away	8037fad0	160
is_mario_moving_fast_or_in_air	8037fb70	80
is_item_in_array	8037fbc0	68
bhv_init_room	8037fc0c	204
cur_obj_enable_rendering_if_mario_in_room	8037fcd8	244
cur_obj_set_hitbox_and_die_if_attacked	8037fdcc	184
obj_explode_and_spawn_coins	8037fe84	148
obj_set_collision_data	8037ff18	44
cur_obj_if_hit_wall_bounce_away	8037ff44	40
cur_obj_hide_if_mario_far_away_y	8037ff6c	108
geo_offset_klepto_held_object	8037ffd8	48
geo_offset_klepto_debug	80380008	100
obj_is_hidden	8038006c	36
enable_time_stop	80380090	24
disable_time_stop	803800a8	28
set_time_stop_flags	803800c4	24
clear_time_stop_flags	803800dc	32
cur_obj_can_mario_activate_textbox	803800fc	256
cur_obj_can_mario_activate_textbox_2	803801fc	32
cur_obj_update_dialog	80380264	528
cur_obj_update_dialog_with_cutscene	80380474	632
cur_obj_has_model	803806ec	68
cur_obj_align_gfx_with_floor	80380730	156
mario_is_within_rectangle	803807cc	184
cur_obj_shake_screen	80380884	56
obj_attack_collided_from_other_object	803808bc	68
cur_obj_was_attacked_or_ground_pounded	80380900	100
obj_copy_behavior_params	80380964	20
cur_obj_init_animation_and_anim_frame	80380978	48
cur_obj_init_animation_and_check_if_near_end	803809a8	40
cur_obj_init_animation_and_extend_if_at_end	803809d0	40
cur_obj_check_grabbed_mario	803809f8	72
player_performed_grab_escape_action	80380a40	128
cur_obj_unused_play_footstep_sound	80380ac0	68
enable_time_stop_including_mario	80380b04	44
disable_time_stop_including_mario	80380b30	48
cur_obj_check_interacted	80380b60	48
cur_obj_spawn_loot_blue_coin	80380b90	84
cur_obj_spawn_star_at_y_offset	80380be4	104
identityMtx	80380c50	32
zeroMtx	80380c70	32
gVec3fZero	80380c90	12
gVec3sZero	80380c9c	6
gVec3fOne	80380ca4	12
gVec3sOne	80380cb0	6
gSineTable	80380cc0	4096
gCosineTable	80381cc0	16384
gArctanTable	80385cc0	2050
GeoLayoutJumpTable	803864d0	132
unused_8038B894	80386554	5
sLevelPool	80386560	4
sDelayFrames	80386564	4
sDelayFrames2	80386568	4
sCurrAreaIndex	8038656c	4
sStackTop	80386570	4
sStackBase	80386574	4
LevelScriptJumpTable	80386578	248
BehaviorCmdTable	80386670	224
sBBHStairJiggleOffsets	80386750	4
sPowersOfTwo	80386754	16
sLevelsWithRooms	80386764	12
_engineSegmentEnd	80386a10	4
_engineSegmentNoloadStart	80386a10	4
gSplineKeyframe	80386a10	4
gSplineKeyframeFraction	80386a14	4
gSplineState	80386a18	4
gObjParentGraphNode	80386a20	20
gGraphNodePool	80386a34	4
gCurRootGraphNode	80386a38	4
D_8038BCA8	80386a3c	4
gGeoViews	80386a40	4
gGeoNumViews	80386a44	2
gGeoLayoutStack	80386a48	64
gCurGraphNodeList	80386a88	128
gCurGraphNodeIndex	80386b08	2
gGeoLayoutStackIndex	80386b0a	2
D_8038BD7C	80386b0c	2
gGeoLayoutReturnIndex	80386b0e	2
gGeoLayoutCommand	80386b10	4
sStack	80386b20	128
sScriptStatus	80386ba0	4
sRegister	80386ba4	4
sCurrentCmd	80386ba8	8
sFloorGeo	80386bb0	32
unused8038BE50	80386bd0	64
unused8038BE90	80386c10	4
gStaticSurfacePartition	80386c18	6144
gDynamicSurfacePartition	80388418	6144
sSurfaceNodePool	80389c18	4
sSurfacePool	80389c1c	4
sSurfacePoolSize	80389c20	2
unused8038EEA8	80389c28	48
gRandomSeed16	80389c60	16
grabReleaseState	80389c70	16
_engineSegmentNoloadEnd	80389c80	23424
_framebuffersSegmentNoloadStart	8038f800	153600
gFramebuffer0	8038f800	153600
gFramebuffer1	803b5000	153600
gFramebuffer2	803da800	153600
_framebuffersSegmentNoloadEnd	80400000	4
K1BASE	a0000000	4
SP_DMEM	a4000000	4
SP_DMEM_UNK0	a40004c0	4
SP_DMEM_UNK1	a4000774	4
SP_IMEM	a4001000	4
SP_STATUS_REG	a4040010	4
SP_PC	a4080000	4
MI_MODE_REG	a4300000	4
MI_VERSION_REG	a4300004	4
MI_INTR_REG	a4300008	4
MI_INTR_MASK_REG	a430000c	4
VI_CURRENT_REG	a4400010	4
AI_STATUS_REG	a450000c	4
PI_DRAM_ADDR_REG	a4600000	4
PI_CART_ADDR_REG	a4600004	4
PI_WR_LEN_REG	a460000c	4
PI_STATUS_REG	a4600010	4
PI_BSD_DOM1_LAT_REG	a4600014	4
PI_BSD_DOM1_PWD_REG	a4600018	4
PI_BSD_DOM1_PGS_REG	a460001c	4
PI_BSD_DOM1_RLS_REG	a4600020	4
RI_MODE_REG	a4700000	4
RI_REFRESH_REG	a4700010	4
SI_STATUS_REG	a4800018	4
D_B0000008	b0000008	4
D_B0000010	b0000010	4
D_B0000014	b0000014	4
D_C0000000	c0000000	4
K2BASE	c0000000	4
D_C0000008	c0000008	4
D_C000000C	c000000c	4
