EXCEPTION_TLB_MISS	80000000	768
K0BASE	80000000	768
osTvType	80000300	4
osRomType	80000304	4
osRomBase	80000308	4
osResetType	8000030c	4
osCiCId	80000310	4
osVersion	80000314	4
osMemSize	80000318	4
osAppNmiBuffer	8000031c	64
__osBbEepromAddress	8000035c	4
__osBbEepromSize	80000360	4
__osBbFlashAddress	80000364	4
__osBbFlashSize	80000368	4
__osBbSramAddress	8000036c	4
__osBbSramSize	80000370	4
__osBbPakAddress	80000374	16
__osBbPakSize	80000384	4
__osBbIsBb	80000388	4
__osBbHackFlags	8000038c	116
_zbufferSegmentNoloadStart	80000400	153600
gZBuffer	80000400	153600
_goddardSegmentStart	8016f000	296
run_level_id_or_demo	8016f000	296
intro_level_select	8016f128	676
intro_regular	8016f3cc	120
intro_game_over	8016f444	120
intro_play_its_a_me_mario	8016f4bc	76
lvl_intro_update	8016f508	192
geo_intro_super_mario_64_logo	8016f5d0	788
geo_intro_tm_copyright	8016f8e4	556
geo_intro_regular_backdrop	8016fdd0	396
geo_intro_gameover_backdrop	8016ff5c	640
beh_yellow_background_menu_init	801701e0	56
beh_yellow_background_menu_loop	80170218	48
check_clicked_button	80170248	416
bhv_menu_button_init	80170a4c	48
bhv_menu_button_loop	80170a7c	408
exit_score_file_to_score_menu	80170c14	172
render_score_menu_buttons	80170cc0	1032
check_score_menu_clicked_buttons	801710c8	532
render_copy_menu_buttons	801712dc	1032
copy_action_file_button	801716e4	680
check_copy_menu_clicked_buttons	8017198c	480
render_erase_menu_buttons	80171b6c	1032
erase_action_file_button	80171f74	408
check_erase_menu_clicked_buttons	8017210c	448
render_sound_mode_menu_buttons	801722cc	332
check_sound_mode_menu_clicked_buttons	80172418	356
load_main_menu_save_file	8017257c	40
return_to_main_menu	801725a4	468
load_score_menu_from_submenu	80172778	456
load_copy_menu_from_submenu	80172940	456
load_erase_menu_from_submenu	80172b08	456
bhv_menu_button_manager_init	80172cd0	1080
check_main_menu_clicked_buttons	80173108	648
bhv_menu_button_manager_loop	80173390	848
handle_cursor_button_input	801736e0	384
handle_controller_cursor_input	80173860	480
print_menu_cursor	80173a40	396
print_hud_lut_string_fade	80173bcc	248
print_generic_string_fade	80173cc4	240
update_text_fade_out	80173db4	144
print_save_file_star_count	80173e44	240
print_main_menu_strings	80173f34	800
score_menu_display_message	80174254	136
print_score_menu_strings	801742dc	844
copy_menu_display_message	80174628	268
copy_menu_update_message	80174734	428
print_copy_menu_strings	801748e0	760
print_erase_menu_prompt	80174bd8	1416
erase_menu_display_message	80175160	428
erase_menu_update_message	8017530c	420
print_erase_menu_strings	801754b0	760
print_sound_mode_menu_strings	801757a8	584
print_score_file_castle_secret_stars	801759f0	124
print_score_file_course_coin_score	80175a6c	420
print_score_file_star_score	80175c10	208
print_save_file_scores	80175ce0	1732
geo_file_select_strings_and_menu_cursor	8017654c	84
lvl_init_menu_values_and_cursor_pos	801765a0	452
lvl_update_obj_and_load_file_selected	80176764	60
bhv_act_selector_star_type_loop	801767a0	404
render_100_coin_star	80176934	172
bhv_act_selector_init	801769e0	720
bhv_act_selector_loop	80176cb0	468
print_course_number	80176e84	384
print_act_selector_strings	80177004	980
geo_act_selector_strings	801773d8	72
lvl_init_act_selector_values_and_stars	80177420	176
lvl_update_obj_and_load_act_button_actions	801774d0	256
__main__	801775d0	272
empty_mem_block	801776e0	260
into_free_memblock	801777e4	184
make_mem_block	8017789c	476
gd_free_mem	80177a78	160
gd_request_mem	80177b18	548
gd_add_mem_to_heap	80177d3c	144
init_mem_block_lists	80177dcc	40
print_list_stats	80177df4	380
mem_stats	80177f70	300
gd_reset_sfx	801780a0	32
gd_new_sfx_to_play	801780c0	44
gd_sfx_update	801780ec	40
gd_play_sfx	80178114	36
setup_lights	80178140	156
Unknown801781DC	801781dc	704
draw_shape	8017849c	880
draw_shape_2d	8017880c	244
draw_light	80178900	540
draw_material	80178b1c	308
create_mtl_gddl_if_empty	80178c50	92
check_face_bad_vtx	80178cac	236
gd_get_colour	80178d98	308
Unknown80178ECC	80178ecc	276
draw_face	80178fe0	584
draw_rect_fill	80179228	100
draw_rect_stroke	8017928c	100
Unknown801792F0	801792f0	96
draw_label	80179350	728
draw_net	80179628	324
draw_gadget	8017976c	256
draw_camera	8017986c	608
Unknown80179ACC	80179acc	152
func_80179B64	80179b64	56
world_pos_to_screen_coords	80179b9c	300
check_grabbable_click	80179cc8	520
drawscene	80179ed0	820
draw_nothing	8017a204	20
draw_shape_faces	8017a218	244
draw_particle	8017a30c	580
draw_bone	8017a550	340
draw_joint	8017a6a4	284
draw_group	8017a7c0	88
draw_plane	8017a818	136
apply_obj_draw_fn	8017a8a0	124
register_light	8017a91c	148
Proc8017A980	8017a9b0	1000
update_shaders	8017ad98	240
create_shape_mtl_gddls	8017ae88	84
unref_8017AEDC	8017aedc	108
create_shape_gddl	8017af48	224
create_gddl_for_shapes	8017b028	60
map_face_materials	8017b064	180
map_vertices	8017b3f8	208
unpick_obj	8017b4c8	76
find_closest_pickable_obj	8017b514	220
set_view_update_camera	8017b5f0	52
update_view	8017b624	1648
stub_draw_objects_1	8017bc94	16
reset_bounding_box	8017bcb0	112
add_obj_pos_to_bounding_box	8017bd20	320
get_some_bounding_box	8017be60	112
stub_objects_1	8017bed0	36
make_object	8017c1c0	1296
make_zone	8017c6d0	208
func_8017C7A0	8017c7a0	96
make_link_to_obj	8017c800	192
make_vtx_link	8017c8c0	196
make_valptr	8017c984	136
reset_plane	8017ca0c	1072
make_plane	8017ce3c	148
make_camera	8017ced0	540
make_material	8017d0ec	168
make_light	8017d194	276
make_view	8017d2a8	660
make_animator	8017d53c	120
make_weight	8017d5b4	120
make_group_of_type	8017d62c	204
format_object_id	8017d6f8	460
make_group	8017d8c4	528
addto_group	8017dad4	236
addto_groupfirst	8017dbc0	252
group_contains_obj	8017dcbc	132
show_details	8017dd40	1192
stub_objects_2	8017e1e8	36
make_scene	8017e20c	36
menu_cb_reset_positions	8017e2b8	56
func_8017E2F0	8017e2f0	240
apply_to_obj_types_in_group	8017e3e0	420
func_8017E584	8017e584	692
func_8017E838	8017e838	436
func_8017E9EC	8017e9ec	168
func_8017EA94	8017ea94	144
func_8017EB24	8017eb24	476
is_obj_xz_in_bounding_box	8017ed00	204
is_point_xz_in_bounding_box	8017edcc	144
gd_plane_point_within	8017ee5c	504
transform_child_objects_recursive	8017f054	444
func_8017F210	8017f210	444
func_8017F3CC	8017f3cc	56
stub_objects_3	8017f404	32
interpolate_animation_transform	8017f424	416
move_animator	8017f5c4	4192
drag_picked_object	80180624	768
move_animators	80180924	80
find_and_drag_picked_object	80180974	60
move_camera	801809b0	1572
move_cameras_in_grp	80180fd4	56
func_8018100C	8018100c	876
move_lights_in_grp	80181378	56
move_group_members	801813b0	172
proc_view_movement	8018145c	152
reset_nets_and_gadgets	801814f4	68
null_obj_lists	80181538	160
func_801815E0	801815e0	384
scale_verts	80181760	220
move_skin	8018183c	88
func_80181894	80181894	316
reset_weight_vtx	801819d0	272
reset_weight	80181ae0	168
reset_joint_weights	80181b88	112
Unknown80181D14	80181d14	412
func_80181EB0	80181eb0	472
func_80182088	80182088	792
func_801823A0	801823a0	336
make_particle	801824f0	268
make_connection	801825fc	380
func_80182778	80182778	656
func_80182A08	80182a08	636
move_particle	80182c84	2284
move_particles_in_grp	80183570	88
Unknown801835C8	801835c8	680
stub_particles_1	80183870	20
stub_particles_2	80183884	20
stub_particles_3	80183898	28
stub_particles_4	801838b4	28
func_801838D0	801838d0	56
d_stash_dynobj	80183910	48
d_unstash_dynobj	80183940	48
reset_dynlist	80183970	112
proc_dynlist	801839e0	2108
d_set_name_suffix	8018421c	164
d_append_to_name_suffix	801842c0	168
reset_dynamic_objs	801844f0	92
d_add_net_with_subgroup	8018454c	180
d_end_net_with_subgroup	80184600	108
d_attach_joint_to_net	8018466c	124
d_make_netfromshapeid	801846e8	120
d_make_netfromshape_ptrptr	80184760	72
add_to_dynobj_list	801847a8	668
d_makeobj	80184ab8	772
d_attach	80184dbc	200
d_attach_to	80184e84	936
d_attachto_dynid	8018522c	164
copy_bytes	801852d0	76
alloc_animdata	8018531c	1468
chk_shapegen	801858d8	1944
d_set_nodegroup	80186070	416
d_set_matgroup	80186210	240
d_set_texture_st	80186300	156
d_use_texture	8018639c	172
d_set_skinshape	80186448	228
d_map_materials	8018652c	140
d_map_vertices	801865b8	140
d_set_planegroup	80186644	288
d_set_shapeptrptr	80186764	444
d_set_shapeptr	80186920	412
d_use_obj	80186abc	136
set_cur_dynobj	80186b44	40
d_start_group	80186b6c	48
d_end_group	80186b9c	260
d_addto_group	80186ca0	124
d_use_integer_names	80186d1c	24
d_set_init_pos	80186d34	664
d_set_velocity	80186fcc	312
d_get_velocity	80187104	344
d_set_torque	8018725c	228
d_get_init_pos	80187340	392
d_get_init_rot	801874c8	396
d_set_rel_pos	80187654	796
d_addto_rel_pos	80187970	464
d_get_rel_pos	80187b40	504
d_get_att_objgroup	80187d38	220
d_get_att_to_obj	80187e14	220
d_get_scale	80187ef0	392
d_set_att_offset	80188078	452
d_set_att_to_offset	8018823c	340
d_get_att_offset	80188390	340
d_get_att_flags	801884e4	276
d_set_world_pos	801885f8	624
d_set_normal	80188868	264
d_get_world_pos_ptr	80188970	204
d_get_world_pos	80188a3c	1656
d_make_vertex	801890b4	76
d_set_scale	80189100	540
d_set_rotation	8018931c	296
d_center_of_gravity	80189444	220
d_set_shape_offset	80189520	220
d_add_valptr	801895fc	412
d_add_valproc	80189798	184
d_link_with_ptr	80189850	840
d_link_with	80189b98	208
d_set_flags	80189c68	524
d_clear_flags	80189e74	376
d_set_parm_f	80189fec	556
d_set_parm_ptr	8018a218	472
d_set_obj_draw_flag	8018a3f0	96
d_set_type	8018a450	368
d_set_id	8018a5c0	296
d_set_colour_num	8018a6e8	452
d_set_material	8018a8ac	176
d_friction	8018a95c	220
d_set_spring	8018aa38	172
d_set_ambient	8018aae4	220
d_set_diffuse	8018abc0	304
d_set_control_type	8018acf0	172
d_get_bounding_box	8018ad9c	212
d_get_matrix	8018ae70	332
d_set_matrix	8018afbc	276
d_set_rot_mtx	8018b0d0	216
d_get_rot_mtx_ptr	8018b1a8	188
d_set_i_matrix	8018b264	304
d_get_matrix_ptr	8018b394	276
d_get_i_mtx_ptr	8018b4a8	212
d_calc_world_dist_btwn	8018b57c	156
d_set_skin_weight	8018b618	216
get_objvalue	8018b6f0	184
Unknown8018B7A8	8018b7a8	148
create_gui_menu	8018b900	192
make_label	8018b9c0	192
make_gadget	8018ba80	220
set_objvalue	8018bb5c	184
set_static_gdgt_value	8018bc14	164
adjust_gadget	8018bd00	692
reset_gadget	8018bfb4	444
reset_gadgets_in_grp	8018c170	56
new_memtracker	8018c1b0	180
get_memtracker	8018c264	168
start_memtracker	8018c30c	260
print_most_recent_memtracker_name	8018c410	72
stop_memtracker	8018c458	364
remove_all_memtrackers	8018c5c4	140
get_memtracker_by_index	8018c650	36
print_all_memtrackers	8018c674	184
print_all_timers	8018c72c	180
deactivate_timing	8018c7e0	24
activate_timing	8018c7f8	28
remove_all_timers	8018c814	308
get_timer	8018c9f4	192
get_timernum	8018cb14	108
split_timer_ptr	8018cb80	220
split_all_timers	8018cc5c	112
start_all_timers	8018cccc	148
start_timer	8018cd60	208
restart_timer	8018ce30	188
split_timer	8018ceec	92
stop_timer	8018cf48	216
get_scaled_timer_total	8018d020	72
get_timer_total	8018d068	80
fatal_print	8018d0b8	48
print_stack_trace	8018d0e8	112
fatal_printf	8018d158	712
imin	8018d420	144
imout	8018d4b0	176
gd_rand_float	8018d560	328
gd_atoi	8018d6a8	352
gd_lazy_atof	8018d808	64
format_number_hex	8018d848	96
format_number_decimal	8018d8a8	252
sprint_val_withspecifiers	8018d9f8	672
gd_strcpy	8018dc98	68
ascii_to_uppercase	8018dcdc	128
gd_strdup	8018dd5c	124
gd_strlen	8018ddd8	84
gd_strcat	8018de2c	132
gd_str_not_equal	8018deb0	168
gd_str_contains	8018df58	144
gd_feof	8018dfe8	36
gd_set_feof	8018e00c	32
gd_fopen	8018e02c	528
gd_fread	8018e23c	300
gd_fclose	8018e368	28
gd_get_file_size	8018e384	28
is_newline	8018e3a0	56
gd_fread_line	8018e3d8	328
grabbable_joint_update_func	8018e520	1736
eye_joint_update_func	8018ebe8	628
func_8018EE5C	8018ee5c	284
set_joint_vecs	8018ef78	208
make_joint	8018f048	512
make_grabber_joint	8018f248	224
func_8018F328	8018f328	420
func_8018F4CC	8018f4cc	84
func_8018F520	8018f520	892
func_8018F89C	8018f89c	460
func_8018FA68	8018fa68	96
set_skin_weight	8018fac8	144
func_8018FB58	8018fb58	332
add_joint2bone	8018fca4	248
make_bone	8018fd9c	376
stub_joints_1	8018ff14	20
func_8018FF28	8018ff28	96
print_some_spaces	8018ff88	96
func_8018FFE8	8018ffe8	384
func_80190168	80190168	640
func_801903E8	801903e8	396
func_80190574	80190574	1088
func_801909B4	801909b4	108
func_80190A20	80190a20	308
func_80190B54	80190b54	788
func_80190E68	80190e68	212
func_80190F3C	80190f3c	620
func_801911A8	801911a8	120
func_80191220	80191220	416
func_801913C0	801913c0	48
func_801913F0	801913f0	264
stub_joints_2	801914f8	20
func_8019150C	8019150c	248
reset_joint	80191604	544
func_80191824	80191824	208
func_801918F4	801918f4	296
func_80191A1C	80191a1c	476
func_80191BF8	80191bf8	360
func_80191D60	80191d60	244
func_80191E54	80191e54	52
func_80191E88	80191e88	96
reset_joint_counts	80191ee8	40
compute_net_bounding_box	80191f10	436
reset_net	801920c4	464
func_80192294	80192294	104
func_801922FC	801922fc	184
make_net	801923b4	372
func_80192528	80192528	380
collision_something_801926A4	801926a4	1068
func_80192AD0	80192ad0	396
move_bonesnet	80192c5c	112
func_80192CCC	80192ccc	716
convert_gd_verts_to_Vn	80192f98	844
convert_gd_verts_to_Vtx	801932e4	280
convert_net_verts	801933fc	212
move_net	8019359c	296
move_nets	801936c4	120
func_8019373C	8019373c	268
func_80193848	80193848	116
gd_print_net	801938bc	596
reset_net_count	80193b10	24
gd_sqrt_f	80193b30	56
gd_mat4f_lookat	80193b68	1524
gd_scale_mat4f_by_vec3f	8019415c	196
gd_rot_mat_about_vec	80194220	196
gd_add_vec3f_to_mat4f_offset	801942e4	116
gd_create_origin_lookat	80194358	976
gd_clamp_f32	80194728	72
gd_clamp_vec3f	80194770	272
gd_rot_2d_vec	80194880	268
gd_rot_mat_about_row	8019498c	200
gd_absrot_mat4	80194a54	324
gd_vec3f_magnitude	80194b98	92
gd_normalize_vec3f	80194bf4	288
gd_cross_vec3f	80194d14	164
gd_dot_vec3f	80194db8	68
gd_invert_elements_mat4f	80194dfc	128
gd_inverse_mat4f	80194e7c	276
gd_adjunct_mat4f	80194f90	1512
gd_mat4f_det	80195578	716
gd_3x3_det	80195844	200
gd_2x2_det	8019590c	68
gd_create_neg_vec_zero_first_mat_row	80195950	144
gd_broken_quat_to_vec3f	801959e0	292
gd_quat_rotation	80195b04	372
gd_shift_mat_up	80195c78	288
gd_create_quat_rot_mat	80195d98	572
gd_create_rot_matrix	80195fd4	544
gd_create_rot_mat_angular	801961f4	140
gd_set_identity_mat4	80196280	224
gd_copy_mat4f	80196360	208
gd_rotate_and_translate_vec3f	80196430	272
gd_mat4f_mult_vec3f	80196540	212
gd_mult_mat4f	80196614	2424
gd_print_vec	80196f8c	28
gd_print_bounding_box	80196fa8	28
gd_print_mtx	80196fc4	164
gd_print_quat	80197068	136
gd_rot_mat_offset	801970f0	392
func_80197280	80197280	64
calc_face_normal	801972c0	588
gd_make_vertex	8019750c	280
make_face_with_colour	80197624	172
make_face_with_material	801976d0	108
add_4_vertices_to_face	8019773c	136
add_3_vtx_to_face	801977c4	120
make_shape	8019783c	408
clear_buf_to_cr	801979d4	48
get_current_buf_char	80197a04	44
get_and_advance_buf	80197a30	100
load_next_line_into_buf	80197a94	128
is_line_end	80197b14	56
is_white_space	80197b4c	56
scan_to_next_non_whitespace	80197b84	236
is_next_buf_word	80197c70	224
getfloat	80197d50	408
getint	80197ee8	384
Unknown80198068	80198068	20
func_8019807C	8019807c	108
func_801980E8	801980e8	108
Unknown80198154	80198154	48
Unknown80198184	80198184	108
scale_obj_position	801981f0	200
translate_obj_position	801982b8	148
scale_verts_in_shape	8019834c	136
translate_verts_in_shape	801983d4	112
Unknown80198444	80198444	224
Unknown80198524	80198524	196
Unknown801985E8	801985e8	284
get_3DG1_shape	80198704	1276
get_OBJ_shape	80198c00	912
group_faces_in_mtl_grp	80198f90	292
find_or_add_new_mtl	801990b4	316
read_ARK_shape	801991f0	1136
get_shape_from_file	80199660	328
make_grid_shape	801997a8	1692
Unknown80199E44	80199e44	68
Unknown80199E88	80199e88	92
make_netfromshape	80199ee4	188
animate_mario_head_gameover	80199fa0	200
animate_mario_head_normal	8019a068	784
load_mario_head	8019a378	1856
load_shapes2	8019aab8	224
Unknown8019AB98	8019ab98	556
Unknown8019ADC4	8019adc4	256
Unknown8019AEC4	8019aec4	84
get_alloc_mem_amt	8019af20	32
gd_get_ostime	8019af40	48
get_time_scale	8019af70	32
dump_disp_list	8019af90	136
gd_sin_d	8019b2dc	64
gd_cos_d	8019b31c	64
gd_sqrt_d	8019b35c	120
stub_renderer_1	8019b3d4	40
gd_printf	8019b3fc	1488
gd_exit	8019b9cc	56
gd_free	8019ba04	76
gd_allocblock	8019ba50	248
gd_malloc	8019bb48	208
gd_malloc_perm	8019bc18	56
gd_malloc_temp	8019bc50	56
Unknown8019BC88	8019bc88	76
Unknown8019BCD4	8019bcd4	56
draw_indexed_dl	8019bd0c	188
branch_cur_dl_to_num	8019bdc8	120
get_dl_gfx	8019be40	48
setup_stars	8019be70	656
setup_timers	8019c100	368
Unknown8019C270	8019c270	24
Unknown8019C288	8019c288	80
gd_add_to_heap	8019c2d8	56
gdm_init	8019c310	156
gdm_setup	8019c3ac	156
stub_renderer_2	8019c448	20
print_gdm_stats	8019c45c	84
make_view_withgrp	8019c4b0	148
gdm_maketestdl	8019c544	420
set_time_scale	8019c6e8	24
Unknown8019C840	8019c700	52
gd_vblank	8019c734	188
gd_copy_p1_contpad	8019c7f0	152
gd_sfx_to_play	8019c888	48
gdm_gettestdl	8019c8b8	912
gdm_getpos	8019cc48	180
fatal_no_dl_mem	8019cdd8	44
alloc_displaylist	8019ce04	216
cpy_remaining_gddl	8019cedc	244
create_child_gdl	8019cfd0	88
new_gd_dl	8019d028	592
gd_rsp_init	8019d278	116
gd_rdp_init	8019d2ec	116
gd_draw_rect	8019d360	936
gd_draw_border_rect	8019d708	3056
gd_dl_set_fill	8019e2f8	748
gd_dl_set_z_buffer_area	8019e5e4	92
gd_set_color_fb	8019e640	284
reset_cur_dl_indices	8019e75c	160
begin_gddl	8019e7fc	120
stash_current_gddl	8019e874	32
pop_gddl_stash	8019e894	32
gd_startdisplist	8019e8b4	336
gd_enddlsplist	8019ea04	104
gd_enddlsplist_parent	8019ea6c	352
Unknown8019EBCC	8019ebcc	60
new_gddl_from	8019ec08	128
Unknown8019EC88	8019ec88	108
mat4_to_mtx	8019ecf4	376
gd_dl_mul_matrix	8019ee6c	168
gd_dl_load_matrix	8019ef14	172
gd_dl_load_identity_matrix	8019efc0	108
gd_dl_push_matrix	8019f02c	108
gd_dl_pop_matrix	8019f098	76
gd_dl_mul_trans_matrix	8019f0e4	184
gd_dl_load_trans_matrix	8019f19c	188
gd_dl_scale	8019f258	108
func_8019F2C4	8019f2c4	84
gd_dl_lookat	8019f318	1728
check_tri_display	8019f9d8	136
gd_dl_make_vertex	8019fa60	1168
func_8019FEF0	8019fef0	100
gd_dl_make_triangle	8019ff54	228
func_801A0038	801a0038	56
gd_dl_flush_vertices	801a0070	380
set_render_alpha	801a02b8	108
set_light_id	801a0324	24
set_light_num	801a033c	24
create_mtl_gddl	801a0354	244
branch_to_gddl	801a0448	48
gd_dl_hilite	801a0478	1012
gd_dl_material_lighting	801a086c	3452
set_Vtx_norm_buf_1	801a15e8	220
set_Vtx_norm_buf_2	801a16c4	236
set_gd_mtx_parameters	801a17b0	92
Unknown801A1B30	801a1b30	832
Unknown801A1E70	801a1e70	1184
gd_set_one_cycle	801a2310	80
stub_renderer_3	801a2360	20
gddl_is_loading_stub_dl	801a2374	20
gddl_is_loading_shine_dl	801a2388	192
start_view_dl	801a2448	1020
parse_p1_controller	801a2844	2568
stub_renderer_4	801a324c	168
Unknown801A32F4	801a32f4	48
func_801A3324	801a3324	76
func_801A3370	801a3370	136
Unknown801A33F8	801a33f8	132
Unknown801A347C	801a347c	100
border_active_view	801a34e0	148
gd_shading	801a3574	104
gd_getproperty	801a35dc	108
gd_setproperty	801a3648	1176
stub_renderer_5	801a3ae0	16
gd_create_ortho_matrix	801a3af0	412
gd_create_perspective_matrix	801a3c8c	464
setup_view_buffers	801a3e5c	1228
gd_init_controllers	801a4328	180
stub_renderer_6	801a43dc	20
defpup	801a43f0	32
menu_cb_control_type	801a4410	20
menu_cb_recalibrate_controller	801a4424	20
func_801A4438	801a4438	104
gd_gentexture	801a44a0	324
load_texture_from_file	801a45e4	468
Unknown801A47B8	801a47b8	44
stub_renderer_7	801a47e4	16
stub_renderer_8	801a47f4	20
func_801A4808	801a4808	64
func_801A4848	801a4848	108
stub_renderer_9	801a48b4	16
stub_renderer_10	801a48c4	20
stub_draw_label_text	801a48d8	24
set_active_view	801a48f0	24
stub_renderer_11	801a4908	16
func_801A4918	801a4918	492
Unknown801A4B04	801a4b04	264
update_cursor	801a4c0c	844
Unknown801A4F58	801a4f58	440
Proc801A5110	801a5110	88
update_view_and_dl	801a5168	164
func_801A520C	801a520c	312
Unknown801A5344	801a5344	180
gd_init	801a53f8	1304
reverse_string	801a5910	136
stub_renderer_12	801a5998	20
stub_renderer_13	801a59ac	20
stub_renderer_14	801a59c0	20
init_pick_buf	801a59d4	48
store_in_pickbuf	801a5a04	72
get_cur_pickbuf_offset	801a5a4c	52
stub_renderer_15	801a5a80	20
stub_renderer_16	801a5a94	20
stub_renderer_17	801a5aa8	16
Unknown801A5AB8	801a5ab8	40
Unknown801A5AE0	801a5ae0	120
set_vtx_tc_buf	801a5b58	144
add_debug_view	801a5be8	60
cvrt_val_to_kb	801a5c24	92
Unknown801A5C80	801a5c80	272
Unknown801A5D90	801a5d90	616
Unknown801A5FF8	801a5ff8	760
gd_put_sprite	801a62f0	828
gd_setup_cursor	801a662c	408
view_proc_print_timers	801a67c4	80
make_timer_gadgets	801a6814	1564
stub_renderer_18	801a6e30	20
stub_renderer_19	801a6e44	20
load_dynlist	801a6f34	644
stub_renderer_20	801a71b8	20
func_801A71CC	801a71cc	1300
stub_renderer_21	801a76e0	16
sLevelSelectStageNames	801a76f0	1024
sDemoCountdown	801a7af0	16
introBackgroundDlRows	801a7b30	16
xCoords	801a7b40	48
yCoords	801a7b70	48
textureTables	801a7ba0	8
introBackgroundIndexTable	801a7ba8	12
introBackgroundTables	801a7bb4	4
gameOverBackgroundTable	801a7bb8	12
flipOrder	801a7bc4	12
sSelectedButtonID	801a7bd0	4
sCurrentMenuLevel	801a7bd4	4
sTextBaseAlpha	801a7bd8	4
sCursorPos	801a7bdc	8
sCursorClickingTimer	801a7be4	4
sClickPos	801a7be8	4
sSelectedFileIndex	801a7bec	4
sFadeOutText	801a7bf0	4
sStatusMessageID	801a7bf4	4
sTextFadeAlpha	801a7bf8	4
sMainMenuTimer	801a7bfc	4
sSoundMode	801a7c00	4
sEraseYesNoHoverState	801a7c04	4
sAllFilesExist	801a7c08	4
sSelectedFileNum	801a7c0c	4
sScoreFileCoinScoreMode	801a7c10	4
textReturn	801a7c14	8
textViewScore	801a7c1c	8
textCopyFileButton	801a7c24	12
textEraseFileButton	801a7c30	8
textSoundModes	801a7c38	24
textMarioA	801a7c50	8
textMarioB	801a7c58	8
textMarioC	801a7c60	8
textMarioD	801a7c68	8
textNew	801a7c70	4
starIcon	801a7c74	4
xIcon	801a7c78	4
textSelectFile	801a7c7c	12
textScore	801a7c88	4
textCopy	801a7c8c	8
textErase	801a7c94	4
textCheckFile	801a7c98	12
textNoSavedDataExists	801a7ca4	20
textCopyFile	801a7cb8	12
textCopyItToWhere	801a7cc4	16
textNoSavedDataExistsCopy	801a7cd4	20
textCopyCompleted	801a7ce8	12
textSavedDataExists	801a7cf4	20
textNoFileToCopyFrom	801a7d08	16
textYes	801a7d18	4
textNo	801a7d1c	84
textStarX	801a7d70	3
sSelectedActIndex	801a8010	4
sSelectableStarIndex	801a8014	4
sActSelectorMenuTimer	801a8018	24
gGdMoveScene	801a8050	4
D_801A8058	801a8058	4
gGdUseVtxNormal	801a805c	4
gViewUpdateCamera	801a80f8	4
sColourPalette	801a8104	20
sWhiteBlack	801a8118	8
D_801A81C0	801a81c0	4
D_801A81C4	801a81c4	4
gMarioFaceGrp	801a82e0	4
gSpotShape	801a82e4	4
gShapeRedSpark	801a82ec	4
gShapeSilverSpark	801a82f0	4
gShapeRedStar	801a82f4	4
gShapeSilverStar	801a82f8	4
sSimpleShape	801a83a4	4
gGdFrameBufNum	801a86b0	4
sGdPerspTimer	801b520c	4
_goddardSegmentEnd	801b9850	4
_goddardSegmentNoloadStart	801b9850	4
sGameOverFrameCounter	801b9850	4
sGameOverTableIndex	801b9854	4
sIntroFrameCounter	801b9858	4
sTmCopyrightAlpha	801b985c	4
sMainMenuButtons	801b9860	128
sYesNoColor	801b98e0	16
sStarSelectorModels	801b98f0	32
sLoadedActNum	801b9910	1
sObtainedStars	801b9911	1
sVisibleStars	801b9912	1
sInitSelectedActNum	801b9913	13
gGdCtrl	801b9920	244
gGdCtrlPrev	801b9a18	244
gUnref_801B9B30	801b9b30	136
gGdLightGroup	801b9bb8	4
gSomeBoundingBox	801b9da0	24
sCurrentMoveCamera	801b9db8	4
sCurrentMoveView	801b9dbc	4
gGdCounter	801b9dc0	8
D_801B9DC8	801b9dc8	64
D_801B9E08	801b9e08	12
sCurrentMoveGrp	801b9e14	4
D_801B9E18	801b9e18	12
D_801B9E28	801b9e28	12
D_801B9E34	801b9e34	4
D_801B9E38	801b9e38	4
D_801B9E3C	801b9e3c	4
D_801B9E40	801b9e40	4
D_801B9E44	801b9e44	4
D_801B9E48	801b9e48	4
gGdCameraList	801b9e4c	4
D_801B9E50	801b9e50	4
gGdGroupList	801b9e54	4
gGdObjCount	801b9e58	4
gGdGroupCount	801b9e5c	4
gGdPlaneCount	801b9e60	4
gGdCameraCount	801b9e64	4
sGdViewInfo	801b9e68	24
D_801B9E80	801b9e80	4
gGdJointList	801b9e84	4
gGdBoneList	801b9e88	4
gGdObjectList	801b9e8c	4
gGdViewsGroup	801b9e90	4
sResetCurWeight	801b9ea0	4
gGdStreamBuffer	801ba190	4
sResetWeightVtxNum	801ba960	4
gGdSkinNet	801baaf0	4
_goddardSegmentNoloadEnd	801be9a0	9824
_buffersSegmentNoloadStart	801c1000	53248
gDecompressionHeap	801c1000	53248
gAudioHeap	801ce000	201216
gAudioSPTaskYieldBuffer	801ff200	1024
gUnusedThread2Stack	801ff600	5120
gIdleThreadStack	80200a00	2048
gThread3Stack	80201200	8192
gThread4Stack	80203200	8192
gThread5Stack	80205200	8192
gGfxSPTaskYieldBuffer	80207200	2304
gSaveBuffer	80207b00	512
gGfxSPTaskStack	80207d00	1024
gGfxPools	80208100	102560
gAudioGlobalsStartMarker	802211a0	8
gSynthesisReverb	802211b0	204
sAudioSynthesisPad	80221280	32
gVolume	802212a0	2
gReverbDownsampleRate	802212a2	1
sReverbDownsampleRateLog	802212a3	1
gAudioSessionPool	802212a8	16
gAudioInitPool	802212b8	16
gNotesAndBuffersPool	802212c8	16
sAudioHeapPad	802212d8	32
gSeqAndBankPool	802212f8	16
gPersistentCommonPool	80221308	16
gTemporaryCommonPool	80221318	16
gSeqLoadedPool	80221328	464
gBankLoadedPool	802214f8	464
gUnusedLoadedPool	802216c8	464
sSessionPoolSplit	80221898	16
sSeqAndBankPoolSplit	802218a8	8
sPersistentCommonPoolSplit	802218b0	16
sTemporaryCommonPoolSplit	802218c0	16
gBankLoadStatus	802218d0	64
gSeqLoadStatus	80221910	256
gAudioUnusedBuffer	80221a10	4096
gNotes	80222a10	4
gSequencePlayers	80222a18	960
gSequenceChannels	80222dd8	6144
gSequenceLayers	802245d8	6144
gSequenceChannelNone	80225dd8	192
gLayerFreeList	80225e98	16
gNoteFreeLists	80225ea8	64
gCurrAudioFrameDmaQueue	80225ee8	24
gCurrAudioFrameDmaMesgBufs	80225f00	256
gCurrAudioFrameDmaIoMesgBufs	80226000	1280
gAudioDmaMesgQueue	80226500	24
gAudioDmaMesg	80226518	4
gAudioDmaIoMesg	80226520	20
sSampleDmas	80226538	1536
gSampleDmaNumListItems	80226b38	4
sSampleDmaListSize1	80226b3c	4
sUnused80226B40	80226b40	4
sSampleDmaReuseQueue1	80226b48	256
sSampleDmaReuseQueue2	80226c48	256
sSampleDmaReuseQueueTail1	80226d48	1
sSampleDmaReuseQueueTail2	80226d49	1
sSampleDmaReuseQueueHead1	80226d4a	1
sSampleDmaReuseQueueHead2	80226d4b	1
gSeqFileHeader	80226d4c	4
gAlCtlHeader	80226d50	4
gAlTbl	80226d54	4
gAlBankSets	80226d58	4
gSequenceCount	80226d5c	2
gCtlEntries	80226d60	4
gAiFrequency	80226d64	4
sDmaBufSize	80226d68	4
gMaxAudioCmds	80226d6c	4
gMaxSimultaneousNotes	80226d70	4
gSamplesPerFrameTarget	80226d74	4
gMinAiBufferLength	80226d78	4
gTempoInternalToExternal	80226d7c	2
gAudioUpdatesPerFrame	80226d7e	1
gSoundMode	80226d7f	1
gAudioFrameCount	80226d80	4
gCurrAudioFrameDmaCount	80226d84	4
gAudioTaskIndex	80226d88	4
gCurrAiBufferIndex	80226d8c	4
gAudioCmdBuffers	80226d90	8
gAudioCmd	80226d98	4
gAudioTask	80226d9c	4
gAudioTasks	80226da0	160
gAiBuffers	80226e40	12
gAiBufferLengths	80226e4c	6
gUnused80226E58	80226e58	64
gUnused80226E98	80226e98	32
gAudioRandom	80226eb8	4
gAudioGlobalsEndMarker	80226ec0	8
gGfxSPTaskOutputBuffer	80227000	126976
_buffersSegmentNoloadEnd	80246000	80
_mainSegmentStart	80246000	80
entry_point	80246000	80
handle_debug_key_sequences	80246050	288
unknown_main_func	80246170	92
stub_main_1	802461cc	16
stub_main_2	802461dc	16
stub_main_3	802461ec	16
setup_mesg_queues	802461fc	228
alloc_pool	802462e0	88
create_thread	80246338	100
handle_nmi_request	8024639c	80
receive_new_tasks	802463ec	304
start_sptask	8024651c	128
interrupt_gfx_sptask	8024659c	80
start_gfx_sptask	802465ec	92
pretend_audio_sptask_done	80246648	84
handle_vblank	8024669c	352
handle_sp_complete	802467fc	336
handle_dp_complete	8024694c	108
thread3_main	802469b8	348
set_vblank_handler	80246b14	96
send_sp_task_message	80246b74	64
dispatch_audio_sptask	80246bb4	92
exec_display_list	80246c10	140
turn_on_audio	80246c9c	28
turn_off_audio	80246cb8	56
thread1_idle	80246cf0	212
main_func	80246dc4	112
init_rdp	80246e40	820
init_rsp	80247174	224
init_z_buffer	80247254	324
select_framebuffer	80247398	240
clear_framebuffer	80247488	360
clear_viewport	802475f0	556
draw_screen_borders	8024781c	368
make_viewport_clip_rect	8024798c	384
create_gfx_task_structure	80247b0c	400
init_rcp	80247c9c	72
end_master_display_list	80247ce4	160
draw_reset_bars	80247d84	340
render_init	80247ed8	212
select_gfx_pool	80247fac	180
display_and_vsync	80248060	336
adjust_analog_stick	802482d4	404
run_demo_inputs	80248468	416
read_controller_inputs	80248608	492
init_controllers	802487f4	320
setup_game_memory	80248934	396
thread5_game_loop	80248ac0	332
reset_volume	80248c10	24
lower_background_noise	80248c28	144
raise_background_noise	80248cb8	144
disable_background_sound	80248d48	72
enable_background_sound	80248d90	72
set_sound_mode	80248dd8	76
play_menu_sounds	80248e24	408
play_painting_eject_sound	80248fbc	132
play_infinite_stairs_music	80249040	264
set_background_music	80249148	180
fadeout_music	802491fc	80
fadeout_level_music	8024924c	84
play_cutscene_music	802492a0	64
play_shell_music	802492e0	60
stop_shell_music	8024931c	76
play_cap_music	80249368	108
fadeout_cap_music	802493d4	68
stop_cap_music	80249418	76
play_menu_sounds_extra	80249464	68
audio_game_loop_tick	802494a8	40
thread4_sound	802494d0	220
level_control_timer	802495b0	216
pressed_pause	80249688	172
set_play_mode	80249734	40
warp_special	8024975c	44
fade_into_special_warp	80249788	116
stub_level_update_1	802497fc	16
load_level_init_text	8024980c	288
init_door_warp	8024992c	180
set_mario_initial_cap_powerup	802499e0	164
set_mario_initial_action	80249a84	548
init_mario_after_warp	80249ca8	900
warp_area	8024a02c	104
warp_level	8024a094	76
warp_credits	8024a0e0	412
check_instant_warp	8024a27c	528
music_changed_through_warp	8024a48c	264
initiate_warp	8024a594	180
get_painting_warp_node	8024a648	168
initiate_painting_warp	8024a6f0	368
level_trigger_warp	8024a860	1276
initiate_delayed_warp	8024ad5c	608
update_hud_values	8024afbc	564
basic_update	8024b1f0	84
play_mode_normal	8024b244	496
play_mode_paused	8024b434	248
play_mode_frame_advance	8024b52c	204
level_set_transition	8024b5f8	40
play_mode_change_area	8024b620	192
play_mode_change_level	8024b6e0	192
update_level	8024b818	212
init_level	8024b8ec	588
lvl_init_or_update	8024bb38	132
lvl_init_from_save_file	8024bbbc	184
lvl_set_current_level	8024bc74	396
lvl_play_the_end_screen_sound	8024be00	68
get_mario_cap_flag	8024be50	200
object_facing_mario	8024bf18	180
mario_obj_angle_to_object	8024bfcc	108
determine_interaction	8024c038	836
attack_object	8024c37c	252
mario_stop_riding_object	8024c478	84
mario_grab_used_object	8024c4cc	84
mario_drop_held_object	8024c520	192
mario_throw_held_object	8024c5e0	276
mario_stop_riding_and_holding	8024c6f4	104
does_mario_have_normal_cap_on_head	8024c75c	44
mario_blow_off_cap	8024c788	320
mario_lose_cap_to_enemy	8024c8c8	144
mario_retrieve_cap	8024c958	96
able_to_grab_object	8024c9b8	164
mario_get_collided_object	8024ca5c	128
mario_check_object_grab	8024cadc	396
bully_knock_back_mario	8024cc68	684
bounce_off_object	8024cf14	124
hit_object_from_below	8024cf90	60
determine_knockback_action	8024d11c	700
push_mario_out_of_object	8024d3d8	436
bounce_back_from_attack	8024d58c	216
should_push_or_pull_door	8024d664	172
take_damage_from_interact_object	8024d710	232
take_damage_and_knock_back	8024d7f8	276
reset_mario_pitch	8024d90c	128
interact_coin	8024d98c	196
interact_water_ring	8024da50	56
interact_star_or_key	8024da88	540
interact_bbh_entrance	8024dca4	196
interact_warp	8024dd68	436
interact_warp_door	8024df1c	568
get_door_save_file_flag	8024e154	292
interact_door	8024e278	716
interact_cannon_base	8024e544	140
interact_igloo_barrier	8024e5d0	92
interact_tornado	8024e62c	284
interact_whirlpool	8024e748	224
interact_strong_wind	8024e828	264
interact_flame	8024e930	380
interact_snufit_bullet	8024eaac	304
interact_clam_or_bubba	8024ebdc	192
interact_bully	8024ec9c	436
interact_shock	8024ee50	316
interact_mr_blizzard	8024efc8	112
interact_hit_from_below	8024f038	348
interact_bounce_top	8024f194	320
interact_unknown_08	8024f2d4	176
interact_damage	8024f384	112
interact_breakable	8024f3f4	216
interact_koopa_shell	8024f4cc	260
check_object_grab_mario	8024f5d0	276
interact_pole	8024f6e4	420
interact_hoot	8024f888	208
interact_cap	8024f958	508
interact_grabbable	8024fb54	320
mario_can_talk	8024fc94	152
check_read_sign	8024fd2c	404
check_npc_talk	8024fec0	256
interact_text	8024ffc0	152
check_kick_or_punch_wall	80250058	448
mario_process_interactions	80250218	472
check_death_barrier	802503f0	148
check_lava_boost	80250484	200
pss_begin_slide	8025054c	84
pss_end_slide	802505a0	132
mario_handle_special_floors	80250624	320
is_anim_at_end	80250770	60
is_anim_past_end	802507ac	60
set_mario_animation	802507e8	332
set_mario_anim_with_accel	80250934	376
set_anim_to_frame	80250aac	188
is_anim_past_frame	80250b68	284
find_mario_anim_flags_and_translation	80250c84	460
update_mario_pos_for_anim	80250e50	188
return_mario_anim_y_translation	80250f0c	68
play_sound_if_no_flag	80250f50	108
play_mario_jump_sound	80250fbc	140
adjust_sound_for_speed	80251048	156
play_sound_and_spawn_particles	802510e4	308
play_mario_action_sound	80251218	104
play_mario_landing_sound	80251280	100
play_mario_landing_sound_once	802512e4	100
play_mario_heavy_landing_sound	80251348	100
play_mario_heavy_landing_sound_once	802513ac	100
play_mario_sound	80251410	204
mario_set_forward_vel	802514dc	116
mario_get_floor_class	80251550	300
mario_get_terrain_sound_addend	8025167c	416
resolve_and_return_wall_collisions	8025181c	180
vec3f_find_ceil	802518d0	88
mario_facing_downhill	80251928	128
mario_floor_is_slippery	802519a8	296
mario_floor_is_slope	80251ad0	296
mario_floor_is_steep	80251bf8	256
find_floor_height_relative_polar	80251cf8	220
find_floor_slope	80251dd4	416
update_mario_sound_and_camera	80251f74	252
set_steep_jump_action	80252070	300
set_mario_action	80252ac8	360
set_jump_from_landing	80252c30	580
set_jumping_action	80252e74	216
drop_and_set_mario_action	80252f4c	76
hurt_and_set_mario_action	80252f98	84
check_common_action_exits	80252fec	232
check_common_hold_action_exits	802530d4	228
transition_submerged_to_walking	802531b8	164
set_water_plunge_action	8025325c	256
squish_mario_model	8025335c	408
debug_print_speed_action_normal	802534f4	280
update_mario_button_inputs	8025360c	292
update_mario_joystick_inputs	80253730	260
update_mario_geometry_inputs	80253834	760
update_mario_inputs	80253b2c	360
set_submerged_cam_preset_and_spawn_bubbles	80253c94	416
update_mario_health	80253e34	596
update_mario_info_for_cam	80254088	132
mario_reset_bodystate	8025410c	88
sink_mario_in_quicksand	80254164	88
update_and_return_cap_flags	802541bc	416
mario_update_hitbox_and_cap_model	8025435c	480
execute_mario_action	80254604	696
init_mario	802548bc	1060
init_mario_from_save_file	80254ce0	312
get_additive_y_vel_for_jumps	80254e20	28
stub_mario_step_1	80254e3c	20
stub_mario_step_2	80254e50	16
transfer_bully_speed	80254e60	376
init_bully_collision_data	80254fd8	196
mario_bonk_reflection	8025509c	280
mario_update_quicksand	802551b4	576
mario_push_off_steep_floor	802553f4	184
mario_update_moving_sand	802554ac	256
mario_update_windy_ground	802555ac	476
stop_and_set_height_to_floor	80255788	132
stationary_ground_step	8025580c	208
perform_ground_step	80255b60	316
check_ledge_grab	80255c9c	488
perform_air_quarter_step	80255e84	1076
apply_twirl_gravity	802562b8	164
should_strengthen_gravity_for_jump_ascent	8025635c	152
apply_gravity	802563f4	988
apply_vertical_wind	802567d0	368
perform_air_step	80256940	436
set_vel_from_pitch_and_yaw	80256af4	180
set_vel_from_yaw	80256ba8	112
get_credits_str_width	80256c20	136
print_displaying_credits_entry	80256ca8	320
bhv_end_peach_loop	80256de8	124
bhv_end_toad_loop	80256e64	188
geo_switch_peach_eyes	80256f20	216
get_star_collection_dialog	80257038	140
handle_save_menu	802570c4	276
spawn_obj_at_mario_rel_yaw	802571d8	152
cutscene_take_cap_off	80257270	96
cutscene_put_cap_on	802572d0	96
mario_ready_to_speak	80257330	152
set_mario_npc_dialog	802573c8	264
act_reading_npc_dialog	802574d0	568
act_waiting_for_dialog	80257708	140
act_disappeared	80257794	164
act_reading_automatic_dialog	80257838	564
act_reading_sign	80257a6c	456
act_debug_free_move	80257c34	728
general_star_dance_handler	80257f0c	668
act_star_dance	802581a8	188
act_star_dance_water	80258264	228
act_fall_after_star_grab	80258348	268
common_death_handler	80258454	120
act_standing_death	802584cc	168
act_electrocution	80258574	80
act_suffocation	802585c4	80
act_death_on_back	80258614	108
act_death_on_stomach	80258680	108
act_quicksand_death	802586ec	280
act_eaten_by_bubba	80258804	168
launch_mario_until_land	802588ac	132
act_unlocking_key_door	80258930	516
act_unlocking_star_door	80258b34	488
act_entering_star_door	80258d1c	720
act_going_through_door	80258fec	360
act_warp_door_spawn	80259154	264
act_emerge_from_pipe	8025925c	308
act_spawn_spin_airborne	80259390	312
act_spawn_spin_landing	802594c8	108
act_exit_airborne	80259534	168
act_falling_exit_airborne	802595dc	124
act_exit_land_save_dialog	80259658	864
act_death_exit	802599b8	184
act_unused_death_exit	80259a70	140
act_falling_death_exit	80259afc	140
act_special_exit_airborne	80259b88	248
act_special_death_exit	80259c80	212
act_spawn_no_spin_airborne	80259d54	116
act_spawn_no_spin_landing	80259dc8	124
act_bbh_enter_spin	80259e44	984
act_bbh_enter_jump	8025a21c	380
act_teleport_fade_out	8025a398	236
act_teleport_fade_in	8025a484	348
act_shocked	8025a5e0	340
act_squished	8025a734	1120
act_putting_on_cap	8025ab94	156
stuck_in_ground_handler	8025ac30	340
act_head_stuck_in_ground	8025ad84	84
act_butt_stuck_in_ground	8025add8	84
act_feet_stuck_in_ground	8025ae2c	84
generate_yellow_sparkles	8025b9dc	568
mario_execute_cutscene_action	8025d418	1488
add_tree_leaf_particles	8025d9f0	172
play_climbing_sounds	8025da9c	232
set_pole_position	8025db84	792
act_holding_pole	8025de9c	892
act_climbing_pole	8025e218	436
act_grab_pole_slow	8025e3cc	140
act_grab_pole_fast	8025e458	256
act_top_of_pole_transition	8025e558	256
act_top_of_pole	8025e658	288
perform_hanging_step	8025e778	428
update_hang_moving	8025e924	468
update_hang_stationary	8025eaf8	136
act_start_hanging	8025eb80	348
act_hanging	8025ecdc	304
act_hang_moving	8025ee0c	416
let_go_of_ledge	8025efac	304
climb_up_ledge	8025f0dc	172
update_ledge_climb_camera	8025f188	228
update_ledge_climb	8025f26c	124
act_ledge_grab	8025f2e8	688
act_ledge_climb_slow	8025f598	244
act_ledge_climb_down	8025f68c	132
act_ledge_climb_fast	8025f710	168
act_grabbed	8025f7b8	220
act_in_cannon	8025f894	1256
act_tornado_twirling	8025fd7c	1044
check_common_automatic_cancels	80260190	104
mario_execute_automatic_action	802601f8	732
check_common_idle_cancels	802604e0	508
check_common_hold_idle_cancels	802606dc	520
act_idle	802608e4	736
play_anim_sound	80260bc4	108
act_start_sleeping	80260c30	520
act_sleeping	80260e38	720
act_waking_up	80261108	376
act_shivering	80261280	588
act_coughing	802614cc	248
act_hold_idle	802615c4	256
act_hold_heavy_idle	802616c4	296
act_standing_against_wall	802617ec	244
act_in_quicksand	802618e0	200
act_crouching	802619a8	444
act_panting	80261b64	272
act_hold_panting_unused	80261c74	252
stopping_step	80261d70	96
act_braking_stop	80261dd0	256
act_butt_slide_stop	80261ed0	188
act_hold_butt_slide_stop	80261f8c	248
act_slide_kick_slide_stop	80262084	160
act_start_crouching	80262124	288
act_stop_crouching	80262244	288
act_start_crawling	80262364	288
act_stop_crawling	80262484	240
act_shockwave_bounce	80262574	580
landing_step	802627b8	112
check_common_landing_cancels	80262828	308
act_jump_land_stop	8026295c	92
act_double_jump_land_stop	802629b8	92
act_side_flip_land_stop	80262a14	116
act_freefall_land_stop	80262a88	92
act_triple_jump_land_stop	80262ae4	96
act_backflip_land_stop	80262b44	156
act_lava_boost_land	80262be0	112
act_long_jump_land_stop	80262c50	156
act_hold_jump_land_stop	80262cec	248
act_hold_freefall_land_stop	80262de4	248
act_air_throw_land	80262edc	204
act_twirl_land	80262fa8	344
act_ground_pound_land	80263100	220
act_first_person	802631dc	412
check_common_stationary_cancels	80263378	276
mario_execute_stationary_action	8026348c	1476
tilt_body_running	80263a50	132
play_step_sound	80263ad4	320
align_with_floor	80263c14	120
begin_walking_action	80263c8c	96
check_ledge_climb_down	80263cec	440
slide_bonk	80263ea4	140
set_triple_jump_action	80263f30	204
update_sliding_angle	80263ffc	820
update_sliding	80264330	1044
apply_slope_accel	80264744	556
apply_landing_accel	80264970	152
update_shell_speed	80264a08	616
apply_slope_decel	80264c70	304
update_decelerating_speed	80264da0	148
update_walking_speed	80264e34	532
should_begin_sliding	80265048	188
analog_stick_held_back	80265104	68
check_ground_dive_or_punch	80265148	200
begin_braking_action	80265210	224
anim_and_audio_for_walk	802652f0	1052
anim_and_audio_for_hold_walk	8026570c	628
anim_and_audio_for_heavy_walk	80265980	104
push_or_sidle_wall	802659e8	576
tilt_body_walking	80265c28	404
tilt_body_ground_shell	80265dbc	392
act_walking	80265f44	608
act_move_punching	802661a4	384
act_hold_walking	80266324	616
act_hold_heavy_walking	8026658c	348
act_turning_around	802666e8	596
act_finish_turning_around	8026693c	252
act_braking	80266a38	384
act_decelerating	80266bb8	632
act_hold_decelerating	80266e30	708
act_riding_shell_ground	802670f4	548
act_crawling	80267318	564
act_burning_ground	8026754c	712
tilt_body_butt_slide	80267814	192
common_slide_action	802678d4	672
common_slide_action_with_jump	80267b74	208
act_butt_slide	80267c44	96
act_hold_butt_slide	80267ca4	148
act_crouch_slide	80267d38	464
act_slide_kick_slide	80267f08	372
stomach_slide_action	8026807c	276
act_stomach_slide	80268190	72
act_hold_stomach_slide	802681d8	124
act_dive_slide	80268254	308
common_ground_knockback_action	80268388	576
act_hard_backward_ground_kb	802685c8	168
act_hard_forward_ground_kb	80268670	136
act_backward_ground_kb	802686f8	76
act_forward_ground_kb	80268744	76
act_soft_backward_ground_kb	80268790	76
act_soft_forward_ground_kb	802687dc	76
act_ground_bonk	80268828	112
act_death_exit_land	80268898	200
common_landing_action	80268960	428
common_landing_cancels	80268b0c	400
act_jump_land	80268c9c	104
act_freefall_land	80268d04	104
act_side_flip_land	80268d6c	140
act_hold_jump_land	80268df8	156
act_hold_freefall_land	80268e94	156
act_long_jump_land	80268f30	224
act_double_jump_land	80269010	104
act_triple_jump_land	80269078	164
act_backflip_land	8026911c	184
quicksand_jump_land_action	802691d4	328
act_quicksand_jump_land	8026931c	84
act_hold_quicksand_jump_land	80269370	84
check_common_moving_cancels	802693c4	292
mario_execute_moving_action	802694e8	1508
play_flip_sounds	80269ad0	128
play_far_fall_sound	80269b50	208
lava_boost_on_wall	80269c20	248
check_fall_damage	80269d18	476
check_kick_or_dive_in_air	80269ef4	148
should_get_stuck_in_ground	80269f88	260
check_fall_damage_or_get_stuck	8026a08c	148
check_horizontal_wind	8026a120	516
update_air_with_turn	8026a324	560
update_air_without_turn	8026a554	656
update_lava_boost_or_twirling	8026a7e4	388
update_flying_yaw	8026a968	424
update_flying_pitch	8026ab10	376
update_flying	8026ac88	712
common_air_action_step	8026af50	604
act_jump	8026b1ac	160
act_double_jump	8026b24c	212
act_triple_jump	8026b320	252
act_backflip	8026b41c	160
act_freefall	8026b4bc	268
act_hold_jump	8026b5c8	252
act_hold_freefall	8026b6c4	268
act_side_flip	8026b7d0	268
act_wall_kick_air	8026b8dc	172
act_long_jump	8026b988	200
act_riding_shell_air	8026ba50	244
act_twirling	8026bb44	428
act_dive	8026bcf0	728
act_air_throw	8026bfc8	280
act_water_jump	8026c0e0	348
act_hold_water_jump	8026c23c	328
act_steep_jump	8026c384	380
act_ground_pound	8026c500	784
act_burning_jump	8026c810	324
act_burning_fall	8026c954	216
act_crazy_box_bounce	8026ca2c	648
common_air_knockback_step	8026ccb4	328
check_wall_kick	8026cdfc	140
act_backward_air_kb	8026ce88	128
act_forward_air_kb	8026cf08	128
act_hard_backward_air_kb	8026cf88	100
act_hard_forward_air_kb	8026cfec	100
act_thrown_backward	8026d050	168
act_thrown_forward	8026d0f8	244
act_soft_bonk	8026d1ec	128
act_getting_blown	8026d26c	556
act_air_hit_wall	8026d498	460
act_forward_rollout	8026d664	416
act_backward_rollout	8026d804	420
act_butt_slide_air	8026d9a8	496
act_hold_butt_slide_air	8026db98	556
act_lava_boost	8026ddc4	744
act_slide_kick	8026e0ac	628
act_jump_kick	8026e320	344
act_shot_from_cannon	8026e478	664
act_flying	8026e710	1308
act_riding_hoot	8026ec2c	404
act_flying_triple_jump	8026edc0	744
act_top_of_pole_jump	8026f0a8	76
act_vertical_wind	8026f0f4	480
act_special_triple_jump	8026f2d4	472
check_common_airborne_cancels	8026f4ac	236
mario_execute_airborne_action	8026f598	1536
mario_execute_submerged_action	8027442c	1296
animated_stationary_ground_step	80274940	96
mario_update_punch_sequence	802749a0	1048
act_punching	80274db8	324
act_picking_up	80274efc	400
act_dive_picking_up	8027508c	204
act_placing_down	80275158	204
act_throwing	80275224	300
act_heavy_throw	80275350	244
act_stomach_slide_stop	80275444	204
act_picking_up_bowser	80275510	180
act_holding_bowser	802755c4	772
act_releasing_bowser	802758c8	148
check_common_object_cancels	8027595c	212
mario_execute_object_action	80275a30	496
geo_envfx_main	80275c20	516
geo_skybox_main	80275e24	220
geo_draw_mario_head_goddard	80275f00	204
bhv_toad_message_loop	8027629c	196
bhv_toad_message_init	80276360	400
bhv_unlock_door_star_init	80276608	276
bhv_unlock_door_star_loop	8027671c	708
geo_mirror_mario_set_alpha	80276af4	172
geo_switch_mario_stand_run	80276ba0	108
geo_switch_mario_eyes	80276c0c	216
geo_mario_tilt_torso	80276ce4	272
geo_mario_head_rotation	80276df4	336
geo_switch_mario_hand	80276f44	216
geo_mario_hand_foot_scaler	8027701c	268
geo_switch_mario_cap_effect	80277128	104
geo_switch_mario_cap_on_off	80277190	228
geo_mario_rotate_wing_cap_wings	80277274	312
geo_switch_mario_hand_grab_pos	802773ac	440
geo_render_mirror_mario	80277564	600
geo_mirror_mario_backface_culling	802777bc	360
set_segment_base_addr	80277930	64
get_segment_base_addr	80277970	48
segmented_to_virtual	802779a0	88
virtual_to_segmented	802779f8	72
move_segment_table_to_dmem	80277a40	132
main_pool_init	80277ac4	172
main_pool_alloc	80277b70	280
main_pool_free	80277c88	288
main_pool_realloc	80277da8	112
main_pool_available	80277e18	32
main_pool_push_state	80277e38	176
main_pool_pop_state	80277ee8	108
load_segment	802780dc	100
load_to_fixed_pool_addr	80278140	232
load_segment_decompress	80278228	220
load_segment_decompress_heap	80278304	192
load_engine_code_segment	802783c4	160
alloc_only_pool_init	80278464	164
alloc_only_pool_alloc	80278508	112
alloc_only_pool_resize	80278578	112
mem_pool_init	802785e8	192
mem_pool_alloc	802786a8	284
mem_pool_free	802787c4	440
alloc_display_list	8027897c	116
setup_dma_table_list	80278a78	92
load_patchable_table	80278ad4	212
save_file_do_save	80279290	188
save_file_erase	8027934c	100
save_file_copy	802793b0	124
save_file_load_all	8027942c	492
save_file_reload	80279618	124
save_file_collect_star_or_key	80279694	512
save_file_exists	80279894	60
save_file_get_max_coin_score	802798d0	256
save_file_get_course_star_count	802799d0	144
save_file_get_total_star_count	80279a60	152
save_file_set_flags	80279af8	76
save_file_clear_flags	80279b44	120
save_file_get_flags	80279bbc	92
save_file_get_star_flags	80279c18	116
save_file_set_star_flags	80279c8c	212
save_file_get_course_coin_score	80279d60	48
save_file_is_cannon_unlocked	80279d90	80
save_file_set_cannon_unlocked	80279de0	136
save_file_set_cap_pos	80279e68	148
save_file_get_cap_pos	80279efc	184
save_file_set_sound_mode	80279fb4	80
save_file_get_sound_mode	8027a004	32
save_file_move_cap_to_default_location	8027a024	196
disable_warp_checkpoint	8027a0e8	24
check_if_should_set_warp_checkpoint	8027a100	104
check_warp_checkpoint	8027a168	172
override_viewport_and_clip	8027a220	108
set_warp_transition_rgb	8027a28c	116
print_intro_text	8027a300	140
get_mario_spawn_type	8027a38c	140
area_get_warp_node	8027a418	96
area_get_warp_node_from_params	8027a478	76
load_obj_warp_nodes	8027a4c4	144
clear_areas	8027a554	624
clear_area_graph_nodes	8027a7c4	208
load_area	8027a894	260
unload_area	8027a998	116
load_mario_area	8027aa0c	124
unload_mario_area	8027aa88	136
change_area	8027ab10	164
area_update_objects	8027abb4	60
play_transition	8027abf0	444
play_transition_after_delay	8027adac	88
render_game	8027ae04	780
geo_set_animation_globals	8027c988	384
geo_process_held_object	8027d4d4	996
geo_try_process_children	8027d8b8	64
geo_process_node_and_siblings	8027d8f8	648
geo_process_root	8027db80	684
profiler_log_thread5_time	8027de30	176
profiler_log_thread4_time	8027dee0	144
profiler_log_gfx_time	8027df70	172
profiler_log_vblank_time	8027e01c	144
draw_profiler_bar	8027e0ac	764
draw_reference_profiler_bars	8027e3a8	628
draw_profiler_mode_1	8027e61c	736
draw_profiler_mode_0	8027e8fc	1460
draw_profiler	8027eeb0	116
decompress	8027ef30	164
set_camera_shake_from_hit	8027efe0	808
set_environmental_camera_shake	8027f308	312
set_camera_shake_from_point	8027f440	388
unused_set_camera_pitch_shake_env	8027f5c4	164
calc_y_to_curr_floor	8027f668	520
focus_on_mario	8027f870	224
set_camera_height	8027fa48	880
look_down_slopes	8027fdb8	396
pan_ahead_of_player	8027ff44	432
find_in_bounds_yaw_wdw_bob_thi	802800f4	364
update_radial_camera	80280260	352
update_8_directions_camera	802803c0	400
radial_camera_move	80280550	1672
lakitu_zoom	80280bd8	564
radial_camera_input_default	80280e0c	48
update_yaw_and_dist_from_c_up	80280e3c	128
mode_radial_camera	80280ebc	284
mode_8_directions_camera	80280fd8	280
update_outward_radial_camera	802810f0	348
mode_outward_radial_camera	8028124c	264
update_parallel_tracking_camera	80281354	2428
update_fixed_camera	80281cd0	1056
update_boss_fight_camera	802820f0	1388
unused_update_mode_5_camera	8028265c	28
mode_boss_fight_camera	8028268c	64
mode_parallel_tracking_camera	802826cc	100
mode_fixed_camera	80282730	152
update_behind_mario_camera	802827c8	1480
mode_behind_mario	80282d90	568
update_slide_camera	80282fc8	1132
mode_behind_mario_camera	80283434	52
nop_update_water_camera	80283468	28
mode_water_surface_camera	80283484	52
update_mario_camera	802834b8	144
update_default_camera	80283548	4544
mode_default_camera	80284708	68
mode_lakitu_camera	8028474c	60
mode_mario_camera	80284788	60
update_spiral_stairs_camera	802847c4	824
mode_spiral_stairs_camera	80284afc	64
update_slide_or_0f_camera	80284b3c	144
mode_slide_camera	80284c2c	144
store_lakitu_cam_info_for_c_up	80284cbc	136
set_mode_c_up	80284d44	124
exit_c_up	80284dc0	1176
update_c_up	80285258	156
move_mario_head_c_up	802852f4	392
move_into_c_up	8028547c	756
mode_c_up_camera	80285770	440
update_in_cannon	80285928	136
mode_cannon_camera	802859b0	220
transition_next_state	80285a8c	76
transition_to_camera_mode	80285ad8	256
set_camera_mode	80285bd8	664
update_lakitu	80285e70	1240
update_camera	80286348	1648
reset_camera	802869b8	740
init_camera	80286c9c	1896
zoom_out_if_paused_and_outside	80287404	472
select_mario_cam_mode	802875dc	28
create_camera	802875f8	216
update_graph_node_camera	802876d0	120
geo_camera_main	80287748	144
stub_camera_2	802877d8	20
stub_camera_3	802877ec	20
vec3f_sub	80287800	64
object_pos_to_vec3f	80287840	40
vec3f_to_object_pos	80287868	40
unused_object_angle_to_vec3s	80287890	40
evaluate_cubic_spline	802878b8	1092
move_point_along_spline	80287cfc	832
cam_select_alt_mode	8028803c	244
set_cam_angle	80288130	368
set_handheld_shake	802882a0	296
shake_camera_handheld	802883c8	820
find_c_buttons_pressed	802886fc	388
update_camera_hud_status	80288880	244
collide_with_walls	80288974	572
vec3f_compare	80288bb0	124
clamp_pitch	80288c2c	196
is_within_100_units_of_mario	80288cf0	132
set_or_approach_f32_asymptotic	80288d74	152
approach_f32_asymptotic_bool	80288e0c	148
approach_f32_asymptotic	80288ea0	44
approach_s16_asymptotic_bool	80288ecc	184
approach_s16_asymptotic	80288f84	164
approach_vec3f_asymptotic	80289028	116
set_or_approach_vec3f_asymptotic	8028909c	116
approach_vec3s_asymptotic	80289110	116
camera_approach_s16_symmetric_bool	80289184	224
camera_approach_s16_symmetric	80289264	240
set_or_approach_s16_symmetric	80289354	144
camera_approach_f32_symmetric_bool	802893e4	320
camera_approach_f32_symmetric	80289524	244
random_vec3s	80289618	288
reduce_by_dist_from_camera	80289738	616
clamp_positions_and_find_yaw	802899a0	248
calc_avoid_yaw	80289a98	116
is_surf_within_bounding_box	80289b0c	1016
is_behind_surface	80289f04	464
is_range_behind_surface	8028a0d4	304
is_mario_behind_surface	8028a204	72
scale_along_line	8028a24c	180
is_pos_in_bounds	8028a300	320
calculate_pitch	8028a440	176
calculate_yaw	8028a4f0	136
calculate_angles	8028a578	200
calc_abs_dist	8028a640	164
calc_hor_dist	8028a6e4	128
rotate_in_xz	8028a764	208
rotate_in_yz	8028a834	212
set_camera_pitch_shake	8028a908	92
set_camera_yaw_shake	8028a964	192
set_camera_roll_shake	8028aa24	92
set_pitch_shake_from_point	8028aa80	180
set_yaw_shake_from_point	8028ab34	180
increment_shake_offset	8028abe8	72
shake_camera_pitch	8028ac30	276
shake_camera_yaw	8028ad44	268
shake_camera_roll	8028ae50	212
offset_yaw_outward_radial	8028af24	536
cutscene_intro_peach_play_message_music	8028b13c	48
cutscene_intro_peach_play_lakitu_flying_music	8028b16c	48
play_camera_buzz_if_cdown	8028b19c	64
play_camera_buzz_if_cbutton	8028b1dc	64
play_camera_buzz_if_c_sideways	8028b21c	76
play_sound_cbutton_up	8028b268	52
play_sound_cbutton_down	8028b29c	52
play_sound_cbutton_side	8028b2d0	52
play_sound_button_change_blocked	8028b304	52
play_sound_rbutton_changed	8028b338	52
play_sound_if_cam_switched_to_lakitu_or_mario	8028b36c	112
radial_camera_input	8028b3dc	868
trigger_cutscene_dialog	8028b740	100
handle_c_button_movement	8028b7a4	660
clear_cutscene_vars	8028ba38	260
start_cutscene	8028bb3c	80
determine_dance_cutscene	8028bb8c	224
open_door_cutscene	8028bc6c	92
get_cutscene_from_mario_status	8028bcc8	1240
warp_camera	8028c1a0	336
approach_camera_height	8028c2f0	188
stub_camera_4	8028c3ac	32
set_focus_rel_mario	8028c3cc	316
offset_rotated	8028c5f0	420
offset_rotated_coords	8028c794	88
determine_pushing_or_pulling_door	8028c7ec	56
next_lakitu_state	8028c824	1528
set_camera_mode_fixed	8028ce4c	352
set_camera_mode_8_directions	8028cfac	80
set_camera_mode_boss_fight	8028cffc	92
set_camera_mode_close_cam	8028d058	64
set_camera_mode_radial	8028d098	260
parallel_tracking_init	8028d19c	236
set_fixed_cam_axis_sa_lobby	8028d288	164
check_blocking_area_processing	8028d32c	236
cam_rr_exit_building_side	8028d418	56
cam_rr_exit_building_top	8028d450	156
cam_rr_enter_building_window	8028d4ec	76
cam_rr_enter_building	8028d538	124
cam_rr_enter_building_side	8028d5b4	64
cam_cotmc_exit_waterfall	8028d5f4	40
cam_sl_snowman_head_8dir	8028d61c	84
cam_sl_free_roam	8028d670	52
move_camera_through_floor_while_descending	8028d6a4	164
cam_hmc_enter_maze	8028d748	192
cam_hmc_elevator_black_hole	8028d808	48
cam_hmc_elevator_maze_emergency_exit	8028d838	52
cam_hmc_elevator_lake	8028d86c	52
cam_hmc_elevator_maze	8028d8a0	52
cam_ssl_enter_pyramid_top	8028d8d4	44
cam_ssl_pyramid_center	8028d900	72
cam_ssl_boss_room	8028d948	72
cam_thi_move_cam_through_tunnel	8028d990	52
cam_thi_look_through_tunnel	8028d9c4	52
cam_bob_tower	8028d9f8	72
cam_bob_default_free_roam	8028da40	52
cam_castle_hmc_start_pool_cutscene	8028da74	84
cam_castle_lobby_entrance	8028dac8	120
cam_castle_look_upstairs	8028db40	172
cam_castle_basement_look_downstairs	8028dbec	136
cam_castle_enter_lobby	8028dc74	104
cam_castle_enter_spiral_stairs	8028dcdc	52
cam_castle_close_mode	8028dd68	44
cam_castle_leave_lobby_sliding_door	8028dd94	56
cam_castle_enter_lobby_sliding_door	8028ddcc	44
cam_bbh_room_6	8028ddf8	52
cam_bbh_fall_off_roof	8028de2c	44
cam_bbh_fall_into_pool	8028de58	168
cam_bbh_room_1	8028df00	56
cam_bbh_leave_front_door	8028df38	56
cam_bbh_room_2_lower	8028df70	56
cam_bbh_room_4	8028dfa8	56
cam_bbh_room_8	8028dfe0	56
cam_bbh_room_5_library	8028e018	56
cam_bbh_room_5_library_to_hidden_transition	8028e050	80
cam_bbh_room_5_hidden_to_library_transition	8028e0a0	80
cam_bbh_room_5_hidden	8028e0f0	68
cam_bbh_room_3	8028e134	56
cam_bbh_room_7_mr_i	8028e16c	56
cam_bbh_room_7_mr_i_to_coffins_transition	8028e1a4	80
cam_bbh_room_7_coffins_to_mr_i_transition	8028e1f4	80
cam_bbh_elevator_room_lower	8028e244	56
cam_bbh_room_0_back_entrance	8028e27c	44
cam_bbh_elevator	8028e2a8	100
cam_bbh_room_12_upper	8028e30c	68
cam_bbh_enter_front_door	8028e350	44
cam_bbh_room_2_library	8028e37c	56
cam_bbh_room_2_library_to_trapdoor_transition	8028e3b4	80
cam_bbh_room_2_trapdoor	8028e404	56
cam_bbh_room_2_trapdoor_transition	8028e43c	80
cam_bbh_room_9_attic	8028e48c	56
cam_bbh_room_9_attic_transition	8028e4c4	80
cam_bbh_room_9_mr_i_transition	8028e514	80
cam_bbh_room_13_balcony	8028e564	56
cam_bbh_room_0	8028e59c	68
cam_ccm_enter_slide_shortcut	8028e5e0	40
cam_ccm_leave_slide_shortcut	8028e608	44
surface_type_modes	8028e634	216
set_mode_if_not_set_by_surface	8028e70c	104
surface_type_modes_thi	8028e774	280
camera_course_processing	8028e88c	1984
resolve_geometry_collisions	8028f04c	676
rotate_camera_around_walls	8028f2f0	904
find_mario_floor_and_ceil	8028f678	392
start_object_cutscene	8028f800	52
start_object_cutscene_without_focus	8028f834	44
unused_dialog_cutscene_response	8028f860	128
cutscene_object_with_dialog	8028f8e0	196
cutscene_object_without_dialog	8028f9a4	68
cutscene_object	8028f9e8	140
update_camera_yaw	8028fa74	72
cutscene_reset_spline	8028fabc	36
stop_cutscene_and_retrieve_stored_info	8028fae0	100
cap_switch_save	8028fb44	60
init_spline_point	8028fb80	88
copy_spline_segment	8028fbd8	444
cutscene_common_set_dialog_state	8028fd94	84
cutscene_intro_peach_start_letter_music	8028fe84	44
cutscene_intro_peach_start_flying_music	8028feb0	44
reset_pan_distance	8028fedc	32
player2_rotate_cam	8028fefc	584
store_info_cannon	80290144	112
retrieve_info_cannon	802901b4	112
store_info_star	80290224	132
retrieve_info_star	802902a8	80
pan_camera	80290390	140
cutscene_shake_explosion	8029041c	52
rotate_and_move_vec3f	8029047c	152
set_flag_post_door	80290514	80
cutscene_soften_music	80290564	52
cutscene_unsoften_music	80290598	48
cutscene_unused_start	802905dc	20
cutscene_unused_loop	802905f0	20
cutscene_ending_mario_fall_start	80290604	88
cutscene_ending_mario_fall_focus_mario	8029065c	244
cutscene_ending_mario_fall	80290750	112
cutscene_ending_mario_land_closeup	802907c0	116
cutscene_ending_reset_spline	80290834	60
cutscene_ending_fly_up_to_window	80290870	108
cutscene_ending_stars_free_peach	802908dc	112
cutscene_ending_mario_land	8029094c	232
cutscene_ending_peach_appear_closeup	80290a34	148
cutscene_ending_peach_appears	80290ac8	192
cutscene_ending_peach_descends_start	80290b88	64
cutscene_ending_follow_peach_descent	80290bc8	116
cutscene_ending_peach_descent_lower_focus	80290c3c	60
cutscene_ending_peach_descent_back_to_mario	80290c78	156
cutscene_ending_peach_descends	80290d14	216
cutscene_ending_mario_to_peach	80290dec	160
cutscene_ending_look_up_at_castle	80290e8c	72
cutscene_ending_peach_wakeup	80290ed4	192
cutscene_ending_dialog	80290f94	128
cutscene_ending_kiss_closeup	80291014	100
cutscene_ending_kiss_here_we_go	80291078	188
cutscene_ending_kiss	80291134	112
cutscene_ending_look_at_sky	802911a4	104
cutscene_ending_zoom_fov	8029120c	36
cutscene_ending_cake_for_mario	80291230	180
cutscene_ending_stop	802912e4	64
cutscene_grand_star_start	80291324	120
cutscene_grand_star_front_of_mario	8029139c	216
cutscene_grand_star_mario_jump	80291474	100
cutscene_grand_star_accel_cvar2	802914d8	80
cutscene_grand_star_approach_mario	80291528	140
cutscene_grand_star_move_cvar2	802915b4	72
cutscene_grand_star_focus_mario	802915fc	148
cutscene_grand_star	80291690	224
cutscene_grand_star_fly_start	80291770	212
cutscene_grand_star_fly_move_to_mario	80291844	148
cutscene_grand_star_fly_mario_offscreen	802918d8	288
cutscene_grand_star_fly_app_cvars	802919f8	300
cutscene_grand_star_fly	80291b24	152
focus_in_front_of_mario	80291bbc	144
cutscene_dance_move_to_mario	80291c4c	152
cutscene_dance_rotate	80291ce4	76
cutscene_dance_rotate_move_back	80291d30	72
cutscene_dance_rotate_move_towards_mario	80291d78	72
cutscene_dance_default_focus_mario	80291dd4	56
cutscene_dance_rotate_focus_mario	80291e0c	56
cutscene_dance_shake_fov	80291e44	52
cutscene_dance_default_rotate	80291e78	368
star_dance_bound_yaw	80291fe8	180
cutscene_dance_closeup_start	8029209c	244
cutscene_dance_closeup_focus_mario	80292190	152
cutscene_dance_closeup_fly_above	80292228	268
cutscene_dance_closeup_fly_closer	80292334	172
cutscene_dance_closeup_zoom	802923e0	44
cutscene_dance_closeup_shake_fov	8029240c	52
cutscene_dance_closeup	80292440	384
cutscene_dance_fly_away_start	802925c0	384
cutscene_dance_fly_away_approach_mario	80292740	172
cutscene_dance_fly_away_focus_mario	802927ec	152
cutscene_pan_cvar9	80292884	124
cutscene_dance_fly_rotate_around_mario	80292900	88
cutscene_dance_fly_away_rotate_while_flying	80292958	76
cutscene_dance_fly_away_shake_fov	802929a4	52
cutscene_dance_fly_away	802929d8	216
cutscene_key_dance_jump_cvar	80292ab0	116
cutscene_key_dance_jump_closeup	80292b24	92
cutscene_key_dance_jump_lower_left	80292b80	96
cutscene_key_dance_jump_above	80292be0	108
cutscene_key_dance_jump_last	80292c4c	104
cutscene_key_dance_shake_fov	80292cb4	52
cutscene_key_dance_handheld_shake	80292ce8	44
cutscene_key_dance_focus_mario	80292d14	56
cutscene_key_dance	80292d4c	252
cutscene_bowser_area_shake_fov	80292e48	44
cutscene_bowser_area_start_bowser_walking	80292e74	36
cutscene_bowser_arena_set_pos	80292e98	112
cutscene_bowser_arena_focus_sine	80292f08	152
cutscene_bowser_arena_set_focus	80292fa0	68
cutscene_bowser_arena_adjust_offsets	80292fe4	120
cutscene_bowser_arena_pan_left	8029305c	64
cutscene_bowser_arena_mario_dialog	8029309c	44
cutscene_stop_dialog	802930c8	44
cutscene_bowser_arena_start	802930f4	180
bowser_fight_intro_dialog	802931a8	132
cutscene_bowser_arena_dialog	8029322c	92
cutscene_bowser_arena_end	80293288	124
cutscene_bowser_arena	80293304	376
cutscene_star_spawn_store_info	8029347c	44
cutscene_star_spawn_focus_star	802934a8	136
cutscene_star_spawn_update_boss_fight	80293530	132
cutscene_star_spawn_fly_back	802935b4	56
cutscene_star_spawn	802935ec	132
cutscene_star_spawn_back	80293670	172
cutscene_star_spawn_end	8029371c	52
cutscene_exit_waterfall_warp	80293750	68
cutscene_exit_to_castle_grounds_focus_mario	80293794	168
cutscene_exit_waterfall	8029383c	92
cutscene_exit_to_castle_grounds_end	80293898	84
cutscene_exit_fall_to_castle_grounds_warp	802938ec	68
cutscene_exit_fall_to_castle_grounds	80293930	92
cutscene_red_coin_star_start	8029398c	88
cutscene_red_coin_star_focus_xz	802939e4	100
cutscene_red_coin_star_focus_y	80293a48	68
cutscene_red_coin_star_look_up_at_star	80293a8c	64
cutscene_red_coin_star_warp	80293acc	448
cutscene_red_coin_star_set_fov	80293c8c	36
cutscene_red_coin_star	80293cb0	228
cutscene_red_coin_star_end	80293d94	84
cutscene_goto_cvar_pos	80293de8	752
cutscene_prepare_cannon_start	802940d8	140
cutscene_prepare_cannon_fly_to_cannon	80294164	104
cannon_approach_prev	802941cc	148
cutscene_prepare_cannon_fly_back	80294260	372
cutscene_prepare_cannon	802943d4	128
cutscene_prepare_cannon_end	80294454	84
water_death_move_to_mario_side	802944a8	144
death_goto_mario	80294538	60
cutscene_death_standing_start	80294574	116
cutscene_death_standing_goto_mario	802945e8	52
cutscene_death_standing	8029461c	104
cutscene_death_stomach_start	80294684	132
cutscene_death_stomach_goto_mario	80294708	64
cutscene_death_stomach	80294774	112
cutscene_bbh_death_start	802947e4	132
cutscene_bbh_death_goto_mario	80294868	64
cutscene_bbh_death	802948a8	112
cutscene_quicksand_death_start	80294918	60
cutscene_quicksand_death_goto_mario	80294954	88
cutscene_quicksand_death	802949ac	196
cutscene_suffocation_fly_away	80294a70	144
cutscene_suffocation_stay_above_gas	80294b00	176
cutscene_suffocation_rotate	80294bb0	128
cutscene_suffocation	80294c30	160
cutscene_enter_pool_start	80294cd0	204
cutscene_enter_pool_loop	80294d9c	60
cutscene_enter_pool	80294dd8	104
cutscene_pyramid_top_explode_start	80294e40	108
cutscene_pyramid_top_explode_zoom_in	80294eac	44
cutscene_pyramid_top_explode_focus	80294ed8	104
cutscene_pyramid_top_explode_warp	80294f40	240
cutscene_pyramid_top_explode_closeup	80295030	208
cutscene_pyramid_top_explode_cam_shake	80295100	44
cutscene_pyramid_top_explode_warp_back	8029512c	92
cutscene_pyramid_top_explode	80295188	204
cutscene_pyramid_top_explode_end	80295254	64
cutscene_enter_pyramid_top_start	80295294	92
cutscene_enter_pyramid_top	802952f0	156
cutscene_dialog_start	80295418	336
cutscene_dialog_move_mario_shoulder	80295568	564
cutscene_dialog_create_dialog_box	8029579c	104
cutscene_dialog	80295804	292
cutscene_dialog_set_flag	80295928	40
cutscene_dialog_end	80295950	72
cutscene_read_message_start	80295998	144
cutscene_read_message	80295ad8	360
cutscene_read_message_set_flag	80295c40	40
cutscene_read_message_end	80295c68	40
cutscene_exit_succ_start	80295c90	160
cutscene_non_painting_set_cam_pos	80295d30	372
cutscene_non_painting_set_cam_focus	80295ea4	304
cutscene_exit_bowser_succ_focus_left	80295fd4	64
cutscene_exit_bowser_key_toss_shake	80296014	72
cutscene_exit_succ_shake_landing	8029605c	44
cutscene_exit_bowser_succ	80296088	180
cutscene_non_painting_end	8029613c	152
cutscene_exit_non_painting_succ_override_cvar	802961d4	68
cutscene_exit_non_painting_succ	80296218	188
cutscene_non_painting_death_start	802962d4	156
cutscene_exit_bowser_death	80296370	108
cutscene_non_painting_death_override_offset	802963dc	204
cutscene_non_painting_death	802964a8	152
cutscene_cap_switch_press_start	80296540	132
cutscene_cap_switch_press_rotate_around_mario	802965c4	276
cutscene_cap_switch_press_lower_cam	802966d8	72
cutscene_cap_switch_press_approach_mario	80296720	268
cutscene_cap_switch_press_pan_left	8029682c	132
cutscene_cap_switch_press_create_dialog	802968b0	56
cutscene_cap_switch_press	80296920	416
cutscene_unlock_key_door_start	80296ac0	196
cutscene_unlock_key_door_approach_mario	80296b84	132
cutscene_unlock_key_door_focus_lock	80296c08	92
cutscene_unlock_key_door_stub	80296c64	20
cutscene_unlock_key_door_fly_back	80296c78	132
cutscene_unlock_key_door_fov_shake	80296cfc	44
cutscene_unlock_key_door	80296d28	180
intro_peach_move_camera_start_to_pipe	80296ddc	252
peach_letter_text	80296ed8	44
cutscene_intro_peach_start_to_pipe_spline	80296f04	104
cutscene_intro_peach_dialog	80296f6c	144
cutscene_intro_peach_follow_pipe_spline	80296ffc	108
cutscene_intro_peach_clear_cutscene_status	80297068	32
cutscene_intro_peach_zoom_fov	80297088	60
cutscene_intro_peach_reset_spline	802970c4	68
cutscene_intro_peach_handheld_shake_off	80297108	44
intro_pipe_exit_text	80297134	44
cutscene_intro_peach_fly_to_pipe	80297160	164
cutscene_intro_peach_mario_appears	80297204	304
cutscene_intro_peach_reset_fov	80297334	44
cutscene_intro_peach_letter	80297360	220
cutscene_end_waving_start	8029743c	44
cutscene_end_waving	80297468	144
cutscene_credits_reset_spline	802974f8	44
cutscene_credits	80297524	1180
cutscene_sliding_doors_open_start	802979c0	192
cutscene_sliding_doors_open_set_cvars	80297a80	124
cutscene_sliding_doors_go_under_doorway	80297afc	60
cutscene_sliding_doors_fly_back_up	80297b38	60
cutscene_sliding_doors_follow_mario	80297b74	292
cutscene_sliding_doors_open	80297c98	164
cutscene_double_doors_end	80297d3c	72
cutscene_enter_painting_stub	80297d84	20
cutscene_enter_painting	80297d98	764
cutscene_exit_painting_start	80298094	412
cutscene_exit_painting_move_to_mario	80298230	156
cutscene_exit_painting_move_to_floor	802982cc	272
cutscene_exit_painting	802983dc	168
cutscene_unused_exit_start	80298484	140
cutscene_unused_exit_focus_mario	80298510	160
cutscene_exit_painting_end	802985b0	120
cutscene_enter_cannon_end	80298628	88
cutscene_enter_cannon_raise	80298680	588
cutscene_enter_cannon_start	802988cc	280
cutscene_door_start	802989e4	84
cutscene_door_fix_cam	80298a38	84
cutscene_door_loop	80298a8c	72
cutscene_door_move_behind_mario	80298ad4	220
cutscene_door_follow_mario	80298bb0	148
cutscene_door_end	80298c44	164
cutscene_door_mode	80298ce8	228
play_cutscene	80298dcc	3600
cutscene_event	80299bdc	132
cutscene_spawn_obj	80299c60	56
set_fov_shake	80299c98	104
set_fov_shake_from_point	80299d00	180
shake_camera_fov	80299db4	236
set_fov_30	80299ecc	36
approach_fov_20	80299ef0	64
set_fov_45	80299f30	36
set_fov_29	80299f54	36
zoom_fov_30	80299f78	96
fov_default	80299fd8	296
approach_fov_30	8029a13c	60
approach_fov_60	8029a178	60
approach_fov_45	8029a1b4	152
approach_fov_80	8029a24c	60
set_fov_bbh	8029a288	152
geo_camera_fov	8029a320	344
set_fov_function	8029a478	28
cutscene_set_fov_shake_preset	8029a494	128
set_fov_shake_from_point_preset	8029a514	336
obj_rotate_towards_point	8029a7dc	160
intro_peach_set_pos_and_opacity	8029a87c	244
bhv_intro_peach_loop	8029a970	512
intro_lakitu_set_offset_from_camera	8029ab70	204
intro_lakitu_set_focus	8029ac3c	112
intro_lakitu_set_pos_and_focus	8029acac	212
bhv_intro_lakitu_loop	8029ad80	2276
bhv_end_birds_1_loop	8029b664	384
bhv_end_birds_2_loop	8029b7e4	384
spawn_child_obj_relative	8029b964	368
bhv_intro_scene_loop	8029bad4	1296
nop_change_course	8029bff0	16
copy_mario_state_to_object	8029c000	588
spawn_particle	8029c24c	140
bhv_mario_update	8029c2d8	220
update_objects_starting_at	8029c3b4	148
update_objects_during_time_stop	8029c448	352
update_objects_in_list	8029c5a8	112
unload_deactivated_objects_in_list	8029c618	192
set_object_respawn_info_bits	8029c6d8	132
unload_objects_from_area	8029c75c	212
spawn_objects_from_info	8029c830	544
stub_obj_list_processor_1	8029ca50	16
clear_objects	8029ca60	316
update_terrain_objects	8029cb9c	80
update_non_terrain_objects	8029cbec	180
unload_deactivated_objects	8029cca0	168
update_objects	8029cf08	500
geo_update_projectile_pos_from_parent	8029d100	148
geo_update_layer_transparency	8029d194	568
geo_switch_anim_state	8029d3cc	140
geo_switch_area	8029d458	256
obj_update_pos_from_parent_transformation	8029d558	212
obj_apply_scale_to_matrix	8029d62c	216
create_transformation_from_matrices	8029d704	816
obj_set_held_state	8029da34	204
lateral_dist_between_objects	8029db00	124
dist_between_objects	8029db7c	160
cur_obj_forward_vel_approach_upward	8029dc1c	80
approach_f32_signed	8029dc6c	172
approach_f32_symmetric	8029dd18	156
approach_s16_symmetric	8029ddb4	188
cur_obj_rotate_yaw_toward	8029de70	168
obj_angle_to_object	8029df18	128
obj_turn_toward_object	8029df98	424
obj_set_parent_relative_pos	8029e140	88
obj_set_pos	8029e198	88
obj_set_angle	8029e1f0	64
spawn_object_abs_with_rot	8029e230	120
spawn_object_rel_with_rot	8029e2a8	136
spawn_obj_with_transform_flags	8029e330	88
spawn_water_droplet	8029e388	540
spawn_object_at_origin	8029e5a4	172
spawn_object	8029e650	88
try_to_spawn_object	8029e6a8	148
spawn_object_with_scale	8029e73c	104
spawn_object_relative	8029e7e8	152
spawn_object_relative_with_scale	8029e880	116
cur_obj_move_using_vel	8029e8f4	88
obj_copy_graph_y_offset	8029e94c	24
obj_copy_pos_and_angle	8029e964	64
obj_copy_pos	8029e9a4	40
obj_copy_angle	8029e9cc	64
obj_set_gfx_pos_from_pos	8029ea0c	40
obj_init_animation	8029ea34	80
linear_mtxf_mul_vec3f	8029ea84	116
linear_mtxf_transpose_mul_vec3f	8029eaf8	120
obj_apply_scale_to_transform	8029eb70	188
obj_copy_scale	8029ec2c	40
obj_scale_xyz	8029ec54	52
obj_scale	8029ec88	44
cur_obj_scale	8029ecb4	52
cur_obj_init_animation	8029ece8	80
cur_obj_init_animation_with_sound	8029ed38	96
cur_obj_init_animation_with_accel_and_sound	8029ed98	136
obj_init_animation_with_sound	8029ee20	100
cur_obj_enable_rendering_and_become_tangible	8029ee84	32
cur_obj_enable_rendering	8029eea4	36
cur_obj_disable_rendering_and_become_intangible	8029eec8	40
cur_obj_disable_rendering	8029eef0	40
cur_obj_unhide	8029ef18	40
cur_obj_hide	8029ef40	36
cur_obj_set_pos_relative	8029ef64	248
cur_obj_set_pos_relative_to_parent	8029f05c	72
cur_obj_enable_rendering_2	8029f0a4	40
cur_obj_unused_init_on_floor	8029f0cc	164
obj_set_face_angle_to_move_angle	8029f170	40
get_object_list_from_behavior	8029f198	72
cur_obj_nearest_object_with_behavior	8029f1e0	60
cur_obj_dist_to_nearest_object_with_behavior	8029f21c	84
cur_obj_find_nearest_object_with_behavior	8029f270	304
find_unimportant_object	8029f3a0	76
count_unimportant_objects	8029f3ec	116
count_objects_with_behavior	8029f460	192
cur_obj_find_nearby_held_actor	8029f520	240
cur_obj_change_action	8029f638	76
cur_obj_set_vel_from_mario_vel	8029f684	108
cur_obj_reverse_animation	8029f6f0	56
cur_obj_extend_animation_if_at_end	8029f728	96
cur_obj_check_if_near_animation_end	8029f788	160
cur_obj_check_if_at_animation_end	8029f828	100
cur_obj_check_anim_frame	8029f88c	72
cur_obj_check_anim_frame_in_range	8029f8d4	92
cur_obj_check_frame_prior_current_frame	8029f930	104
mario_is_in_air_action	8029f998	64
mario_is_dive_sliding	8029f9d8	68
cur_obj_set_y_vel_and_animation	8029fa1c	64
cur_obj_unrender_set_action_and_anim	8029fa5c	92
cur_obj_get_thrown_or_placed	8029fc04	244
cur_obj_get_dropped	8029fcf8	76
cur_obj_set_model	8029fd44	48
mario_set_flag	8029fd74	36
cur_obj_clear_interact_status_flag	8029fd98	84
obj_mark_for_deletion	8029fdec	20
cur_obj_disable	8029fe00	56
cur_obj_become_intangible	8029fe38	32
cur_obj_become_tangible	8029fe58	28
obj_become_tangible	8029fe74	20
cur_obj_update_floor_height	8029fe88	72
cur_obj_update_floor_height_and_get_floor	8029fed0	80
cur_obj_apply_drag_xz	802a0020	76
cur_obj_move_y	802a06ec	632
cur_obj_unused_resolve_wall_collisions	802a09c0	108
abs_angle_diff	802a0a2c	100
cur_obj_move_xz_using_fvel_and_yaw	802a0a90	152
cur_obj_move_y_with_terminal_vel	802a0b28	100
cur_obj_compute_vel_xz	802a0b8c	104
increment_velocity_toward_range	802a0bf4	180
obj_check_if_collided_with_object	802a0ca8	104
cur_obj_set_behavior	802a0d10	56
obj_set_behavior	802a0d48	56
cur_obj_has_behavior	802a0d80	88
obj_has_behavior	802a0dd8	88
cur_obj_lateral_dist_from_mario_to_home	802a0e30	136
cur_obj_lateral_dist_to_home	802a0eb8	120
cur_obj_outside_home_square	802a0f30	200
cur_obj_outside_home_rectangle	802a0ff8	216
cur_obj_set_pos_to_home	802a10d0	64
cur_obj_set_pos_to_home_and_stop	802a1110	80
cur_obj_shake_y	802a1160	84
cur_obj_start_cam_event	802a11b4	48
set_mario_interact_true_if_in_range	802a11e4	76
obj_set_billboard	802a1230	28
cur_obj_set_hitbox_radius_and_height	802a124c	40
cur_obj_set_hurtbox_radius_and_height	802a1274	40
obj_spawn_loot_blue_coins	802a13b8	88
obj_spawn_loot_yellow_coins	802a1410	80
cur_obj_spawn_loot_coin_at_mario_pos	802a1460	140
cur_obj_abs_y_dist_to_home	802a14ec	92
cur_obj_advance_looping_anim	802a1548	184
cur_obj_resolve_wall_collisions	802a17c0	440
cur_obj_update_floor_and_walls	802a1b78	40
cur_obj_move_standard	802a1ba0	392
cur_obj_move_using_vel_and_gravity	802a1e0c	144
cur_obj_move_using_fvel_and_gravity	802a1e9c	48
obj_set_pos_relative	802a1ecc	212
cur_obj_angle_to_home	802a1fa0	104
obj_set_gfx_pos_at_obj_pos	802a2008	84
obj_translate_local	802a205c	300
obj_build_transform_from_pos_and_angle	802a2188	232
obj_set_throw_matrix_from_transform	802a2270	108
obj_build_transform_relative_to_parent	802a22dc	164
obj_create_transform_from_self	802a2380	68
cur_obj_rotate_move_angle_using_vel	802a23c4	88
cur_obj_rotate_face_angle_using_vel	802a241c	88
cur_obj_set_face_angle_to_move_angle	802a2474	64
cur_obj_follow_path	802a24b4	632
chain_segment_init	802a272c	64
random_f32_around_zero	802a276c	72
obj_scale_random	802a27b4	100
obj_translate_xyz_random	802a2818	204
obj_translate_xz_random	802a28e4	152
cur_obj_set_pos_via_transform	802a2a38	136
cur_obj_reflect_move_angle_off_wall	802a2ac0	68
cur_obj_spawn_particles	802a2b04	504
obj_set_hitbox	802a2cfc	352
signum_positive	802a2e5c	48
absf	802a2e8c	64
absi	802a2ecc	48
cur_obj_wait_then_blink	802a2efc	176
cur_obj_is_mario_ground_pounding_platform	802a2fac	88
spawn_mist_particles	802a3004	48
spawn_mist_particles_with_sound	802a3034	60
cur_obj_push_mario_away	802a3070	244
cur_obj_push_mario_away_from_cylinder	802a3164	144
bhv_dust_smoke_loop	802a31f4	160
cur_obj_set_action_table	802a32a4	60
cur_obj_progress_action_table	802a32e0	160
stub_obj_helpers_3	802a3380	24
cur_obj_scale_over_time	802a3398	216
cur_obj_set_pos_to_home_with_debug	802a3470	212
stub_obj_helpers_4	802a3544	16
cur_obj_is_mario_on_platform	802a3554	68
cur_obj_shake_y_until	802a3598	148
jiggle_bbh_stair	802a362c	92
cur_obj_call_action_function	802a3688	80
spawn_base_star_with_no_lvl_exit	802a3750	44
bit_shift_left	802a377c	36
cur_obj_mario_far_away	802a37a0	260
is_mario_moving_fast_or_in_air	802a38a4	108
is_item_in_array	802a3910	88
bhv_init_room	802a3978	240
cur_obj_enable_rendering_if_mario_in_room	802a3a68	336
cur_obj_set_hitbox_and_die_if_attacked	802a3bb8	224
obj_explode_and_spawn_coins	802a3c98	180
obj_set_collision_data	802a3d4c	56
cur_obj_if_hit_wall_bounce_away	802a3d84	56
cur_obj_hide_if_mario_far_away_y	802a3dbc	128
geo_offset_klepto_held_object	802a3e3c	72
geo_offset_klepto_debug	802a3e84	160
obj_is_hidden	802a3f24	56
enable_time_stop	802a3f5c	36
disable_time_stop	802a3f80	40
set_time_stop_flags	802a3fa8	36
clear_time_stop_flags	802a3fcc	44
cur_obj_can_mario_activate_textbox	802a3ff8	284
cur_obj_can_mario_activate_textbox_2	802a4114	64
cur_obj_update_dialog	802a41b8	620
cur_obj_update_dialog_with_cutscene	802a4424	776
cur_obj_has_model	802a472c	84
cur_obj_align_gfx_with_floor	802a4780	220
mario_is_within_rectangle	802a485c	200
cur_obj_shake_screen	802a4924	64
obj_attack_collided_from_other_object	802a4964	112
cur_obj_was_attacked_or_ground_pounded	802a49d4	124
obj_copy_behavior_params	802a4a50	32
cur_obj_init_animation_and_anim_frame	802a4a70	64
cur_obj_init_animation_and_check_if_near_end	802a4ab0	60
cur_obj_init_animation_and_extend_if_at_end	802a4aec	52
cur_obj_check_grabbed_mario	802a4b20	96
player_performed_grab_escape_action	802a4b80	180
cur_obj_unused_play_footstep_sound	802a4c34	84
enable_time_stop_including_mario	802a4c88	56
disable_time_stop_including_mario	802a4cc0	64
cur_obj_check_interacted	802a4d00	76
cur_obj_spawn_loot_blue_coin	802a4d4c	100
star_door_update_pos	802a4db0	156
bhv_star_door_loop	802a4e4c	544
bhv_piranha_particle_loop	802a506c	160
mr_i_piranha_particle_act_0	802a510c	200
mr_i_piranha_particle_act_1	802a51d4	92
bhv_mr_i_particle_loop	802a5230	44
spawn_mr_i_particle	802a525c	264
bhv_mr_i_body_loop	802a5364	376
mr_i_act_3	802a54dc	1996
mr_i_act_2	802a5ca8	904
mr_i_act_1	802a6030	568
mr_i_act_0	802a6268	176
bhv_mr_i_loop	802a6318	164
bhv_pole_init	802a63bc	84
bhv_giant_pole_loop	802a6410	128
bhv_thi_huge_island_top_loop	802a6490	112
bhv_thi_tiny_island_top_loop	802a6500	384
cap_switch_act_0	802a6680	316
cap_switch_act_1	802a67bc	108
cap_switch_act_2	802a6828	212
cap_switch_act_3	802a68fc	16
bhv_cap_switch_loop	802a690c	44
geo_update_held_mario_pos	802a6938	148
bhv_bobomb_anchor_mario_loop	802a69cc	52
king_bobomb_act_0	802a6a00	248
mario_is_far_below_object	802a6af8	84
king_bobomb_act_2	802a6b4c	448
king_bobomb_act_3	802a6d0c	620
king_bobomb_act_1	802a6f78	212
king_bobomb_act_6	802a704c	392
king_bobomb_act_7	802a71d4	212
king_bobomb_act_8	802a72a8	64
king_bobomb_act_4	802a72e8	440
king_bobomb_act_5	802a74a0	680
king_bobomb_move	802a7748	168
bhv_king_bobomb_loop	802a77f0	264
bhv_beta_chest_bottom_init	802a78f8	124
bhv_beta_chest_bottom_loop	802a7974	52
bhv_beta_chest_lid_loop	802a79a8	340
bhv_water_air_bubble_init	802a7afc	48
bhv_water_air_bubble_loop	802a7b2c	656
bhv_bubble_wave_init	802a7dbc	140
scale_bubble_random	802a7e48	80
bhv_bubble_maybe_loop	802a7e98	408
bhv_small_water_wave_loop	802a8030	404
scale_bubble_sin	802a81c4	224
bhv_particle_init	802a82a4	168
bhv_particle_loop	802a834c	200
bhv_small_bubbles_loop	802a8414	84
bhv_fish_group_loop	802a8468	108
bhv_water_waves_init	802a84d4	80
bhv_cannon_base_unused_loop	802a8524	40
opened_cannon_act_0	802a854c	384
opened_cannon_act_4	802a86cc	468
opened_cannon_act_6	802a88a0	488
opened_cannon_act_5	802a8a88	252
opened_cannon_act_1	802a8b84	72
opened_cannon_act_2	802a8bcc	32
opened_cannon_act_3	802a8bec	56
bhv_cannon_base_loop	802a8c24	96
bhv_cannon_barrel_loop	802a8c84	148
common_anchor_mario_behavior	802a8d18	380
bhv_chuckya_anchor_mario_loop	802a8e94	52
unknown_chuckya_function	802a8ec8	392
approach_forward_vel	802a9050	208
chuckya_act_0	802a9120	884
chuckya_act_1	802a9494	588
chuckya_act_3	802a96e0	116
chuckya_act_2	802a9754	100
chuckya_move	802a97b8	128
bhv_chuckya_loop	802a9838	268
bhv_wf_breakable_wall_loop	802a9944	200
check_mario_attacking	802a9a0c	328
init_kickable_board_rock	802a9b54	44
bhv_kickable_board_loop	802a9b80	780
bhv_tower_door_loop	802a9e8c	116
bhv_wf_rotating_wooden_platform_loop	802a9f00	188
bhv_rotating_platform_loop	802a9fbc	280
set_koopa_shell_underwater_hitbox	802aa0d4	52
bhv_koopa_shell_underwater_loop	802aa108	228
bhv_warp_loop	802aa1ec	244
bhv_fading_warp_loop	802aa2e0	244
bhv_white_puff_exploding_loop	802aa3d4	580
spawn_mist_particles_variable	802aa618	188
bhv_spawned_star_init	802aa6d4	180
set_sparkle_spawn_star_hitbox	802aa788	100
set_home_to_mario	802aa7ec	248
set_y_home_to_pos	802aa8e4	52
slow_star_rotation	802aa918	60
bhv_spawned_star_loop	802aa954	912
bhv_spawn_star_no_level_exit	802aace4	112
bhv_coin_sparkles_init	802aad54	136
bhv_yellow_coin_init	802aaddc	188
bhv_yellow_coin_loop	802aae98	60
bhv_temp_coin_loop	802aaed4	92
bhv_spawned_coin_init	802aaf30	188
bhv_spawned_coin_loop	802aafec	436
bhv_coin_formation_spawn_loop	802ab1a0	452
spawn_coin_in_formation	802ab364	736
bhv_coin_formation_init	802ab644	40
bhv_coin_formation_loop	802ab66c	348
coin_inside_boo_act_1	802ab7c8	244
coin_inside_boo_act_0	802ab8bc	312
bhv_coin_inside_boo_loop	802ab9f4	44
bhv_coin_sparkles_loop	802aba20	44
bhv_golden_coin_sparkles_loop	802aba4c	188
bhv_punch_tiny_triangle_loop	802abb08	248
bhv_punch_tiny_triangle_init	802abc00	276
bhv_wall_tiny_star_particle_loop	802abd14	196
bhv_tiny_star_particles_init	802abdd8	276
bhv_pound_tiny_star_particle_loop	802abeec	216
bhv_pound_tiny_star_particle_init	802abfc4	172
door_animation_and_reset	802ac070	72
set_door_camera_event	802ac0b8	120
play_door_open_noise	802ac130	156
play_warp_door_open_noise	802ac1cc	92
bhv_door_loop	802ac228	372
bhv_door_init	802ac39c	580
bhv_star_door_loop_2	802ac5e0	504
grindel_thwomp_act_idle_at_bottom	802ac7d8	148
grindel_thwomp_act_lower	802ac86c	152
grindel_thwomp_act_land	802ac904	148
grindel_thwomp_act_idle_at_top	802ac998	152
grindel_thwomp_act_raise	802aca30	124
bhv_grindel_thwomp_loop	802acaac	44
bhv_tumbling_bridge_platform_loop	802acad8	520
tumbling_bridge_act_1	802acce0	492
tumbling_bridge_act_2	802acecc	136
tumbling_bridge_act_3	802acf54	52
tumbling_bridge_act_0	802acf88	104
bhv_tumbling_bridge_loop	802acff0	44
elevator_starting_shake	802ad01c	52
elevator_act_0	802ad050	348
elevator_act_1	802ad1ac	316
elevator_act_2	802ad2e8	348
elevator_act_4	802ad444	140
elevator_act_3	802ad4d0	136
bhv_elevator_init	802ad558	372
bhv_elevator_loop	802ad6cc	44
bhv_water_mist_spawn_loop	802ad6f8	64
bhv_water_mist_loop	802ad738	244
spawn_triangle_break_particles	802ad82c	364
bhv_water_mist_2_loop	802ad998	204
bhv_pound_white_puffs_init	802ada64	48
spawn_mist_from_global	802ada94	44
bhv_ground_sand_init	802adac0	52
spawn_smoke_with_velocity	802adaf4	200
clear_particle_flags	802adbbc	48
bhv_ground_snow_init	802adbec	52
spawn_wind_particles	802adc20	116
bhv_wind_loop	802adc94	808
bhv_unused_particle_spawn_loop	802adfbc	172
bhv_ukiki_cage_star_loop	802ae068	356
ukiki_cage_act_wait_for_ukiki	802ae1cc	76
ukiki_cage_act_spin	802ae218	100
ukiki_cage_act_fall	802ae27c	88
ukiki_cage_act_hide	802ae2d4	40
bhv_ukiki_cage_loop	802ae2fc	44
bhv_squishable_platform_loop	802ae328	120
bhv_bitfs_sinking_platform_loop	802ae3a0	104
bhv_ddd_moving_pole_loop	802ae408	52
bhv_bitfs_sinking_cage_platform_loop	802ae43c	228
bhv_beta_moving_flames_spawn_loop	802ae520	228
bhv_beta_moving_flames_loop	802ae604	120
bhv_flamethrower_flame_loop	802ae67c	716
bhv_flamethrower_loop	802ae948	532
bhv_rr_rotating_bridge_platform_loop	802aeb5c	76
bhv_bouncing_fireball_flame_loop	802aeba8	432
bhv_bouncing_fireball_loop	802aed58	460
bhv_bowser_shock_wave_loop	802aef24	520
bhv_black_smoke_upward_loop	802af12c	64
bhv_black_smoke_bowser_loop	802af16c	216
bhv_black_smoke_mario_loop	802af244	276
bhv_flame_mario_loop	802af358	236
bhv_beta_fish_splash_spawner_loop	802af444	56
bhv_spindrift_loop	802af47c	460
bhv_wf_solid_tower_platform_loop	802af648	72
bhv_wf_elevator_tower_platform_loop	802af690	436
bhv_wf_sliding_tower_platform_loop	802af844	352
spawn_and_init_wf_platforms	802af9a4	344
spawn_wf_platform_group	802afafc	280
bhv_tower_platform_group_loop	802afc14	352
bhv_tree_snow_or_leaf_loop	802afd74	864
bhv_snow_leaf_particle_spawn_init	802b00d4	552
square_plat_set_yaw_until_timer	802b02fc	80
bhv_squarish_path_moving_loop	802b034c	348
bhv_piranha_plant_waking_bubbles_loop	802b04a8	168
bhv_piranha_plant_bubble_loop	802b0550	1160
bhv_purple_switch_loop	802b09d8	636
check_if_moving_over_floor	802b0c54	244
bhv_pushable_loop	802b0d48	300
breakable_box_init	802b0e74	224
hidden_breakable_box_actions	802b0f54	484
hidden_wdw_platform_actions	802b1138	264
bhv_hidden_object_loop	802b1240	76
bhv_breakable_box_loop	802b128c	132
geo_move_mario_part_from_parent	802b1310	164
bhv_heave_ho_throw_mario_loop	802b13b4	296
heave_ho_act_1	802b14dc	240
heave_ho_act_2	802b15cc	392
heave_ho_act_3	802b1754	172
heave_ho_act_0	802b1800	180
heave_ho_move	802b18b4	292
bhv_heave_ho_loop	802b19d8	200
bhv_ccm_touched_star_spawn_loop	802b1aa0	160
bhv_unused_poundable_platform	802b1b40	180
bhv_beta_trampoline_spring_loop	802b1bf4	280
bhv_beta_trampoline_top_loop	802b1d0c	248
jumping_box_act_0	802b1e04	308
jumping_box_act_1	802b1f38	76
jumping_box_free_update	802b1f84	104
bhv_jumping_box_loop	802b1fec	300
bhv_boo_cage_loop	802b2118	528
spawn_sparkle_particles	802b2328	328
bhv_alpha_boo_key_loop	802b2470	156
bhv_beta_boo_key_loop	802b2868	44
arc_to_goal_pos	802b2894	284
grand_star_zero_velocity	802b29b0	76
bhv_grand_star_loop	802b29fc	868
bhv_bowser_key_loop	802b2d60	440
bhv_white_puff_smoke_init	802b2f18	88
bhv_bullet_bill_init	802b2f70	32
bullet_bill_act_0	802b2f90	136
bullet_bill_act_1	802b3018	148
bullet_bill_act_2	802b30ac	444
bullet_bill_act_3	802b3268	28
bullet_bill_act_4	802b3284	188
bhv_bullet_bill_loop	802b3340	76
bowser_tail_anchor_act_default	802b338c	176
bowser_tail_anchor_thrown	802b343c	52
bowser_tail_anchor_act_touched_mario	802b3470	100
bhv_bowser_tail_anchor_loop	802b34d4	128
bhv_bowser_flame_spawn_loop	802b3554	652
bhv_bowser_body_anchor_loop	802b37e0	212
bowser_spawn_shockwave	802b38b4	120
bowser_bounce_effects	802b392c	140
bowser_set_anim_look_up_and_walk	802b39b8	120
bowser_set_anim_slow_gait	802b3a30	104
bowser_set_anim_look_down_stop_walk	802b3a98	116
bowser_init_camera_actions	802b3b0c	156
bowser_act_wait	802b3ba8	68
bowser_act_intro_walk	802b3bec	224
bowser_bitdw_actions	802b3d24	288
bowser_bitfs_actions	802b3e44	408
bowser_bits_action_list	802b3fdc	328
bowser_set_act_big_jump	802b4124	32
bowser_bits_actions	802b4144	184
bowser_act_idle	802b41fc	60
bowser_act_default	802b4238	188
bowser_act_breath_fire	802b42f4	112
bowser_act_walk_to_mario	802b4364	492
bowser_act_teleport	802b4550	516
bowser_act_spit_fire_into_sky	802b4754	276
bowser_act_hit_mine	802b4868	476
bowser_set_anim_jump	802b4a44	80
bowser_land	802b4a94	272
bowser_short_second_hop	802b4ba4	120
bowser_act_big_jump	802b4c1c	408
bowser_act_quick_jump	802b4db4	292
bowser_act_hit_edge	802b4ed8	272
bowser_act_spit_fire_onto_floor	802b4fe8	288
bowser_turn_on_timer	802b5108	276
bowser_act_turn_from_edge	802b521c	64
bowser_act_charge_mario	802b525c	812
bowser_check_hit_mine	802b5588	128
bowser_act_thrown	802b5608	304
bowser_set_goal_invisible	802b5738	116
bowser_act_jump_onto_stage	802b57ac	1124
bowser_act_dance	802b5c10	104
bowser_spawn_collectable	802b5c78	160
bowser_fly_back_dead	802b5d18	192
bowser_dead_bounce	802b5dd8	164
bowser_dead_wait_for_mario	802b5e7c	164
bowser_dead_twirl_up	802b5f20	408
bowser_dead_hide	802b60b8	104
bowser_dead_default_stage_ending	802b6120	308
bowser_dead_final_stage_ending	802b6254	324
bowser_act_dead	802b6398	336
bowser_tilt_platform	802b64e8	160
bowser_act_tilt_lava_platform	802b6588	572
bowser_check_fallen_off_stage	802b67c4	200
bowser_free_update	802b688c	240
bowser_held_update	802b697c	324
bowser_thrown_dropped_update	802b6ac0	396
bhv_bowser_loop	802b6c4c	724
bhv_bowser_init	802b6f20	276
geo_update_body_rot_from_parent	802b7034	148
bowser_open_eye_switch	802b70c8	580
geo_switch_bowser_eyes	802b730c	224
geo_bits_bowser_coloring	802b73ec	292
falling_bowser_plat_act_start	802b7510	136
falling_bowser_plat_act_check	802b7598	308
falling_bowser_plat_act_fall	802b76cc	864
bhv_falling_bowser_platform_loop	802b7a2c	44
bowser_flame_despawn	802b7a58	132
bowser_flame_should_despawn	802b7adc	120
bhv_flame_bowser_init	802b7b54	260
bhv_flame_large_burning_out_init	802b7c58	164
bowser_flame_move	802b7cfc	224
bhv_flame_bowser_loop	802b7ddc	556
bhv_flame_moving_forward_growing_init	802b8008	140
bhv_flame_moving_forward_growing_loop	802b8094	304
bhv_flame_floating_landing_init	802b81c4	284
bhv_flame_floating_landing_loop	802b82e0	304
bhv_blue_bowser_flame_init	802b8410	276
bhv_blue_bowser_flame_loop	802b8524	440
bhv_flame_bouncing_init	802b86dc	184
bhv_flame_bouncing_loop	802b8794	304
bhv_blue_flames_group_loop	802b88c4	320
bhv_blue_fish_movement_loop	802b8a04	1076
bhv_tank_fish_group_loop	802b8e38	324
vec3f_copy_2	802b8f7c	40
bhv_checkerboard_elevator_group_init	802b8fa4	380
checkerboard_plat_act_move_y	802b9120	128
checkerboard_plat_act_rotate	802b91a0	188
bhv_checkerboard_platform_init	802b925c	36
bhv_checkerboard_platform_loop	802b9280	700
bhv_ddd_warp_loop	802b953c	104
water_level_pillar_undrained	802b95a4	576
water_level_pillar_drained	802b97e4	96
bhv_water_level_pillar_init	802b9844	68
bhv_water_level_pillar_loop	802b9888	124
bhv_invisible_objects_under_bridge_init	802b9904	84
geo_scale_bowser_key	802b9958	72
bhv_bowser_key_unlock_door_loop	802b99a0	352
bhv_bowser_key_course_exit_loop	802b9b00	356
bhv_moat_grills_loop	802b9c64	76
bhv_rotating_clock_arm_loop	802b9cb0	472
handle_cap_ukiki_reset	802b9e88	136
is_cap_ukiki_and_mario_has_normal_cap_on_head	802b9f10	92
geo_update_projectile_pos_from_parent_copy	802b9f6c	148
idle_ukiki_taunt	802ba000	548
ukiki_act_idle	802ba224	708
ukiki_act_return_home	802ba4e8	132
ukiki_act_wait_to_respawn	802ba56c	76
ukiki_act_unused_turn	802ba5b8	84
ukiki_act_turn_to_mario	802ba60c	280
ukiki_act_run	802ba724	524
ukiki_act_jump	802ba930	304
ukiki_act_go_to_cage	802baa60	992
ukiki_free_loop	802bae40	160
cage_ukiki_held_loop	802baf30	436
cap_ukiki_held_loop	802bb0e4	348
bhv_ukiki_init	802bb240	116
bhv_ukiki_loop	802bb2b4	352
lll_octagonal_mesh_move	802bb414	620
lll_octagonal_mesh_find_y_offset	802bb680	280
bhv_lll_moving_octagonal_mesh_platform_loop	802bb798	316
bhv_lll_sinking_rock_block_loop	802bb8d4	104
bhv_lll_rotating_hex_flame_loop	802bb93c	180
fire_bar_spawn_flames	802bb9f0	428
fire_bar_act_0	802bbb9c	68
fire_bar_act_1	802bbbe0	88
fire_bar_act_2	802bbc38	108
fire_bar_act_3	802bbca4	28
bhv_lll_rotating_block_fire_bars_loop	802bbcc0	72
bhv_lll_wood_piece_loop	802bbd08	200
bhv_lll_floating_wood_bridge_loop	802bbdd0	368
bhv_volcano_flames_loop	802bbf40	156
hexagonal_ring_spawn_flames	802bbfdc	320
bhv_lll_rotating_hexagonal_ring_loop	802bc11c	628
sinking_rectangular_plat_actions	802bc390	192
bhv_lll_sinking_rectangular_platform_loop	802bc450	176
bhv_lll_sinking_square_platforms_loop	802bc500	68
create_transform_from_normals	802bc544	164
bhv_platform_normals_init	802bc5e8	132
approach_by_increment	802bc66c	148
bhv_tilting_inverted_pyramid_loop	802bc700	908
koopa_shell_spawn_water_drop	802bca8c	164
bhv_koopa_shell_flame_loop	802bcb30	340
bhv_koopa_shell_flame_spawn	802bcc84	80
koopa_shell_spawn_sparkles	802bccd4	84
bhv_koopa_shell_loop	802bcd28	592
tox_box_shake_screen	802bcf78	76
tox_box_move	802bcfc4	488
tox_box_act_roll_forward	802bd1ac	56
tox_box_act_roll_backward	802bd1e4	56
tox_box_act_roll_right	802bd21c	56
tox_box_act_roll_left	802bd254	56
tox_box_act_roll_land	802bd28c	152
tox_box_act_idle	802bd324	76
tox_box_act_unused_idle	802bd370	76
tox_box_act_init	802bd3bc	84
bhv_tox_box_loop	802bd410	52
piranha_plant_act_idle	802bd444	100
piranha_plant_check_interactions	802bd4a8	220
piranha_plant_act_sleeping	802bd584	316
piranha_plant_act_woken_up	802bd6c0	116
piranha_plant_attacked	802bd734	92
piranha_plant_act_shrink_and_die	802bd790	220
piranha_plant_act_wait_to_respawn	802bd86c	68
piranha_plant_act_respawn	802bd8b0	216
piranha_plant_act_biting	802bd988	332
mario_moving_fast_enough_to_make_piranha_plant_bite	802bdad4	112
piranha_plant_act_stopped_biting	802bdb44	148
bhv_piranha_plant_loop	802bdbd8	136
bhv_lll_bowser_puzzle_spawn_piece	802bdc60	172
bhv_lll_bowser_puzzle_spawn_pieces	802bdd0c	200
bhv_lll_bowser_puzzle_loop	802bddd4	268
bhv_lll_bowser_puzzle_piece_action_0	802bdee0	16
bhv_lll_bowser_puzzle_piece_action_1	802bdef0	60
bhv_lll_bowser_puzzle_piece_update	802bdf2c	232
bhv_lll_bowser_puzzle_piece_move	802be014	312
bhv_lll_bowser_puzzle_piece_idle	802be14c	64
bhv_lll_bowser_puzzle_piece_move_left	802be18c	56
bhv_lll_bowser_puzzle_piece_move_right	802be1c4	56
bhv_lll_bowser_puzzle_piece_move_up	802be1fc	56
bhv_lll_bowser_puzzle_piece_move_down	802be234	56
bhv_lll_bowser_puzzle_piece_loop	802be26c	124
set_obj_anim_with_accel_and_sound	802be2e8	204
play_penguin_walking_sound	802be3b4	112
tuxies_mother_act_2	802be424	416
tuxies_mother_act_1	802be5c4	584
tuxies_mother_act_0	802be80c	488
bhv_tuxies_mother_loop	802be9f4	100
small_penguin_dive_with_mario	802bea58	80
small_penguin_act_2	802beaa8	264
small_penguin_act_1	802bebb0	204
small_penguin_act_3	802bec7c	156
small_penguin_act_4	802bed18	124
small_penguin_act_0	802bed94	428
small_penguin_act_5	802bef40	264
small_penguin_free_actions	802bf048	116
bhv_small_penguin_loop	802bf0bc	292
geo_switch_tuxie_mother_eyes	802bf1e0	300
bhv_fish_spawner_loop	802bf570	44
bhv_fish_loop	802bfd9c	320
bhv_wdw_express_elevator_loop	802bfedc	516
bub_spawner_act_0	802c00e0	164
bub_spawner_act_1	802c0184	84
bub_spawner_act_2	802c01d8	32
bub_spawner_act_3	802c01f8	28
bhv_bub_spawner_loop	802c0214	44
bub_move_vertically	802c0240	200
bub_act_0	802c0308	112
bub_act_1	802c0378	588
bub_act_2	802c05c4	628
bhv_bub_loop	802c0838	188
bhv_rotating_exclamation_box_loop	802c08f4	72
exclamation_box_act_0	802c093c	228
exclamation_box_act_1	802c0a20	196
exclamation_box_act_2	802c0ae4	264
exclamation_box_act_3	802c0bec	516
exclamation_box_spawn_contents	802c0df0	276
exclamation_box_act_4	802c0f04	184
exclamation_box_act_5	802c0fbc	56
bhv_exclamation_box_loop	802c0ff4	60
bhv_sound_spawner_init	802c1030	68
bhv_bowsers_sub_loop	802c1074	64
bhv_sushi_shark_collision_loop	802c10b4	16
bhv_sushi_shark_loop	802c10c4	436
bhv_sunken_ship_part_loop	802c1278	144
bhv_ship_part_3_loop	802c1308	316
bhv_jrb_sliding_box_loop	802c1444	896
bhv_white_puff_1_loop	802c17c4	228
bhv_white_puff_2_loop	802c18a8	68
bhv_hidden_blue_coin_loop	802c18ec	372
bhv_blue_coin_switch_loop	802c1a60	528
bhv_openable_cage_door_loop	802c1c70	188
bhv_openable_grill_loop	802c1d2c	568
bhv_init_changing_water_level_loop	802c1f64	244
bhv_water_level_diamond_loop	802c2058	708
tweester_scale_and_move	802c231c	468
tweester_act_idle	802c24f0	256
tweester_act_chase	802c25f0	520
tweester_act_hide	802c27f8	216
bhv_tweester_loop	802c28d0	76
bhv_tweester_sand_particle_loop	802c291c	268
bhv_boo_init	802c2a74	32
bhv_courtyard_boo_triplet_init	802c2cb8	196
bhv_boo_loop	802c3e44	156
bhv_big_boo_loop	802c4538	128
bhv_boo_with_cage_init	802c4764	120
bhv_boo_with_cage_loop	802c47dc	80
bhv_merry_go_round_boo_manager_loop	802c482c	436
obj_set_secondary_camera_focus	802c49e0	32
bhv_animated_texture_loop	802c4a00	40
bhv_boo_in_castle_loop	802c4a28	628
bhv_boo_staircase	802c4c9c	520
bhv_bbh_tilting_trap_platform_loop	802c4ea4	308
bhv_haunted_bookshelf_loop	802c4fd8	284
bhv_merry_go_round_loop	802c5248	280
bhv_static_checkered_platform_loop	802c5360	392
bhv_beta_bowser_anchor_loop	802c54e8	148
bhv_floor_trap_in_castle_loop	802c557c	92
bhv_castle_floor_trap_init	802c55d8	164
bhv_castle_floor_trap_open_detect	802c567c	132
bhv_castle_floor_trap_open	802c5700	164
bhv_castle_floor_trap_close_detect	802c57a4	68
bhv_castle_floor_trap_close	802c57e8	108
bhv_castle_floor_trap_rotate	802c5854	32
bhv_castle_floor_trap_loop	802c5874	160
bhv_pole_base_loop	802c5914	188
bhv_sparkle_spawn_loop	802c59d0	148
update_angle_from_move_flags	802c5a64	136
bhv_scuttlebug_loop	802c5aec	1452
bhv_scuttlebug_spawn_loop	802c6098	308
whomp_play_sfx_from_pound_animation	802c61cc	204
whomp_init	802c6298	348
whomp_turn	802c63f4	232
whomp_patrol	802c64dc	348
king_whomp_chase	802c6638	328
whomp_prepare_jump	802c6780	96
whomp_jump	802c67e0	204
whomp_land	802c68ac	168
king_whomp_on_ground	802c6954	468
whomp_on_ground	802c6b28	216
whomp_on_ground_general	802c6c00	388
whomp_die	802c6d84	320
king_whomp_stop_music	802c6ec4	64
bhv_whomp_loop	802c6f04	152
bhv_water_splash_spawn_droplets	802c6f9c	164
bhv_water_droplet_loop	802c7040	408
bhv_idle_water_wave_loop	802c71d8	148
bhv_water_droplet_splash_init	802c726c	80
bhv_bubble_splash_init	802c72bc	108
bhv_shallow_water_splash_init	802c7328	96
bhv_wave_trail_shrink	802c7388	316
bhv_strong_wind_particle_loop	802c74c4	540
cur_obj_spawn_strong_wind_particles	802c76e0	408
bhv_sl_snowman_wind_loop	802c7878	600
bhv_sl_walking_penguin_loop	802c7b68	948
update_mario_platform	802c7f20	348
get_mario_pos	802c807c	64
set_mario_pos	802c80bc	60
apply_platform_displacement	802c80f8	760
apply_mario_platform_displacement	802c83f0	104
debug_print_obj_collision	802c8460	164
detect_object_hitbox_overlap	802c8504	520
detect_object_hurtbox_overlap	802c870c	412
clear_object_collision	802c88a8	112
check_collision_in_list	802c8918	180
check_player_object_collision	802c89cc	264
check_pushable_object_collision	802c8ad4	124
check_destructive_object_collision	802c8b50	244
detect_object_collisions	802c8c44	164
unused_init_free_list	802c8cf0	112
unused_try_allocate	802c8d60	100
try_allocate_object	802c8dc4	172
unused_deallocate	802c8e70	52
init_free_object_list	802c8ed8	132
clear_object_lists	802c8f5c	156
unload_object	802c9088	152
allocate_object	802c9120	604
create_object	802c9424	292
mark_obj_for_deletion	802c9548	20
exec_anim_sound_state	802c9560	260
create_sound_spawner	802c9664	76
cur_obj_play_sound_1	802c96b0	80
cur_obj_play_sound_2	802c9700	80
calc_dist_to_volume_range_1	802c9750	164
calc_dist_to_volume_range_2	802c97f4	156
stub_debug_1	802c9890	16
stub_debug_2	802c98a0	16
stub_debug_3	802c98b0	16
stub_debug_4	802c98c0	16
get_current_clock	802c98d0	48
get_clock_difference	802c9900	56
set_print_state_info	802c9938	72
print_text_array_info	802c9980	188
set_text_array_x_y	802c9a3c	76
print_debug_bottom_up	802c9a88	80
print_debug_top_down_objectinfo	802c9ad8	96
print_debug_top_down_mapinfo	802c9b38	104
print_debug_top_down_normal	802c9ba0	80
print_mapinfo	802c9bf0	536
print_checkinfo	802c9e08	48
print_surfaceinfo	802c9e38	52
print_stageinfo	802c9e6c	68
print_string_array_info	802c9eb0	220
print_effectinfo	802c9f8c	60
print_enemyinfo	802c9fc8	60
update_debug_dpadmask	802ca004	200
debug_unknown_level_select_check	802ca0cc	116
reset_debug_objectinfo	802ca140	168
try_modify_debug_controls	802ca3bc	532
stub_debug_5	802ca5d0	16
try_print_debug_mario_object_info	802ca5e0	256
try_print_debug_mario_level_info	802ca6e0	164
try_do_mario_debug_object_spawn	802ca784	304
debug_print_obj_move_flags	802ca8b4	464
debug_enemy_unknown	802caa84	80
set_and_reset_transition_fade_timer	802caae0	128
set_transition_color_fade_alpha	802cab60	596
vertex_transition_color	802cadb4	388
dl_transition_color	802caf38	428
render_fade_transition_from_color	802cb0e4	92
render_fade_transition_into_color	802cb140	92
calc_tex_transition_radius	802cb19c	216
calc_tex_transition_time	802cb274	272
convert_tex_transition_angle_to_pos	802cb384	124
center_tex_transition_x	802cb400	132
center_tex_transition_y	802cb484	132
make_tex_transition_vertex	802cb508	408
load_tex_transition_vertex	802cb6a0	856
render_textured_transition	802cb9f8	1808
render_screen_transition	802cc108	480
render_cannon_circle_base	802cc2e8	1056
geo_cannon_circle_base	802cc708	148
rotate_rectangle	802cc7a0	168
atan2_deg	802cc848	96
scale_shadow_with_distance	802cc8a8	188
disable_shadow_with_distance	802cc964	72
dim_shadow_with_distance	802cc9ac	392
get_water_level_below_shadow	802ccb34	176
init_shadow	802ccbe4	628
get_texture_coords_9_vertices	802cce58	80
get_texture_coords_4_vertices	802ccea8	100
make_shadow_vertex_at_xyz	802ccf0c	308
extrapolate_vertex_y_position	802cd040	84
get_vertex_coords	802cd094	204
calculate_vertex_xyz	802cd160	596
floor_local_tilt	802cd3b4	168
make_shadow_vertex	802cd45c	492
add_shadow_to_display_list	802cd648	404
linearly_interpolate_solidity_positive	802cd7dc	304
linearly_interpolate_solidity_negative	802cd90c	312
correct_shadow_solidity_for_animations	802cda44	364
correct_lava_shadow_height	802cdbb0	268
create_shadow_player	802cdcbc	564
create_shadow_circle_9_verts	802cdef0	280
create_shadow_circle_4_verts	802ce008	284
create_shadow_circle_assuming_flat_ground	802ce124	444
create_shadow_rectangle	802ce2e0	428
get_shadow_height_solidity	802ce48c	276
create_shadow_square	802ce5a0	368
create_shadow_hardcoded_rectangle	802ce710	348
create_shadow_below_xyz	802ce86c	600
calculate_skybox_scaled_x	802cead0	236
calculate_skybox_scaled_y	802cebbc	224
make_skybox_rect	802ced24	552
draw_skybox_tile_grid	802cef4c	572
create_skybox_ortho_matrix	802cf188	288
init_skybox_display_list	802cf2a8	364
create_skybox_facing_camera	802cf414	392
geo_wdw_set_initial_water_level	802cf5a0	352
geo_movtex_pause_control	802cf700	116
movtex_make_quad_vertex	802cf774	560
movtex_gen_from_quad	802cf9a4	1536
movtex_gen_from_quad_array	802cffa4	300
movtex_gen_quads_id	802d00d0	212
get_quad_collection_from_id	802d01a4	676
movtex_change_texture_format	802d0448	292
geo_movtex_draw_water_regions	802d056c	740
update_moving_texture_offset	802d0850	156
movtex_write_vertex_first	802d08ec	424
movtex_write_vertex_index	802d0a94	832
movtex_gen_list	802d0dd4	700
geo_movtex_draw_nocolor	802d1090	364
geo_movtex_draw_colored	802d11fc	364
geo_movtex_draw_colored_no_update	802d1368	352
geo_movtex_draw_colored_2_no_update	802d14c8	352
geo_movtex_update_horizontal	802d1628	256
make_vertex	802d1730	180
round_float	802d17e4	156
geo_exec_inside_castle_light	802d1880	272
geo_exec_flying_carpet_timer_update	802d1990	176
geo_exec_flying_carpet_create	802d1a40	940
geo_exec_cake_end_screen	802d1dec	240
stop_other_paintings	802d1ee0	180
painting_mario_y	802d1f94	148
painting_mario_z	802d2028	124
painting_ripple_y	802d20a4	188
painting_nearest_4th	802d2160	320
painting_mario_x	802d22a0	124
painting_ripple_x	802d231c	188
painting_state	802d23d8	324
wall_painting_proximity_idle	802d251c	416
wall_painting_proximity_rippling	802d26bc	224
wall_painting_continuous_idle	802d279c	416
wall_painting_continuous_rippling	802d293c	224
floor_painting_proximity_idle	802d2a1c	432
floor_painting_proximity_rippling	802d2bcc	240
floor_painting_continuous_idle	802d2cbc	416
floor_painting_continuous_rippling	802d2e5c	240
painting_update_floors	802d2f4c	448
painting_update_ripple_state	802d310c	256
calculate_ripple_at_point	802d320c	384
ripple_if_movable	802d338c	120
painting_generate_mesh	802d3404	360
painting_calculate_triangle_normals	802d356c	940
normalize_component	802d3918	196
painting_average_vertex_normals	802d39dc	788
render_painting	802d3cf0	1804
painting_model_view_transform	802d43fc	512
painting_ripple_image	802d45fc	632
painting_ripple_env_mapped	802d4874	536
display_painting_rippling	802d4a8c	288
display_painting_not_rippling	802d4bac	236
reset_painting	802d4c98	48
move_ddd_painting	802d4cc8	316
set_painting_layer	802d4e04	88
display_painting	802d4e5c	108
wall_painting_update	802d4ec8	248
floor_painting_update	802d4fc0	248
geo_painting_draw	802d50b8	372
geo_painting_update	802d522c	244
int_pow	802d5320	84
format_integer	802d5374	752
parse_width_field	802d5664	404
print_text_fmt_int	802d57f8	636
print_text	802d5a74	364
print_text_centered	802d5be0	408
char_to_glyph_index	802d5d78	416
add_glyph_texture	802d5f18	212
clip_to_bounds	802d5fec	112
render_textrect	802d605c	332
render_text_labels	802d61a8	656
create_dl_identity_matrix	802d6440	336
create_dl_translation_matrix	802d6590	260
create_dl_rotation_matrix	802d6694	268
create_dl_scale_matrix	802d67a0	260
create_dl_ortho_matrix	802d68a4	252
render_generic_char	802d6afc	256
print_generic_string	802d6bfc	724
print_hud_lut_string	802d6ed0	716
print_menu_generic_string	802d719c	1072
print_credits_string	802d75cc	856
handle_menu_scrolling	802d7924	536
get_str_x_pos_from_center_scale	802d7b3c	388
print_hud_my_score_coins	802d7cc0	200
print_hud_my_score_stars	802d7d88	180
int_to_str	802d7e3c	312
get_dialog_id	802d7f74	28
create_dialog_box	802d7f90	60
create_dialog_box_with_var	802d7fcc	68
create_dialog_inverted_box	802d8010	64
create_dialog_box_with_response	802d8050	72
reset_dialog_render_state	802d8098	156
render_dialog_box_type	802d8134	796
change_and_flash_dialog_text_color_lines	802d8450	576
handle_dialog_scroll_page_state	802d8690	204
adjust_pos_and_print_period_char	802d875c	212
render_star_count_dialog_text	802d8830	292
ensure_nonnegative	802d8954	44
handle_dialog_text_and_pages	802d8980	1364
render_dialog_triangle_choice	802d8ed4	348
render_dialog_triangle_next	802d9030	400
handle_special_dialog_text	802d91c0	544
render_dialog_entries	802d93e0	1588
set_menu_mode	802d9a14	52
reset_cutscene_msg_fade	802d9a48	24
dl_rgba16_begin_cutscene_msg_fade	802d9a60	136
dl_rgba16_stop_cutscene_msg_fade	802d9ae8	128
ascii_to_credits_char	802d9b68	208
print_credits_str_ascii	802d9c38	176
set_cutscene_message	802d9ce8	116
do_cutscene_handler	802d9d5c	508
print_peach_letter_message	802d9f58	704
render_hud_cannon_reticle	802da218	708
reset_red_coins_collected	802da4dc	24
change_dialog_camera_angle	802da4f4	80
shade_screen	802da544	224
print_animated_red_coin	802da624	592
render_pause_red_coins	802da874	120
render_pause_my_score_coins	802da8ec	912
render_pause_camera_options	802dac7c	800
render_pause_course_options	802daf9c	744
render_pause_castle_menu_box	802db284	700
highlight_last_course_complete_stars	802db540	96
print_hud_pause_colorful_str	802db5a0	248
render_pause_castle_course_stars	802db698	424
render_pause_castle_main_strings	802db840	880
render_pause_screen	802dbbb0	636
print_hud_course_complete_string	802dbe2c	548
print_hud_course_complete_coins	802dc050	612
play_star_fanfare_and_flash_hud	802dc2b4	124
render_course_complete_lvl_info_and_hud_str	802dc330	1544
render_save_confirmation	802dc938	668
render_course_complete_screen	802dcbd4	452
render_menus_and_dialogs	802dcd98	328
envfx_init_snow	802dcee0	328
envfx_update_snowflake_count	802dd028	388
envfx_cleanup_snow	802dd1ac	88
orbit_from_positions	802dd204	296
pos_from_orbit	802dd32c	292
envfx_is_snowflake_alive	802dd450	248
envfx_update_snow_normal	802dd548	1072
envfx_update_snow_blizzard	802dd978	1100
envfx_update_snow_water	802dde28	500
rotate_triangle_vertices	802de01c	1032
append_snowflake_vertex_buffer	802de424	1044
envfx_update_snow	802de838	1152
envfx_update_particles	802decb8	392
particle_is_laterally_close	802dee40	176
random_flower_offset	802deef0	128
envfx_update_flower	802def70	672
envfx_set_lava_bubble_position	802df210	876
envfx_update_lava	802df57c	464
envfx_rotate_around_whirlpool	802df74c	588
envfx_is_whirlpool_bubble_alive	802df998	140
envfx_update_whirlpool	802dfa24	1264
envfx_is_jestream_bubble_alive	802dff14	148
envfx_update_jetstream	802dffa8	896
envfx_init_bubble	802e0328	476
envfx_bubbles_update_switch	802e0504	516
append_bubble_vertex_buffer	802e0708	1032
envfx_set_bubble_texture	802e0b10	408
envfx_update_bubble_particles	802e0ca8	800
envfx_set_max_bubble_particles	802e0fc8	112
envfx_update_bubbles	802e1038	332
convert_rotation	802e1190	148
spawn_macro_abs_yrot_2params	802e1224	168
spawn_macro_abs_yrot_param1	802e12cc	168
spawn_macro_abs_special	802e1374	184
spawn_macro_objects	802e1504	636
spawn_macro_objects_hardcoded	802e1780	604
spawn_special_objects	802e19dc	1028
render_hud_tex_lut	802e1de0	360
render_hud_small_tex_lut	802e1f48	604
render_power_meter_health_segment	802e21a4	352
render_dl_power_meter	802e2304	420
animate_power_meter_emphasized	802e24a8	120
handle_power_meter_actions	802e261c	296
render_hud_power_meter	802e2744	240
render_hud_mario_lives	802e2834	100
render_hud_coins	802e2898	100
render_hud_stars	802e28fc	216
render_hud_keys	802e29d4	120
render_hud_timer	802e2a4c	448
set_hud_camera_status	802e2c0c	32
render_hud_camera_status	802e2c2c	496
render_hud	802e2e1c	292
set_yoshi_as_not_dead	802e2f40	24
geo_obj_transparency_something	802e2f58	256
absf_2	802e3058	68
turn_obj_away_from_surface	802e309c	176
obj_find_wall	802e314c	328
turn_obj_away_from_steep_floor	802e3294	316
obj_orient_graph	802e33d0	260
calc_obj_friction	802e34d4	120
calc_new_obj_vel_and_pos_y	802e354c	952
calc_new_obj_vel_and_pos_y_underwater	802e3904	1240
obj_update_pos_vel_xz	802e3ddc	156
obj_splash	802e3e78	264
object_step	802e3f80	644
object_step_without_floor_orient	802e4204	76
obj_move_xyz_using_fvel_and_yaw	802e4250	168
is_point_within_radius_of_mario	802e42f8	176
is_point_close_to_object	802e43a8	168
set_object_visibility	802e4450	148
obj_return_home_if_safe	802e44e4	188
obj_return_and_displace_home	802e45a0	288
obj_check_if_facing_toward_angle	802e46c0	204
obj_find_wall_displacement	802e478c	196
obj_spawn_yellow_coins	802e4850	196
obj_flicker_and_disappear	802e4914	144
current_mario_room_check	802e49a4	148
trigger_obj_dialog_when_facing	802e4a38	312
obj_check_floor_death	802e4b70	152
obj_lava_death	802e4c08	340
spawn_orange_number	802e4d5c	152
debug_sequence_tracker	802e4df4	228
coin_step	802e4ed8	132
moving_coin_flicker	802e4f5c	56
coin_collected	802e4f94	68
bhv_moving_yellow_coin_init	802e4fd8	124
bhv_moving_yellow_coin_loop	802e5054	308
bhv_moving_blue_coin_init	802e5188	124
bhv_moving_blue_coin_loop	802e5204	400
bhv_blue_coin_sliding_jumping_init	802e5394	120
blue_coin_sliding_away_from_mario	802e540c	208
blue_coin_sliding_slow_down	802e54dc	136
bhv_blue_coin_sliding_loop	802e5564	436
bhv_blue_coin_jumping_loop	802e5718	360
bhv_seaweed_init	802e5880	76
bhv_seaweed_bundle_init	802e58cc	592
bhv_bobomb_init	802e5b1c	96
bobomb_spawn_coin	802e5b7c	108
bobomb_act_explode	802e5be8	220
bobomb_check_interactions	802e5cc4	284
bobomb_act_patrol	802e5de0	216
bobomb_act_chase_mario	802e5eb8	188
bobomb_act_launched	802e5f74	84
generic_bobomb_free_loop	802e5fc8	328
stationary_bobomb_free_loop	802e6110	276
bobomb_free_loop	802e6224	76
bobomb_held_loop	802e6270	160
bobomb_dropped_loop	802e6310	96
bobomb_thrown_loop	802e6370	164
curr_obj_random_blink	802e6414	264
bhv_bobomb_loop	802e651c	372
bhv_bobomb_fuse_smoke_init	802e6690	268
bhv_bobomb_buddy_init	802e679c	96
bobomb_buddy_act_idle	802e67fc	264
bobomb_buddy_cannon_dialog	802e6904	456
bobomb_buddy_act_talk	802e6acc	292
bobomb_buddy_act_turn_to_talk	802e6bf0	176
bobomb_buddy_actions	802e6ca0	156
bhv_bobomb_buddy_loop	802e6d3c	68
bhv_cannon_closed_init	802e6d80	188
cannon_door_act_opening	802e6e3c	264
bhv_cannon_closed_loop	802e6f44	284
bhv_whirlpool_init	802e7060	72
whirlpool_set_hitbox	802e70a8	52
whirpool_orient_graph	802e70dc	240
bhv_whirlpool_loop	802e71cc	468
bhv_jet_stream_loop	802e73a0	216
bhv_homing_amp_init	802e7478	196
bhv_homing_amp_loop	802e7ac4	272
bhv_circling_amp_init	802e7bd4	308
bhv_circling_amp_loop	802e7fbc	156
bhv_butterfly_init	802e8058	176
butterfly_step	802e8108	608
butterfly_calculate_angle	802e8368	504
butterfly_act_rest	802e8560	116
butterfly_act_follow_mario	802e85d4	100
butterfly_act_return_home	802e8638	384
bhv_butterfly_loop	802e87b8	156
bhv_hoot_init	802e8854	152
hoot_find_next_floor	802e88ec	196
hoot_floor_bounce	802e89b0	396
hoot_free_step	802e8b3c	680
hoot_player_set_yaw	802e8de4	164
hoot_carry_step	802e8e88	456
hoot_surface_collision	802e9050	484
hoot_act_ascent	802e9234	276
hoot_action_loop	802e9348	408
hoot_turn_to_home	802e94e0	252
hoot_awake_loop	802e95dc	156
bhv_hoot_loop	802e9678	288
bhv_beta_holdable_object_init	802e9798	80
bhv_beta_holdable_object_loop	802e98d0	168
bhv_object_bubble_init	802e9978	172
bhv_object_bubble_loop	802e9a24	220
bhv_object_water_wave_init	802e9b00	64
bhv_object_water_wave_loop	802e9b40	60
bhv_explosion_init	802e9b7c	68
bhv_explosion_loop	802e9bc0	288
bhv_bobomb_bully_death_smoke_init	802e9ce0	76
bhv_bobomb_explosion_bubble_init	802e9d2c	256
bhv_bobomb_explosion_bubble_loop	802e9e2c	444
bhv_respawner_loop	802e9fe8	140
create_respawner	802ea074	216
bhv_small_bully_init	802ea14c	168
bhv_big_bully_init	802ea1f4	188
bully_check_mario_collision	802ea2b0	200
bully_act_chase_mario	802ea378	360
bully_act_knockback	802ea4e0	288
bully_act_back_up	802ea600	180
bully_backup_check	802ea6b4	108
bully_play_stomping_sound	802ea720	276
bully_step	802ea834	156
bully_spawn_coin	802ea8d0	208
bully_act_level_death	802ea9a0	288
bhv_bully_loop	802eaac0	420
big_bully_spawn_minion	802eac64	140
bhv_big_bully_with_minions_init	802eacf0	136
big_bully_spawn_star	802ead78	88
bhv_big_bully_with_minions_loop	802eadd0	656
water_ring_calc_mario_dist	802eb060	192
water_ring_init	802eb120	384
bhv_jet_stream_water_ring_init	802eb2a0	80
water_ring_check_collection	802eb2f0	440
water_ring_set_scale	802eb4a8	272
water_ring_act_collected	802eb5b8	188
water_ring_act_not_collected	802eb674	448
bhv_jet_stream_water_ring_loop	802eb834	112
spawn_manta_ray_ring_manager	802eb8a4	76
water_ring_spawner_act_inactive	802eb8f0	240
bhv_jet_stream_ring_spawner_loop	802eb9e0	176
bhv_manta_ray_water_ring_init	802eba90	56
manta_water_ring_act_not_collected	802ebac8	436
bhv_manta_ray_water_ring_loop	802ebc7c	112
bhv_bowser_bomb_loop	802ebcec	248
bhv_bowser_bomb_explosion_loop	802ebde4	404
bhv_bowser_bomb_smoke_loop	802ebf78	268
bhv_celebration_star_init	802ec084	224
celeb_star_act_spin_around_mario	802ec164	384
celeb_star_act_face_camera	802ec2e4	192
bhv_celebration_star_loop	802ec3a4	112
bhv_celebration_star_sparkle_loop	802ec414	80
bhv_star_key_collection_puff_spawner_loop	802ec464	60
bhv_lll_drawbridge_spawner_loop	802ec4a0	404
bhv_lll_drawbridge_loop	802ec634	352
bhv_small_bomp_init	802ec794	112
bhv_small_bomp_loop	802ec804	720
bhv_large_bomp_init	802ecad4	96
bhv_large_bomp_loop	802ecb34	720
bhv_wf_sliding_platform_init	802ece04	300
bhv_wf_sliding_platform_loop	802ecf30	508
bhv_moneybag_init	802ed12c	124
moneybag_check_mario_collision	802ed1a8	200
moneybag_jump	802ed270	516
moneybag_act_move_around	802ed474	300
moneybag_act_return_home	802ed5a0	388
moneybag_act_disappear	802ed724	80
moneybag_act_death	802ed774	104
bhv_moneybag_loop	802ed7dc	276
bhv_moneybag_hidden_loop	802ed8f0	204
bhv_bowling_ball_init	802ed9bc	88
bowling_ball_set_hitbox	802eda14	88
bowling_ball_set_waypoints	802eda6c	232
bhv_bowling_ball_roll_loop	802edb54	340
bhv_bowling_ball_initialize_loop	802edca8	312
bhv_bowling_ball_loop	802edde0	196
bhv_generic_bowling_ball_spawner_init	802edea4	232
bhv_generic_bowling_ball_spawner_loop	802edf8c	332
bhv_thi_bowling_ball_spawner_loop	802ee0d8	308
bhv_bob_pit_bowling_ball_init	802ee20c	88
bhv_bob_pit_bowling_ball_loop	802ee264	216
bhv_free_bowling_ball_init	802ee33c	168
bhv_free_bowling_ball_roll_loop	802ee3e4	304
bhv_free_bowling_ball_loop	802ee514	280
bhv_rr_cruiser_wing_init	802ee62c	48
bhv_rr_cruiser_wing_loop	802ee65c	372
bhv_spindel_init	802ee7d0	56
bhv_spindel_loop	802ee808	1144
bhv_ssl_moving_pyramid_wall_init	802eec80	188
bhv_ssl_moving_pyramid_wall_loop	802eed3c	216
bhv_pyramid_elevator_init	802eee14	144
bhv_pyramid_elevator_loop	802eeea4	528
bhv_pyramid_elevator_trajectory_marker_ball_loop	802ef0b4	100
bhv_pyramid_top_init	802ef118	288
bhv_pyramid_top_spinning	802ef238	536
bhv_pyramid_top_explode	802ef450	276
bhv_pyramid_top_loop	802ef564	244
bhv_pyramid_top_fragment_init	802ef658	108
bhv_pyramid_top_fragment_loop	802ef6c4	116
bhv_pyramid_pillar_touch_detector_loop	802ef738	108
bhv_waterfall_sound_loop	802ef7a4	44
bhv_volcano_sound_loop	802ef7d0	44
bhv_castle_flag_init	802ef7fc	76
bhv_birds_sound_loop	802ef848	184
bhv_ambient_sounds_init	802ef900	84
bhv_sand_sound_loop	802ef954	76
bhv_castle_cannon_grate_init	802ef9a0	80
bhv_snowmans_bottom_init	802ef9f0	316
set_rolling_sphere_hitbox	802efb2c	88
adjust_rolling_face_pitch	802efb84	192
snowmans_bottom_act_1	802efc44	348
snowmans_bottom_act_2	802efda0	440
snowmans_bottom_act_3	802eff58	180
bhv_snowmans_bottom_loop	802f000c	432
bhv_snowmans_head_init	802f01bc	356
bhv_snowmans_head_loop	802f0320	428
bhv_snowmans_body_checkpoint_loop	802f04cc	140
bhv_big_boulder_init	802f0558	132
boulder_act_1	802f05dc	232
bhv_big_boulder_loop	802f06c4	220
bhv_big_boulder_generator_loop	802f07a0	356
cap_set_hitbox	802f0904	116
cap_despawn	802f0978	72
cap_check_quicksand	802f09c0	424
cap_sink_quicksand	802f0b68	428
bhv_wing_cap_init	802f0d14	92
cap_scale_vertically	802f0d70	156
wing_vanish_cap_act_0	802f0e0c	224
bhv_wing_vanish_cap_loop	802f0eec	148
bhv_metal_cap_init	802f0f80	96
metal_cap_act_0	802f0fe0	124
bhv_metal_cap_loop	802f105c	148
bhv_normal_cap_init	802f10f0	160
normal_cap_set_save_flags	802f1190	164
normal_cap_act_0	802f1234	292
bhv_normal_cap_loop	802f1358	240
bhv_vanish_cap_init	802f1448	92
bhv_collect_star_init	802f14a4	188
bhv_collect_star_loop	802f1560	100
bhv_star_spawn_init	802f15c4	340
bhv_star_spawn_loop	802f1718	824
spawn_star	802f1a50	232
spawn_default_star	802f1b38	76
spawn_red_coin_cutscene_star	802f1b84	80
spawn_no_exit_star	802f1bd4	96
bhv_hidden_red_coin_star_init	802f1c34	264
bhv_hidden_red_coin_star_loop	802f1d3c	224
bhv_red_coin_init	802f1e1c	192
bhv_red_coin_loop	802f1edc	192
bhv_hidden_star_init	802f1f9c	220
bhv_hidden_star_loop	802f2078	204
bhv_hidden_star_trigger_loop	802f2144	184
bhv_bowser_course_red_coin_star_loop	802f21fc	224
bhv_ttm_rolling_log_init	802f22dc	176
rolling_log_roll_log	802f238c	648
bhv_rolling_log_loop	802f2614	524
volcano_act_1	802f2820	260
volcano_act_3	802f2924	124
bhv_volcano_trap_loop	802f29a0	360
bhv_lll_rolling_log_init	802f2b08	188
bhv_1up_interact	802f2bc4	116
bhv_1up_common_init	802f2c38	104
bhv_1up_init	802f2ca0	160
one_up_loop_in_air	802f2d40	216
pole_1up_move_towards_mario	802f2e18	372
one_up_move_away_from_mario	802f2f8c	176
bhv_1up_walking_loop	802f303c	380
bhv_1up_running_away_loop	802f31b8	368
sliding_1up_move	802f3328	264
bhv_1up_sliding_loop	802f3430	248
bhv_1up_loop	802f3528	56
bhv_1up_jump_on_approach_loop	802f3560	288
bhv_1up_hidden_loop	802f3680	484
bhv_1up_hidden_trigger_loop	802f3864	120
bhv_1up_hidden_in_pole_loop	802f38dc	404
bhv_1up_hidden_in_pole_trigger_loop	802f3a70	120
bhv_1up_hidden_in_pole_spawner_loop	802f3ae8	240
controllable_platform_act_1	802f3bd8	120
controllable_platform_act_2	802f3c50	152
bhv_controllable_platform_sub_loop	802f3ce8	316
bhv_controllable_platform_init	802f3e24	348
controllable_platform_hit_wall	802f3f80	88
controllable_platform_check_walls	802f3fd8	600
controllable_platform_shake_on_wall_hit	802f4230	444
controllable_platform_tilt_from_mario	802f43ec	296
bhv_controllable_platform_loop	802f4514	1840
bhv_breakable_box_small_init	802f4c44	164
small_breakable_box_spawn_dust	802f4ce8	204
small_breakable_box_act_move	802f4db4	260
breakable_box_small_released_loop	802f4eb8	204
breakable_box_small_idle_loop	802f4f84	196
breakable_box_small_get_dropped	802f5048	120
breakable_box_small_get_thrown	802f50c0	216
bhv_breakable_box_small_loop	802f5198	188
bhv_sliding_snow_mound_loop	802f5254	356
bhv_snow_mound_spawn_loop	802f53b8	320
floating_platform_find_home_y	802f54f8	212
floating_platform_act_0	802f55cc	808
bhv_floating_platform_loop	802f58f4	192
bhv_arrow_lift_loop	802f5b7c	276
bhv_orange_number_init	802f5c90	56
bhv_orange_number_loop	802f5cc8	232
bhv_manta_ray_init	802f5db0	112
bhv_manta_ray_loop	802f61d4	228
bhv_falling_pillar_init	802f62b8	80
bhv_falling_pillar_spawn_hitboxes	802f6308	128
bhv_falling_pillar_calculate_angle_in_front_of_mario	802f6388	196
bhv_falling_pillar_loop	802f644c	644
bhv_falling_pillar_hitbox_loop	802f66d0	452
bhv_jrb_floating_box_loop	802f6894	84
bhv_decorative_pendulum_init	802f68e8	56
bhv_decorative_pendulum_loop	802f6920	168
bhv_treasure_chest_top_loop	802f69c8	580
bhv_treasure_chest_bottom_init	802f6c0c	104
bhv_treasure_chest_bottom_loop	802f6c74	536
spawn_treasure_chest	802f6e8c	132
bhv_treasure_chest_ship_init	802f6f10	164
bhv_treasure_chest_ship_loop	802f6fb4	276
bhv_treasure_chest_jrb_init	802f70c8	176
bhv_treasure_chest_jrb_loop	802f7178	240
bhv_treasure_chest_ddd_init	802f7268	172
bhv_treasure_chest_ddd_loop	802f7314	236
bhv_mips_init	802f7400	296
bhv_mips_find_furthest_waypoint_to_mario	802f7528	384
bhv_mips_act_wait_for_nearby_mario	802f76a8	168
bhv_mips_act_follow_path	802f7750	316
bhv_mips_act_wait_for_animation_done	802f788c	76
bhv_mips_act_fall_down	802f78d8	172
bhv_mips_act_idle	802f7984	128
bhv_mips_free	802f7a04	160
bhv_mips_held	802f7aa4	288
bhv_mips_dropped	802f7bc4	132
bhv_mips_thrown	802f7c48	180
bhv_mips_loop	802f7cfc	168
bhv_yoshi_init	802f7da4	180
yoshi_walk_loop	802f7e58	332
yoshi_idle_loop	802f7fa4	488
yoshi_talk_loop	802f818c	364
yoshi_walk_and_jump_off_roof_loop	802f82f8	344
yoshi_finish_jumping_and_despawn_loop	802f8450	172
yoshi_give_present_loop	802f84fc	176
bhv_yoshi_loop	802f85ac	208
bhv_koopa_init	802fab9c	272
shelled_koopa_attack_handler	802fb364	252
obj_begin_race	802fbb50	200
bhv_koopa_update	802fc748	344
bhv_koopa_race_endpoint_update	802fc8a0	216
bhv_pokey_body_part_update	802fc978	1152
bhv_pokey_update	802fd300	160
bhv_swoop_update	802fd804	212
bhv_fly_guy_update	802fdf90	468
bhv_goomba_triplet_spawner_update	802fe164	500
bhv_goomba_init	802fe358	272
huge_goomba_weakly_attacked	802fe89c	32
bhv_goomba_update	802fe8bc	460
bhv_chain_chomp_chain_part_update	802fea88	296
bhv_chain_chomp_update	802ffd90	140
bhv_wooden_post_update	802ffe1c	636
bhv_chain_chomp_gate_init	80300098	56
bhv_chain_chomp_gate_update	803000d0	144
bhv_wiggler_body_part_update	80300160	700
wiggler_init_segments	8030041c	532
wiggler_update_segments	80300630	608
wiggler_jumped_on_attack_handler	80301034	112
bhv_wiggler_update	803010a4	516
bhv_spiny_update	80301860	168
bhv_enemy_lakitu_update	80301f78	128
bhv_cloud_update	803025ec	168
bhv_cloud_part_update	80302694	576
bhv_camera_lakitu_init	803028d4	156
bhv_camera_lakitu_update	80302e80	572
bhv_monty_mole_hole_update	80303314	124
monty_mole_spawn_dirt_particles	80303390	76
bhv_monty_mole_init	803033dc	28
bhv_monty_mole_update	80303ac4	640
bhv_monty_mole_rock_update	80303ef0	136
bhv_platform_on_track_init	8030401c	300
bhv_platform_on_track_update	80304974	344
bhv_track_ball_update	80304acc	100
bhv_seesaw_platform_init	80304b30	124
bhv_seesaw_platform_update	80304bac	412
bhv_ferris_wheel_axle_init	80304d48	248
bhv_ferris_wheel_platform_update	80304e40	352
bhv_water_bomb_spawner_update	80304fa0	548
water_bomb_spawn_explode_particles	803051c4	92
bhv_water_bomb_update	80305704	216
bhv_water_bomb_shadow_update	803057dc	220
bhv_ttc_rotating_solid_init	803058b8	156
bhv_ttc_rotating_solid_update	80305954	652
bhv_ttc_pendulum_init	80305be0	116
bhv_ttc_pendulum_update	80305c54	528
bhv_ttc_treadmill_init	80305e64	200
bhv_ttc_treadmill_update	80305f2c	424
bhv_ttc_moving_bar_init	803060d4	136
bhv_ttc_moving_bar_update	8030658c	240
bhv_ttc_cog_init	8030667c	128
bhv_ttc_cog_update	803066fc	336
bhv_ttc_pit_block_init	8030684c	152
bhv_ttc_pit_block_update	803068e4	284
bhv_ttc_elevator_init	80306a00	116
bhv_ttc_elevator_update	80306a74	304
bhv_ttc_2d_rotator_init	80306ba4	112
bhv_ttc_2d_rotator_update	80306c14	428
bhv_ttc_spinner_update	80306dc0	276
mr_blizzard_spawn_white_particles	80306ed4	132
bhv_mr_blizzard_init	80306f58	212
bhv_mr_blizzard_update	80307c88	412
bhv_mr_blizzard_snowball	80308070	140
bhv_sliding_plat_2_init	803080fc	372
bhv_sliding_plat_2_loop	80308270	256
bhv_rotating_octagonal_plat_init	80308370	124
bhv_rotating_octagonal_plat_loop	803083ec	40
bhv_animates_on_floor_switch_press_init	80308414	56
bhv_animates_on_floor_switch_press_loop	8030844c	628
bhv_activated_back_and_forth_platform_init	803086c0	284
bhv_activated_back_and_forth_platform_update	803087dc	676
bhv_recovery_heart_loop	80308a80	392
bhv_bubble_cannon_barrel_loop	80308c08	488
water_bomb_cannon_act_0	80308df0	148
water_bomb_cannon_act_1	80308e84	384
water_bomb_cannon_act_2	80309004	52
bhv_water_bomb_cannon_loop	80309038	164
bhv_unagi_init	803090dc	232
unagi_act_0	803091c4	232
unagi_act_1_4	803092ac	388
unagi_act_2	80309430	256
unagi_act_3	80309530	808
bhv_unagi_loop	80309858	384
bhv_unagi_subobject_loop	803099d8	584
dorrie_raise_head	80309c20	408
dorrie_act_move	80309db8	540
dorrie_begin_head_raise	80309fd4	56
dorrie_act_lower_head	8030a00c	276
dorrie_act_raise_head	8030a120	212
bhv_dorrie_update	8030a1f4	868
bhv_haunted_chair_init	8030a558	128
haunted_chair_act_0	8030a5d8	912
haunted_chair_act_1	8030a968	552
bhv_haunted_chair_loop	8030ab90	156
bhv_mad_piano_update	8030aed0	156
flying_bookend_act_0	8030af6c	132
flying_bookend_act_1	8030aff0	288
flying_bookend_act_2	8030b110	184
flying_bookend_act_3	8030b1c8	156
bhv_flying_bookend_loop	8030b264	332
bhv_bookend_spawn_loop	8030b3b0	180
bookshelf_manager_act_0	8030b464	168
bookshelf_manager_act_1	8030b50c	152
bookshelf_manager_act_2	8030b5a4	388
bookshelf_manager_act_3	8030b728	108
bookshelf_manager_act_4	8030b794	88
bhv_haunted_bookshelf_manager_loop	8030b7ec	160
bhv_book_switch_loop	8030b88c	932
obj_spit_fire	8030bc30	172
bhv_fire_piranha_plant_init	8030bcdc	228
bhv_fire_piranha_plant_update	8030c1f0	316
bhv_fire_spitter_update	8030c498	168
bhv_small_piranha_flame_loop	8030c540	660
bhv_fly_guy_flame_loop	8030c7d4	104
geo_snufit_move_mask	8030c83c	112
geo_snufit_scale_body	8030c8ac	104
snufit_act_idle	8030c914	292
snufit_act_shoot	8030ca38	312
bhv_snufit_loop	8030cb70	852
bhv_snufit_balls_loop	8030cec4	392
bhv_horizontal_grindel_init	8030d04c	32
bhv_horizontal_grindel_update	8030d06c	536
bhv_eyerok_boss_loop	8030d99c	160
bhv_eyerok_hand_loop	8030eef8	484
bhv_klepto_init	8030f398	180
obj_set_speed_to_zero	8031016c	48
bhv_klepto_update	8031019c	736
bhv_bird_update	80310774	112
bhv_racing_penguin_init	803107e4	112
bhv_racing_penguin_update	80310f64	248
bhv_penguin_race_finish_line_update	8031105c	152
bhv_penguin_race_shortcut_check_update	803110f4	72
bhv_coffin_spawner_loop	8031113c	296
coffin_act_idle	80311264	700
coffin_act_stand_up	80311520	288
bhv_coffin_loop	80311640	184
clam_act_0	803116f8	252
clam_act_1	803117f4	340
bhv_clam_loop	80311948	160
bhv_skeeter_update	80312004	216
bhv_skeeter_wave_update	803120dc	132
bhv_swing_platform_init	80312160	40
bhv_swing_platform_update	80312188	192
bhv_donut_platform_spawner_update	80312248	476
bhv_donut_platform_update	80312424	412
bhv_ddd_pole_init	803125c0	136
bhv_ddd_pole_update	80312648	160
bhv_red_coin_star_marker_init	803126e8	40
bhv_triplet_butterfly_update	80312eb4	216
bubba_act_0	80312f8c	484
bubba_act_1	80313170	856
bhv_bubba_loop	803134c8	1112
prepare_reverb_ring_buffer	80313920	656
get_volume_ramping	80313bb0	292
synthesis_execute	80313cd4	384
synthesis_do_one_audio_update	80313e54	1580
synthesis_process_notes	80314480	2696
load_wave_samples	80314f08	204
final_resample	80314fd4	92
process_envelope	80315030	100
process_envelope_inner	80315094	1376
note_apply_headset_pan_effects	803155f4	972
note_init_volume	803159c0	44
note_set_vel_pan_reverb	803159ec	924
note_set_frequency	80315d88	12
note_enable	80315d94	76
note_disable	80315de0	120
reset_bank_and_seq_load_status	80315e60	68
discard_bank	80315ea4	240
discard_sequence	80315f94	140
soundAlloc	80316020	116
sound_alloc_pool_init	80316094	32
persistent_pool_clear	803160b4	20
temporary_pool_clear	803160c8	48
unused_803160F8	803160f8	16
sound_init_main_pools	80316108	92
session_pools_init	80316164	124
seq_and_bank_pool_init	803161e0	124
persistent_pools_init	8031625c	188
temporary_pools_init	80316318	188
alloc_bank_or_seq	803163dc	1072
get_bank_or_seq	8031680c	192
decrease_reverb_gain	803168cc	40
wait_for_audio_frames	803168f4	52
audio_reset_session	80316928	1664
audio_dma_copy_immediate	80316fb0	132
audio_dma_copy_async	80317034	108
audio_dma_partial_copy_async	803170a0	188
decrease_sample_dma_ttls	8031715c	276
dma_sample_data	80317270	796
init_sample_dma_buffers	8031758c	696
patch_audio_bank	8031784c	572
bank_load_immediate	80317a88	348
bank_load_async	80317be4	312
sequence_dma_immediate	80317d1c	172
sequence_dma_async	80317dc8	316
get_missing_bank	80317f04	328
load_banks_immediate	8031804c	300
preload_sequence	80318178	264
load_sequence	80318280	96
load_sequence_internal	803182e0	388
audio_init	80318464	1032
note_init	80318870	120
note_disable2	803188e8	32
process_notes	80318908	1040
seq_channel_layer_decay_release_internal	80318d18	428
seq_channel_layer_note_decay	80318ec4	32
seq_channel_layer_note_release	80318ee4	32
build_synthetic_wave	80318f04	608
init_synthetic_wave	80319164	132
init_note_list	803191e8	16
init_note_lists	803191f8	80
init_note_free_list	80319248	180
note_pool_clear	803192fc	300
note_pool_fill	80319428	316
audio_list_push_front	80319564	64
audio_list_remove	803195a4	44
pop_node_with_lower_prio	803195d0	144
note_init_for_layer	80319660	200
func_80319728	80319728	52
note_release_and_take_ownership	8031975c	88
alloc_note_from_disabled	803197b4	124
alloc_note_from_decaying	80319830	84
alloc_note_from_active	80319884	92
alloc_note	803198e0	744
reclaim_notes	80319bc8	376
note_init_all	80319d40	304
sequence_player_process_sound	80319e78	512
get_portamento_freq_scale	8031a078	260
get_vibrato_pitch_change	8031a17c	136
get_vibrato_freq_scale	8031a204	532
note_vibrato_update	8031a418	96
note_vibrato_init	8031a478	236
adsr_init	8031a564	32
adsr_update	8031a584	640
sequence_channel_init	8031a810	272
seq_channel_set_layer	8031a920	240
seq_channel_layer_disable	8031aa10	60
seq_channel_layer_free	8031aa4c	132
sequence_channel_disable	8031aad0	108
allocate_sequence_channel	8031ab3c	72
sequence_player_init_channels	8031ab84	300
sequence_player_disable_channels	8031acb0	208
sequence_channel_enable	8031ad80	164
sequence_player_disable	8031ae24	208
audio_list_push_back	8031aef4	64
audio_list_pop_back	8031af34	64
init_layer_freelist	8031af74	168
m64_read_u8	8031b01c	20
m64_read_s16	8031b030	48
m64_read_compressed_u16	8031b060	68
seq_channel_layer_process_script	8031b0a4	3596
get_instrument	8031beb0	384
set_instrument	8031c030	148
sequence_channel_set_volume	8031c0c4	64
sequence_channel_process_script	8031c104	2512
sequence_player_process_sequence	8031cad4	2224
process_sequences	8031d384	168
init_sequence_player	8031d42c	140
init_sequence_players	8031d4b8	368
create_next_audio_frame_task	8031d924	852
play_sound	8031dc78	48
audio_signal_game_loop_tick	8031eed0	40
seq_player_fade_out	8031f7cc	68
fade_volume_scale	8031f810	120
process_level_music_dynamics	8031fa4c	1156
unused_8031FED0	8031fed0	228
seq_player_lower_volume	8031ffb4	140
seq_player_unlower_volume	80320040	164
set_audio_muted	80320248	88
sound_init	803202a0	620
get_currently_playing_sound	8032050c	220
stop_sound	803205e8	272
stop_sounds_from_source	803206f8	228
stop_sounds_in_continuous_banks	80320890	48
sound_banks_disable	803208c0	92
sound_banks_enable	80320980	88
unused_803209D8	803209d8	116
set_sound_moving_speed	80320a4c	28
play_dialog_sound	80320a68	128
play_music	80320ae8	512
stop_background_music	80320ce8	312
fadeout_background_music	80320e20	84
drop_queued_background_music	80320e74	36
get_current_background_music	80320e98	64
func_80320ED8	80320ed8	172
play_secondary_music	80320f84	252
func_80321080	80321080	84
func_803210D4	803210d4	220
play_course_clear	803211b0	60
play_peachs_jingle	803211ec	60
play_puzzle_jingle	80321228	60
play_star_fanfare	80321264	60
play_power_star_jingle	803212a0	80
play_race_fanfare	803212f0	60
play_toads_jingle	8032132c	60
sound_reset	80321368	204
audio_set_sound_mode	80321434	44
unused_80321460	80321460	20
unused_80321474	80321474	8
osSetTime	80321480	36
osMapTLB	803214b0	192
osUnmapTLBAll	80321570	80
sprintf	803215c0	108
proutSprintf	8032162c	56
osCreateMesgQueue	80321670	44
osSetEventMesg	803216a0	104
osViSetEvent	80321710	108
osCreateThread	80321780	324
osRecvMesg	803218d0	312
_VirtualToPhysicalTask	80321a10	284
osSpTaskLoad	80321b2c	352
osSpTaskStartGo	80321c8c	64
osSpTaskYield	80321cd0	32
osSendMesg	80321cf0	332
osSpTaskYielded	80321e40	128
osStartThread	80321ec0	336
osWritebackDCacheAll	80322010	48
osCreateViManager	80322040	388
viMgrMain	803221c4	464
osViSetMode	803223a0	104
osViBlack	80322410	112
osViSetSpecialFeatures	80322480	440
osCreatePiManager	80322640	380
osSetThreadPri	803227c0	224
osInitialize	803228a0	560
osViSwapBuffer	80322ad0	80
sqrtf	80322b20	16
osContStartReadData	80322b30	196
osContGetReadData	80322bf4	168
__osPackReadData	80322c9c	236
osContInit	80322d90	508
__osContGetInitData	80322f8c	208
__osPackRequestData	8032305c	244
osEepromProbe	80323150	108
__ull_rshift	803231c0	44
__ull_rem	803231ec	60
__ull_div	80323228	60
__ll_lshift	80323264	44
__ll_rem	80323290	60
__ll_div	803232cc	92
__ll_mul	80323328	48
__ull_divremi	80323358	96
__ll_mod	803233b8	156
__ll_rshift	80323454	44
osInvalDCache	80323480	176
osPiStartDma	80323530	260
bzero	80323640	160
osInvalICache	803236e0	128
osEepromLongRead	80323760	316
osEepromLongWrite	803238a0	316
bcopy	803239e0	784
guOrthoF	80323cf0	340
guOrtho	80323e44	104
guPerspectiveF	80323eb0	560
guPerspective	803240e0	88
osGetTime	80324140	132
__d_to_ll	803241d0	28
__f_to_ll	803241ec	28
__d_to_ull	80324208	160
__f_to_ull	803242a8	156
__ll_to_d	80324344	24
__ll_to_f	8032435c	24
__ull_to_d	80324374	52
__ull_to_f	803243a8	48
cosf	803243e0	360
sinf	80324550	448
guTranslateF	80324710	72
guTranslate	80324758	84
guRotateF	803247b0	404
guRotate	80324944	80
guScaleF	803249a0	84
guScale	803249f4	72
osAiSetFrequency	80324a40	352
alBnkfNew	80324ca4	260
alSeqFileNew	80324da8	64
osWritebackDCache	80324df0	128
osAiGetLength	80324e70	12
osAiSetNextBuffer	80324e80	168
__osTimerServicesInit	80324f30	140
__osTimerInterrupt	80324fbc	376
__osSetTimerIntr	80325134	116
__osInsertTimer	803251a8	392
_Printf	80325330	2092
memcpy	803264c0	44
strlen	803264ec	40
strchr	80326514	64
__osDequeueThread	80326560	64
__osDisableInt	803265a0	32
__osRestoreInt	803265c0	32
__osViInit	803265e0	224
__osExceptionPreamble	803266c0	16
__osException	803266d0	604
next_interrupt	8032692c	56
counter	80326964	32
cart	80326984	52
rcp	803269b8	80
sp_other_break	80326a08	16
vi	80326a18	36
ai	80326a3c	44
si	80326a68	36
pi	80326a8c	44
dp	80326ab8	36
no_more_rcp_ints	80326adc	12
prenmi	80326ae8	44
firstnmi	80326b14	48
sw2	80326b44	32
sw1	80326b64	32
handle_break	80326b84	24
redispatch	80326b9c	52
enqueue_running	80326bd0	24
panic	80326be8	48
send_mesg	80326c18	180
handle_CpU	80326ccc	52
__osEnqueueAndYield	80326d00	144
__osEnqueueThread	80326d90	72
__osPopThread	80326dd8	16
__osDispatchThread	80326de8	320
__osCleanupThread	80326f28	8
osVirtualToPhysical	80326f30	124
__osSpSetStatus	80326fb0	12
__osSpSetPc	80326fc0	52
__osSpRawStartDma	80327000	140
__osSpDeviceBusy	80327090	44
__osSpGetStatus	803270c0	12
osGetThreadPri	803270d0	24
__osViGetCurrentContext	803270f0	12
__osViSwapContext	80327100	860
osGetCount	80327460	16
__osPiCreateAccessQueue	80327470	80
__osPiGetAccess	803274c0	68
__osPiRelAccess	80327504	44
osPiRawStartDma	80327530	224
__osDevMgrMain	80327610	372
__osSetSR	80327790	16
__osGetSR	803277a0	16
__osSetFpcCsr	803277b0	16
__osSiRawReadIo	803277c0	80
__osSiRawWriteIo	80327810	76
osMapTLBRdb	80327860	96
osPiRawReadIo	803278c0	84
__osSiCreateAccessQueue	80327960	80
__osSiGetAccess	803279b0	68
__osSiRelAccess	803279f4	44
__osSiRawStartDma	80327a20	172
osSetTimer	80327ad0	212
osEepromWrite	80327bb0	432
__osPackEepWriteData	80327d60	268
__osEepStatus	80327e6c	548
osJamMesg	80328090	336
osPiGetCmdQueue	803281e0	40
osEepromRead	80328210	496
__osPackEepReadData	80328400	260
guMtxF2L	80328510	256
guMtxIdentF	80328610	136
guMtxIdent	80328698	48
guMtxL2F	803286c8	180
guNormalize	80328780	132
__osAiDeviceBusy	80328810	48
__osSetCompare	80328840	16
_Litob	80328850	768
_Ldtob	80328b50	1536
u32_to_string	80329920	48
string_to_u32	80329950	88
send_packet	803299a8	192
send	80329a68	216
process_command_memory	80329b40	76
process_command_register	80329b8c	44
kdebugserver	80329bb8	476
__osSyncPutChars	80329da0	292
osSetIntMask	80329ed0	96
osDestroyThread	80329f30	248
__osProbeTLB	8032a030	192
__osSiDeviceBusy	8032a0f0	44
lldiv	8032a120	256
ldiv	8032a220	132
__osGetCause	8032a2b0	16
__osAtomicDec	8032a2c0	88
rspF3DBootStart	8032a320	208
rspF3DBootEnd	8032a3f0	5128
rspF3DStart	8032a3f0	5128
rspF3DEnd	8032b7f8	8
rspAspMainStart	8032b800	3616
gVblankHandler1	8032c620	4
rspAspMainEnd	8032c620	4
gVblankHandler2	8032c624	4
gActiveSPTask	8032c628	4
sCurrentAudioSPTask	8032c62c	4
sCurrentDisplaySPTask	8032c630	4
sNextAudioSPTask	8032c634	4
sNextDisplaySPTask	8032c638	4
sAudioEnabled	8032c63c	1
gNumVblanks	8032c640	4
gResetTimer	8032c644	1
gNmiResetBarsTimer	8032c648	1
gDebugLevelSelect	8032c64c	1
D_8032C650	8032c650	1
gShowProfiler	8032c654	1
gShowDebugText	8032c658	1
sProfilerKeySequence	8032c65c	16
sDebugTextKeySequence	8032c66c	16
sProfilerKey	8032c67c	4
sDebugTextKey	8032c680	16
sUnusedGameInitValue	8032c690	4
gGlobalTimer	8032c694	4
sRenderedFramebuffer	8032c698	2
sRenderingFramebuffer	8032c69c	2
gGoddardVblankCallback	8032c6a0	4
gPlayer1Controller	8032c6a4	4
gPlayer2Controller	8032c6a8	4
gPlayer3Controller	8032c6ac	4
gCurrDemoInput	8032c6b0	4
gDemoInputListID	8032c6b4	2
gRecordedDemoInput	8032c6b8	4
sMusicVolume	8032c6c0	4
sBgMusicDisabled	8032c6c4	4
sCurrentMusic	8032c6c8	4
sCurrentShellMusic	8032c6cc	4
sCurrentCapMusic	8032c6d0	4
sPlayingInfiniteStairs	8032c6d4	4
unused8032C6D8	8032c6d8	16
sSoundMenuModeToSoundMode	8032c6e8	8
sMenuSoundsExtra	8032c6f0	144
sPaintingEjectSoundPlayed	8032c780	16
credits01	8032c790	8
credits02	8032c798	12
credits03	8032c7a4	12
credits04	8032c7b0	16
credits05	8032c7c0	8
credits06	8032c7c8	8
credits07	8032c7d0	12
credits08	8032c7dc	12
credits09	8032c7e8	16
credits10	8032c7f8	8
credits11	8032c800	8
credits12	8032c808	8
credits13	8032c810	12
credits14	8032c81c	8
credits15	8032c824	16
credits16	8032c834	8
credits17	8032c83c	12
credits18	8032c848	16
credits19	8032c858	8
credits20	8032c860	8
sCreditsSequence	8032c868	368
gMarioState	8032c9d8	4
unused1	8032c9dc	2
sWarpCheckpointActive	8032c9e0	1
sInteractionHandlers	8032c9f0	248
sForwardKnockbackActions	8032cae8	36
sBackwardKnockbackActions	8032cb0c	36
sDisplayingDoorText	8032cb30	4
sJustTeleported	8032cb34	4
sPSSSlideStarted	8032cb38	8
sTerrainSounds	8032cb40	42
sSquishScaleOverTime	8032cb6c	16
sCapFlickerFrames	8032cb80	8
sMovingSandSpeeds	8032cb90	8
gWaterSurfacePseudoFloor	8032cb98	48
sEndCutsceneVp	8032cbd0	16
sDispCreditsEntry	8032cbe0	4
D_8032CBE4	8032cbe4	4
D_8032CBE8	8032cbe8	4
D_8032CBEC	8032cbec	8
sStarsNeededForDialog	8032cbf4	8
sJumboStarKeyframes	8032cbfc	216
sSparkleGenTheta	8032ccd4	4
sSparkleGenPhi	8032ccd8	4
sMarioBlinkOverride	8032ccdc	20
sJumpLandAction	8032ccf0	24
sFreefallLandAction	8032cd08	24
sSideFlipLandAction	8032cd20	24
sHoldJumpLandAction	8032cd38	24
sHoldFreefallLandAction	8032cd50	24
sLongJumpLandAction	8032cd68	24
sDoubleJumpLandAction	8032cd80	24
sTripleJumpLandAction	8032cd98	24
sBackflipLandAction	8032cdb0	24
sWasAtSurface	8032cdd0	4
sSwimStrength	8032cdd4	4
sWaterCurrentSpeeds	8032cdd8	8
sPunchingForwardVelocities	8032cde0	8
gMarioBlinkAnimation	8032cdf0	8
gMarioAttackScaleAnimation	8032cdf8	20
sMarioAttackAnimCounter	8032ce0c	4
gMainPoolState	8032ce10	16
gLastCompletedCourseNum	8032ce20	1
gLastCompletedStarNum	8032ce24	1
sUnusedGotGlobalCoinHiScore	8032ce28	1
gGotFileCoinHiScore	8032ce2c	1
gCurrCourseStarFlags	8032ce30	1
gSpecialTripleJump	8032ce34	1
gLevelToCourseNumTable	8032ce38	38
gMarioSpawnInfo	8032ce60	4
gLoadedGraphNodes	8032ce64	4
gAreas	8032ce68	4
gCurrentArea	8032ce6c	4
gCurrCreditsEntry	8032ce70	4
D_8032CE74	8032ce74	4
D_8032CE78	8032ce78	4
gWarpTransDelay	8032ce7c	2
gFBSetColor	8032ce80	4
gWarpTransFBSetColor	8032ce84	4
gWarpTransRed	8032ce88	1
gWarpTransGreen	8032ce8c	1
gWarpTransBlue	8032ce90	1
gCurrSaveFileNum	8032ce94	2
gCurrLevelNum	8032ce98	2
sWarpBhvSpawnTable	8032ce9c	80
sSpawnTypeFromWarpBhv	8032ceec	20
D_8032CF00	8032cf00	16
renderModeTable_1Cycle	8032cf10	64
renderModeTable_2Cycle	8032cf50	64
gCurGraphNodeRoot	8032cf90	4
gCurGraphNodeMasterList	8032cf94	4
gCurGraphNodeCamFrustum	8032cf98	4
gCurGraphNodeCamera	8032cf9c	4
gCurGraphNodeObject	8032cfa0	4
gCurGraphNodeHeldObject	8032cfa4	4
gAreaUpdateCounter	8032cfa8	2
gProfilerMode	8032cfb0	2
gCurrentFrameIndex1	8032cfb4	2
gCurrentFrameIndex2	8032cfb8	2
unused8032CFC0	8032cfc0	4
gCutsceneFocus	8032cfc4	4
unused8032CFC8	8032cfc8	4
unused8032CFCC	8032cfcc	4
gSecondCameraFocus	8032cfd0	4
sYawSpeed	8032cfd4	2
gCurrLevelArea	8032cfd8	4
gPrevLevel	8032cfdc	4
unused8032CFE0	8032cfe0	4
unused8032CFE4	8032cfe4	4
unused8032CFE8	8032cfe8	4
gCameraZoomDist	8032cfec	4
sObjectCutscene	8032cff0	1
gRecentCutscene	8032cff4	1
sFramesSinceCutsceneEnded	8032cff8	1
sCutsceneDialogResponse	8032cffc	1
sMarioCamState	8032d000	4
sLuigiCamState	8032d004	4
unused8032D008	8032d008	4
sFixedModeBasePosition	8032d00c	12
sUnusedModeBasePosition_2	8032d018	12
sUnusedModeBasePosition_3	8032d024	12
sUnusedModeBasePosition_4	8032d030	12
sUnusedModeBasePosition_5	8032d03c	12
sModeTransitions	8032d048	72
unused8032D0A8	8032d0a8	8
unused8032D0B0	8032d0b0	8
sDanceCutsceneTable	8032d0b8	10
unusedDanceInfo1	8032d0c4	20
unusedDanceType	8032d0d8	4
unusedDanceInfo2	8032d0dc	20
sBBHLibraryParTrackPath	8032d0f0	72
sCamSL	8032d138	72
sCamTHI	8032d180	72
sCamHMC	8032d1c8	168
sCamSSL	8032d270	120
sCamRR	8032d2e8	168
sCamBOB	8032d390	72
sCamCotMC	8032d3d8	48
sCamCCM	8032d408	72
sCamCastle	8032d450	840
sCamBBH	8032d798	1464
sCameraTriggers	8032dd50	160
sIntroStartToPipePosition	8032ddf0	184
sIntroStartToPipeFocus	8032dea8	184
sIntroPipeToDialogPosition	8032df60	112
sIntroPipeToDialogFocus	8032dfd0	112
sEndingFlyToWindowPos	8032e040	80
sEndingFlyToWindowFocus	8032e090	88
sEndingPeachDescentCamPos	8032e0e8	160
sEndingMarioToPeachPos	8032e188	72
sEndingMarioToPeachFocus	8032e1d0	72
sEndingLookUpAtCastle	8032e218	64
sEndingLookAtSkyFocus	8032e258	56
gIntroLakituStartToPipeFocus	8032e2b4	280
gIntroLakituStartToPipeOffsetFromCamera	8032e3cc	280
gEndWavingPos	8032e4e4	72
gEndWavingFocus	8032e52c	72
sCutsceneEnding	8032e574	96
sCutsceneGrandStar	8032e5d4	16
sCutsceneUnused	8032e5e4	16
sCutsceneDoorWarp	8032e5f4	16
sCutsceneEndWaving	8032e604	8
sCutsceneCredits	8032e60c	8
sCutsceneDoorPull	8032e614	40
sCutsceneDoorPush	8032e63c	40
sCutsceneDoorPullMode	8032e664	24
sCutsceneDoorPushMode	8032e67c	24
sCutsceneEnterCannon	8032e694	24
sCutsceneStarSpawn	8032e6ac	24
sCutsceneRedCoinStarSpawn	8032e6c4	16
sCutsceneEnterPainting	8032e6d4	8
sCutsceneDeathExit	8032e6dc	16
sCutsceneExitPaintingSuccess	8032e6ec	16
sCutsceneUnusedExit	8032e6fc	24
sCutsceneIntroPeach	8032e714	40
sCutscenePrepareCannon	8032e73c	16
sCutsceneExitWaterfall	8032e74c	16
sCutsceneFallToCastleGrounds	8032e75c	16
sCutsceneEnterPyramidTop	8032e76c	16
sCutscenePyramidTopExplode	8032e77c	24
sCutsceneStandingDeath	8032e794	8
sCutsceneEnterPool	8032e79c	16
sCutsceneDeathStomach	8032e7ac	8
sCutsceneDeathOnBack	8032e7b4	8
sCutsceneQuicksandDeath	8032e7bc	8
sCutsceneWaterDeath	8032e7c4	8
sCutsceneSuffocation	8032e7cc	8
sCutsceneEnterBowserArena	8032e7d4	24
sCutsceneDanceDefaultRotate	8032e7ec	8
sCutsceneDanceFlyAway	8032e7f4	8
sCutsceneDanceCloseup	8032e7fc	8
sCutsceneKeyDance	8032e804	8
sCutsceneCapSwitchPress	8032e80c	8
sCutsceneSlidingDoorsOpen	8032e814	16
sCutsceneUnlockKeyDoor	8032e824	16
sCutsceneExitBowserSuccess	8032e834	16
sCutsceneExitBowserDeath	8032e844	16
sCutsceneExitSpecialSuccess	8032e854	16
sCutsceneNonPaintingDeath	8032e864	16
sCutsceneDialog	8032e874	24
sCutsceneReadMessage	8032e88c	24
sDanceCutsceneIndexTable	8032e8a4	108
sZoomOutAreaMasks	8032e910	20
sBoBCreditsSplinePositions	8032e924	40
sBoBCreditsSplineFocus	8032e94c	40
sWFCreditsSplinePositions	8032e974	40
sWFCreditsSplineFocus	8032e99c	40
sJRBCreditsSplinePositions	8032e9c4	40
sJRBCreditsSplineFocus	8032e9ec	40
sCCMSlideCreditsSplinePositions	8032ea14	40
sCCMSlideCreditsSplineFocus	8032ea3c	40
sBBHCreditsSplinePositions	8032ea64	32
sBBHCreditsSplineFocus	8032ea84	32
sHMCCreditsSplinePositions	8032eaa4	40
sHMCCreditsSplineFocus	8032eacc	40
sTHIWigglerCreditsSplinePositions	8032eaf4	24
sTHIWigglerCreditsSplineFocus	8032eb0c	24
sVolcanoCreditsSplinePositions	8032eb24	48
sVolcanoCreditsSplineFocus	8032eb54	48
sSSLCreditsSplinePositions	8032eb84	48
sSSLCreditsSplineFocus	8032ebb4	48
sDDDCreditsSplinePositions	8032ebe4	56
sDDDCreditsSplineFocus	8032ec1c	56
sSLCreditsSplinePositions	8032ec54	32
sSLCreditsSplineFocus	8032ec74	32
sWDWCreditsSplinePositions	8032ec94	32
sWDWCreditsSplineFocus	8032ecb4	32
sTTMCreditsSplinePositions	8032ecd4	48
sTTMCreditsSplineFocus	8032ed04	48
sTHIHugeCreditsSplinePositions	8032ed34	56
sTHIHugeCreditsSplineFocus	8032ed6c	56
sTTCCreditsSplinePositions	8032eda4	32
sTTCCreditsSplineFocus	8032edc4	32
sRRCreditsSplinePositions	8032ede4	32
sRRCreditsSplineFocus	8032ee04	32
sSACreditsSplinePositions	8032ee24	40
sSACreditsSplineFocus	8032ee4c	40
sCotMCCreditsSplinePositions	8032ee74	40
sCotMCCreditsSplineFocus	8032ee9c	40
sDDDSubCreditsSplinePositions	8032eec4	40
sDDDSubCreditsSplineFocus	8032eeec	40
sCCMOutsideCreditsSplinePositions	8032ef14	32
sCCMOutsideCreditsSplineFocus	8032ef34	32
sObjectListUpdateOrder	8032ef60	11
sParticleTypes	8032ef6c	304
sBBHStairJiggleOffsets	8032f0a0	4
sPowersOfTwo	8032f0a4	16
sLevelsWithRooms	8032f0b4	12
sCapSaveFlags	8032f0c0	12
sBooHitRotations	8032f0cc	64
sMrIParticleActions	8032f10c	8
sMrIActions	8032f114	16
sMrIHitbox	8032f124	16
sTHITopPuffs	8032f134	20
sCapSwitchText	8032f148	3
sCapSwitchActions	8032f14c	16
sKingBobombActions	8032f15c	36
sKingBobombSoundStates	8032f180	96
sOpenedCannonActions	8032f1e0	28
sUnusedChuckyaData	8032f1fc	60
sChuckyaActions	8032f238	16
sRotatingPlatformData	8032f248	24
sKoopaShellUnderwaterHitbox	8032f260	16
sMistParticles	8032f270	20
sSparkleSpawnStarHitbox	8032f284	16
sYellowCoinHitbox	8032f294	16
sCoinArrowPositions	8032f2a4	32
sCoinInsideBooActions	8032f2c4	8
sTinyTriMovementParams	8032f2cc	24
sTinyStarMovementParams	8032f2e4	28
sDoorActions	8032f300	40
sDoorOpenSounds	8032f328	8
sDoorCloseSounds	8032f330	8
sGrindelThwompActions	8032f338	20
sTumblingBridgeData	8032f34c	48
sTumblingBridgeActions	8032f37c	16
sElevatorHeights	8032f38c	44
sElevatorActions	8032f3b8	20
sGlobalMistParticles	8032f3cc	20
sSandParticles	8032f3e0	20
sSmokeMovementParams	8032f3f4	8
sSnowParticles	8032f3fc	20
sUkikiCageActions	8032f410	16
sBowserShockwaveHitPoints	8032f420	16
sSpindriftHitbox	8032f430	16
sMetalBoxHitbox	8032f440	16
sBreakableBoxHitbox	8032f450	16
D_8032F460	8032f460	40
sHeaveHoActions	8032f488	16
sJumpingBoxHitbox	8032f498	16
sJumpingBoxActions	8032f4a8	8
sBooCageHitbox	8032f4b0	16
sBetaBooKeyActions	8032f4c0	12
sBowserKeyHitbox	8032f4cc	16
sBulletBillActions	8032f4dc	20
sBowserTailAnchorActions	8032f4f0	12
sBowserDebugActions	8032f4fc	16
sBowserVelYAir	8032f50c	2
sBowserFVelAir	8032f510	2
sBowserDanceStepNoises	8032f514	4
sBowserDefeatedDialogText	8032f518	6
sBowsertiltPlatformData	8032f520	72
sBowserActions	8032f568	80
sBowserSoundStates	8032f5b8	216
sBowserRainbowLight	8032f690	3
sBowserHealth	8032f694	3
sBowserFallingPlatform	8032f698	132
sFallingBowserPlatformActions	8032f71c	12
sGrowingBowserFlameHitbox	8032f728	16
sBowserFlameHitbox	8032f738	16
sFlameFloatingYLimit	8032f748	12
D_8032F754	8032f754	40
sCageUkikiPath	8032f77c	92
sUkikiSoundStates	8032f7d8	104
sUkikiActions	8032f840	32
D_8032F860	8032f860	52
D_8032F894	8032f894	52
D_8032F8C8	8032f8c8	8
sRotatingCwFireBarsActions	8032f8d0	16
sKoopaShellHitbox	8032f8e0	16
sToxBoxActionTable1	8032f8f0	52
sToxBoxActionTable2	8032f924	35
sToxBoxActionTable3	8032f948	36
sToxBoxActionTables	8032f96c	12
sToxBoxActions	8032f978	32
sPiranhaPlantBiteSoundFrames	8032f998	8
TablePiranhaPlantActions	8032f9a0	36
sPieceActions01	8032f9c4	28
sPieceActions02	8032f9e0	28
sPieceActions05	8032f9fc	28
sPieceActions06	8032fa18	28
sPieceActions10	8032fa34	28
sPieceActions09	8032fa50	28
sPieceActions13	8032fa6c	28
sPieceActions12	8032fa88	28
sPieceActions08	8032faa4	28
sPieceActions07	8032fac0	28
sPieceActions03	8032fadc	28
sPieceActions04	8032faf8	28
sPieceActions11	8032fb14	28
sPieceActions14	8032fb30	28
sBowserPuzzlePieces	8032fb4c	112
sBowserPuzzlePieceActions	8032fbbc	28
sTuxiesMotherActions	8032fbd8	12
sSmallPenguinActions	8032fbe4	24
sFishSpawnerActions	8032fbfc	12
sFishActions	8032fc08	12
sBirdChirpChirpActions	8032fc14	16
sCheepCheepActions	8032fc24	12
sExclamationBoxHitbox	8032fc30	16
sExclamationBoxContents	8032fc40	128
sExclamationBoxActions	8032fcc0	24
sSkullSlidingBoxHitbox	8032fcd8	16
gOpenableGrills	8032fce8	16
sTweesterHitbox	8032fcf8	16
sTweesterActions	8032fd08	12
sBooGivingStarHitbox	8032fd14	16
sCourtyardBooTripletPositions	8032fd24	20
sBooActions	8032fd38	24
sBooGivingStarActions	8032fd50	20
sBooWithCageActions	8032fd64	16
sScuttlebugHitbox	8032fd74	16
sWhompActions	8032fd84	40
sWaterSplashDropletParams	8032fdac	36
gShallowWaterSplashDropletParams	8032fdd0	36
sWaterDropletFishParams	8032fdf4	36
gShallowWaterWaveDropletParams	8032fe18	36
sStrongWindParticleHitbox	8032fe3c	16
sSLWalkingPenguinErraticSteps	8032fe4c	112
D_8032FEC0	8032fec0	2
unused_8032FEC4	8032fec4	16
gMarioPlatform	8032fed4	4
sDebugEffectStringInfo	8032fee0	36
sDebugEnemyStringInfo	8032ff04	36
sDebugInfoDPadMask	8032ff28	4
sDebugInfoDPadUpdID	8032ff2c	4
sDebugLvSelectCheckFlag	8032ff30	1
sDebugPage	8032ff34	1
sNoExtraDebug	8032ff38	1
sDebugStringArrPrinted	8032ff3c	1
sDebugSysCursor	8032ff40	1
sDebugInfoButtonSeqID	8032ff44	1
sDebugInfoButtonSeq	8032ff48	10
sTransitionColorFadeCount	8032ff60	4
sTransitionTextureFadeCount	8032ff64	4
sTextureTransitionID	8032ff68	16
rectangles	8032ff80	24
sSkyboxTextures	8032ffa0	40
sSkyboxColors	8032ffc8	6
gMovtexCounter	8032ffd0	2
gMovtexCounterPrev	8032ffd4	2
gMovtexVtxColor	8032ffd8	1
gPaintingMarioYEntry	8032ffdc	4
gWDWWaterLevelSet	8032ffe0	4
gMovtexIdToTexture	8032ffe4	32
gMovtexNonColored	80330004	576
gMovtexColored	80330244	216
gMovtexColored2	8033031c	108
sCurAreaTimer	80330390	4
sPrevAreaTimer	80330394	4
sFlyingCarpetRippleTimer	80330398	8
sHMCPaintings	803303a0	8
sInsideCastlePaintings	803303a8	60
sTTMPaintings	803303e4	8
sPaintingGroups	803303ec	12
gPaintingUpdateCounter	803303f8	2
gLastPaintingUpdateCounter	803303fc	2
sTextLabelsCount	80330400	2
gMenuState	80330410	1
gDialogBoxAngle	80330414	4
gDialogBoxScale	80330418	4
gDialogScrollOffsetY	8033041c	2
gDialogBoxType	80330420	1
gDialogID	80330424	2
gNextDialogPageStartStrIndex	80330428	2
gDialogPageStartStrIndex	8033042c	2
gMenuLineNum	80330430	1
gDialogWithChoice	80330434	1
gMenuHoldKeyIndex	80330438	1
gMenuHoldKeyTimer	8033043c	1
gDialogResponse	80330440	4
gHudSymCoin	80330444	2
gHudSymX	80330448	2
gMenuMode	8033047c	2
gEndCutsceneStrEn0	80330480	6
gEndCutsceneStrEn1	80330488	18
gEndCutsceneStrEn2	8033049c	17
gEndCutsceneStrEn3	803304b0	11
gEndCutsceneStrEn4	803304bc	16
gEndCutsceneStrEn5	803304cc	7
gEndCutsceneStrEn6	803304d4	16
gEndCutsceneStrEn7	803304e4	12
gEndCutsceneStrEn8	803304f0	5
gEndCutsceneStringsEn	803304f8	40
gCutsceneMsgFade	80330520	2
gCutsceneMsgIndex	80330524	2
gCutsceneMsgDuration	80330528	2
gCutsceneMsgTimer	8033052c	2
gDialogCameraAngleIndex	80330530	1
gDialogCourseActNum	80330534	1
gCourseCompleteCoinsEqual	803305c0	1
gCourseCompleteScreenTimer	803305c4	4
gCourseCompleteCoins	803305c8	4
gHudFlash	803305cc	1
gEnvFxMode	80330640	1
D_80330644	80330644	4
gSnowTempVtx	80330648	48
gSnowFlakeVertex1	80330678	6
gSnowFlakeVertex2	80330680	6
gSnowFlakeVertex3	80330688	6
D_80330690	80330690	4
D_80330694	80330694	4
gBubbleTempVtx	80330698	48
sMacroObjectPresets	803306d0	2928
sSpecialObjectPresets	80331240	672
sPowerMeterHUD	803314e0	12
sPowerMeterVisibleTimer	803314ec	4
sUnusedHUDValue1	803314f0	4
sUnusedHUDValue2	803314f4	4
sCameraHUDStatus	803314f8	8
sOrientObjWithFloor	80331500	4
sPrevCheckMarioRoom	80331504	2
sYoshiDead	80331508	1
sDebugSequenceTracker	8033150c	1
sDebugTimer	80331510	1
sMovingYellowCoinHitbox	80331514	16
sMovingBlueCoinHitbox	80331524	16
sBobombHitbox	80331534	16
sWhirlpoolHitbox	80331544	16
sAmpHitbox	80331554	16
sSmallBullyHitbox	80331564	16
sBigBullyHitbox	80331574	16
sMoneybagHitbox	80331584	16
sMoneybagHiddenHitbox	80331594	16
sBowlingBallHitbox	803315a4	16
sTHIHugeMetalBallTraj	803315b4	84
sTHITinyMetalBallTraj	80331608	76
sRollingSphereHitbox	80331654	16
sCapHitbox	80331664	16
sCollectStarHitbox	80331674	16
sRedCoinHitbox	80331684	16
D_80331694	80331694	4
sBreakableBoxSmallHitbox	80331698	16
sMantaRayTraj	803316a8	68
sMantaRayHitbox	803316ec	16
sFallingPillarHitbox	803316fc	16
sTreasureChestBottomHitbox	8033170c	16
sYoshiHomeLocations	8033171c	20
sKoopaHitbox	80331730	16
sKoopaUnshelledAttackHandlers	80331740	8
sKoopaShelledAttackHandlers	80331748	8
sKoopaTheQuickProperties	80331750	32
sPokeyBodyPartHitbox	80331770	16
sPokeyBodyPartAttackHandlers	80331780	8
sSwoopHitbox	80331788	16
sFlyGuyHitbox	80331798	16
sFlyGuyJitterAmounts	803317a8	8
sGoombaHitbox	803317b0	16
sGoombaProperties	803317c0	36
sGoombaAttackHandlers	803317e4	12
sChainChompHitbox	803317f0	16
sWigglerBodyPartHitbox	80331800	16
sWigglerHitbox	80331810	16
sWigglerAttackHandlers	80331820	8
sWigglerSpeeds	80331828	28
sSpinyHitbox	80331844	16
sSpinyWalkAttackHandlers	80331854	8
sEnemyLakituHitbox	8033185c	16
sCloudPartHeights	8033186c	8
montyMoleRiseFromGroundParticles	80331874	20
sMontyMoleHitbox	80331888	16
sMontyMoleRockHitbox	80331898	16
sMontyMoleRockBreakParticles	803318a8	20
sPlatformOnTrackCollisionModels	803318bc	16
sPlatformOnTrackPaths	803318cc	36
sSeesawPlatformCollisionModels	803318f0	32
sFerrisWheelProperties	80331910	24
sWaterBombHitbox	80331928	16
waterBombExplodeParticles	80331938	20
waterBombCannonParticle	8033194c	20
sTTCRotatingSolidCollisionModels	80331960	8
sTTCRotatingSolidInitialDelays	80331968	4
sTTCPendulumInitialAccels	8033196c	16
sTTCTreadmillCollisionModels	8033197c	8
sTTCTreadmillSpeeds	80331984	8
sTTCMovingBarDelays	8033198c	8
sTTCMovingBarRandomDelays	80331994	4
sTTCCogCollisionModels	80331998	8
sTTCCogDirections	803319a0	4
sTTCCogNormalSpeeds	803319a4	4
sTTCPitBlockCollisionModels	803319a8	8
sTTCPitBlockProperties	803319b0	32
sTTCElevatorSpeeds	803319d0	4
sTTC2DRotatorSpeeds	803319d4	4
sTTC2DRotatorTimeBetweenTurns	803319d8	16
sTTCSpinnerSpeeds	803319e8	8
sMrBlizzardHitbox	803319f0	16
D_80331A00	80331a00	20
sMrBlizzardSnowballHitbox	80331a14	16
sSlidingPlatform2CollisionData	80331a24	32
sOctagonalPlatformCollision	80331a44	8
sOctagonalPlatformAngularVelocities	80331a4c	8
D_80331A54	80331a54	120
D_80331ACC	80331acc	6
sActivatedBackAndForthPlatformCollisionModels	80331ad4	12
sRecoveryHeartHitbox	80331ae0	16
sUnagiHitbox	80331af0	16
sHauntedChairHitbox	80331b00	16
sMadPianoHitbox	80331b10	16
sFlyingBookendHitbox	80331b20	16
D_80331B30	80331b30	12
sBookSwitchHitbox	80331b3c	16
sFirePiranhaPlantHitbox	80331b4c	16
D_80331B5C	80331b5c	8
sPiranhaPlantFireHitbox	80331b64	16
sSnufitHitbox	80331b74	16
sSnufitBulletHitbox	80331b84	16
sEyerokHitbox	80331b94	16
D_80331BA4	80331ba4	6
sKleptoHitbox	80331bac	16
sKleptoTargetPositions	80331bbc	36
sKleptoAttackHandlers	80331be0	8
sRacingPenguinData	80331be8	24
coffinRelativePos	80331c00	24
sClamShellHitbox	80331c18	16
sSkeeterHitbox	80331c28	16
D_80331C38	80331c38	16
sDonutPlatformPositions	80331c48	188
sTripletButterflyExplodeHitbox	80331d04	16
sTripletButterflyActivationData	80331d14	24
sBubbaHitbox	80331d2c	20
gAudioErrorFlags	80331d40	4
sGameLoopTicked	80331d44	4
sDialogSpeaker	80331d48	170
sDialogSpeakerVoice	80331df4	60
sNumProcessedSoundRequests	80331e30	1
sSoundRequestCount	80331e34	1
sDynBBH	80331e38	12
sDynDDD	80331e44	24
sDynJRB	80331e5c	26
sDynWDW	80331e78	14
sDynHMC	80331e88	16
sDynUnk38	80331e98	16
sDynNone	80331ea8	4
sCurrentMusicDynamic	80331eac	1
sBackgroundMusicForDynamics	80331eb0	1
sLevelDynamics	80331eb4	156
sMusicDynamics	80331f50	96
sLevelAreaReverbs	80331fb0	117
sLevelAcousticReaches	80332028	78
sBackgroundMusicDefaultVolume	80332078	35
sCurrentBackgroundMusicSeqId	8033209c	1
sMusicDynamicDelay	803320a0	1
sSoundBankUsedListBack	803320a4	10
sSoundBankFreeListFront	803320b0	10
sNumSoundsInBank	803320bc	10
sMaxChannelsForSoundBank	803320c8	10
sNumSoundsPerBank	803320d4	10
gGlobalSoundSource	803320e0	12
sUnusedSoundArgs	803320ec	12
sSoundBankDisabled	803320f8	2
D_80332108	80332108	1
sHasStartedFadeOut	8033210c	1
sSoundBanksThatLowerBackgroundMusic	80332110	2
sUnused80332114	80332114	1
sUnused80332118	80332118	2
sBackgroundMusicMaxTargetVolume	8033211c	1
D_80332120	80332120	1
D_80332124	80332124	1
sBackgroundMusicQueueSize	80332128	1
gAudioSessionPresets	80332190	504
gAudioCosineTable	80332388	256
gPitchBendFrequencyScale	80332488	1020
gNoteFrequencies	80332884	512
gDefaultShortNoteVelocityTable	80332a84	16
gDefaultShortNoteDurationTable	80332a94	16
gVibratoCurve	80332aa4	16
gDefaultEnvelope	80332ab4	12
sSineWave	80332ac0	128
sSquareWave	80332b40	128
sTriangleWave	80332bc0	128
sSawtoothWave	80332c40	128
gWaveSamples	80332cc0	16
gHeadsetPanQuantization	80332cd0	20
gHeadsetPanVolume	80332ce4	512
gStereoPanVolume	80332ee4	512
gDefaultPanVolume	803330e4	512
gVolRampingLhs136	803332e4	512
gVolRampingRhs136	803334e4	512
gVolRampingLhs144	803336e4	512
gVolRampingRhs144	803338e4	512
gVolRampingLhs128	80333ae4	512
gVolRampingRhs128	80333ce4	512
gTatumsPerBeat	80333ee4	2
gUnusedCount80333EE8	80333ee8	1
gAudioHeapSize	80333eec	4
gAudioInitPoolSize	80333ef0	4
gAudioLoadLock	80333ef4	4
sUnused8033EF8	80333ef8	1
osViModeTable	80333f00	2184
viMgrMainArgs	803347c0	5
__osPiDevMgr	803347e0	5
osClockRate	80334800	8
__osShutdown	80334808	4
_osContInitialized	80334810	4
__osTimerList	80334830	4
spaces	80334840	36
zeroes	80334864	44
__osThreadTail	80334890	4
D_80334894	80334894	4
__osRunQueue	80334898	4
__osActiveQueue	8033489c	4
__osRunningThread	803348a0	4
__osFaultedThread	803348a4	4
sViContexts	803348b0	3
__osViCurr	80334910	4
__osViNext	80334914	4
sTvType	80334918	4
osViClock	8033491c	4
__osHwIntTable	80334920	20
D_80334934	80334934	4
D_80334938	80334938	8
gOsPiAccessQueueCreated	80334940	4
gOsSiAccessQueueCreated	80334950	4
osViModePalLan1	80334990	78
osViModeMpalLan1	803349e0	78
__osRdbSendMessage	80334a40	4
__osRdbWriteOK	80334a44	4
__osIntOffTable	80338610	32
__osIntTable	80338630	48
NAN	80338660	4
pows	80338670	72
__osRcpImTable	803386d0	128
rspF3DDataStart	80338750	2048
rspAspMainDataStart	80338f50	704
rspF3DDataEnd	80338f50	704
D_80339210	80339210	432
_mainSegmentEnd	80339210	432
_mainSegmentNoloadStart	80339210	432
rspAspMainDataEnd	80339210	432
gIdleThread	803393c0	432
gMainThread	80339570	432
gGameLoopThread	80339720	432
gSoundThread	803398d0	432
gPIMesgQueue	80339a80	24
gIntrMesgQueue	80339a98	24
gSPTaskMesgQueue	80339ab0	24
gDmaMesgBuf	80339ac8	4
gPIMesgBuf	80339ad0	128
gSIEventMesgBuf	80339b50	4
gIntrMesgBuf	80339b58	64
gUnknownMesgBuf	80339b98	64
gDmaIoMesg	80339bd8	20
gMainReceivedMesg	80339bec	4
gDmaMesgQueue	80339bf0	24
gSIEventMesgQueue	80339c08	24
gControllers	80339c20	84
gControllerStatuses	80339c78	16
gControllerPads	80339c88	24
gGameVblankQueue	80339ca0	24
gGfxVblankQueue	80339cb8	24
gGameMesgBuf	80339cd0	4
gGfxMesgBuf	80339cd4	4
gGameVblankHandler	80339cd8	8
gPhysicalFramebuffers	80339ce0	12
gPhysicalZBuffer	80339cec	4
gMarioAnimsMemAlloc	80339cf0	4
gDemoInputsMemAlloc	80339cf4	4
gGfxSPTask	80339cf8	4
gDisplayListHead	80339cfc	4
gGfxPoolEnd	80339d00	4
gGfxPool	80339d04	4
gControllerBits	80339d08	1
gEepromProbe	80339d09	1
gMarioAnimsBuf	80339d10	12
gDemoInputsBuf	80339d20	12
sfillerGameInit	80339d30	144
unused80339DC0	80339dc0	16
sSoundMesgQueue	80339dd0	24
sSoundMesgBuf	80339de8	8
sSoundVblankHandler	80339df0	16
gMarioStates	80339e00	200
sCurrPlayMode	80339ec8	2
D_80339ECA	80339eca	2
sTransitionTimer	80339ecc	2
sTransitionUpdate	80339ed0	4
unused2	80339ed4	4
sWarpDest	80339ed8	8
D_80339EE0	80339ee0	2
sDelayedWarpOp	80339ee2	2
sDelayedWarpTimer	80339ee4	2
sSourceWarpNodeId	80339ee6	2
sDelayedWarpArg	80339ee8	4
sUnusedLevelUpdateBss	80339eec	2
sTimerRunning	80339eee	1
gHudDisplay	80339ef0	14
gNeverEnteredCastle	80339efe	1
sDelayInvincTimer	80339f00	1
sInvulnerable	80339f02	2
unused80339F10	80339f10	4
unused80339F1C	80339f18	20
sIntroWarpPipeObj	80339f30	4
sEndPeachObj	80339f34	4
sEndRightToadObj	80339f38	4
sEndLeftToadObj	80339f3c	4
sEndJumboStarObj	80339f40	4
sUnused	80339f44	4
sEndPeachAnimation	80339f48	4
sEndToadAnims	80339f4c	4
sFloorAlignMatrix	80339f50	128
sBobTimer	80339fd0	2
sBobIncrement	80339fd2	2
sBobHeight	80339fd4	12
gMirrorMario	80339fe0	96
gBodyStates	8033a040	80
sSegmentTable	8033a090	128
sPoolFreeSpace	8033a110	4
sPoolStart	8033a114	4
sPoolEnd	8033a118	4
sPoolListHeadL	8033a11c	4
sPoolListHeadR	8033a120	4
gEffectsMemoryPool	8033a124	4
gWarpCheckpoint	8033a130	5
gMainMenuDataModified	8033a135	1
gSaveFileModified	8033a136	1
gPlayerSpawnInfos	8033a140	32
D_8033A160	8033a160	1024
gAreaData	8033a560	480
gWarpTransition	8033a740	22
gCurrCourseNum	8033a756	2
gCurrActNum	8033a758	2
gCurrAreaIndex	8033a75a	2
gSavedCourseNum	8033a75c	2
gMenuOptSelectIndex	8033a75e	2
gSaveOptSelectIndex	8033a760	2
gMatStackIndex	8033a770	2
gMatStack	8033a778	2048
gMatStackFixed	8033af78	128
gGeoTempState	8033aff8	16
gCurrAnimType	8033b008	1
gCurrAnimEnabled	8033b009	1
gCurrAnimFrame	8033b00a	2
gCurrAnimTranslationMultiplier	8033b00c	4
gCurrAnimAttribute	8033b010	4
gCurrAnimData	8033b014	4
gDisplayListHeap	8033b018	4
gProfilerFrameData	8033b020	400
gPlayerCameraState	8033b1b0	72
sOldPosition	8033b1f8	12
sOldFocus	8033b208	12
sPlayer2FocusOffset	8033b218	12
sCreditsPlayer2Pitch	8033b224	2
sCreditsPlayer2Yaw	8033b226	2
sFramesPaused	8033b228	1
sFOVState	8033b230	28
sModeTransition	8033b250	36
sMarioGeometry	8033b278	52
unusedFreeRoamWallYaw	8033b2ac	2
sAvoidYawVel	8033b2ae	2
sCameraYawAfterDoorCutscene	8033b2b0	2
unusedSplinePitch	8033b2b2	2
unusedSplineYaw	8033b2b4	2
sHandheldShakeSpline	8033b2b8	64
sHandheldShakeMag	8033b2f8	2
sHandheldShakeTimer	8033b2fc	4
sHandheldShakeInc	8033b300	4
sHandheldShakePitch	8033b304	2
sHandheldShakeYaw	8033b306	2
sHandheldShakeRoll	8033b308	2
unused8033B30C	8033b30c	4
unused8033B310	8033b310	4
sSelectionFlags	8033b314	2
unused8033B316	8033b316	2
s2ndRotateFlags	8033b318	2
unused8033B31A	8033b31a	2
sCameraSoundFlags	8033b31c	2
sCButtonsPressed	8033b31e	2
sCutsceneDialogID	8033b320	2
gLakituState	8033b328	192
unused8033B3E8	8033b3e8	2
sAreaYaw	8033b3ea	2
sAreaYawChange	8033b3ec	2
sLakituDist	8033b3ee	2
sLakituPitch	8033b3f0	2
sZoomAmount	8033b3f4	4
sCSideButtonYaw	8033b3f8	2
sBehindMarioSoundTimer	8033b3fa	2
sZeroZoomDist	8033b3fc	4
sCUpCameraPitch	8033b400	2
sModeOffsetYaw	8033b402	2
sSpiralStairsYawOffset	8033b404	2
s8DirModeBaseYaw	8033b406	2
s8DirModeYawOffset	8033b408	2
sPanDistance	8033b40c	4
sCannonYOffset	8033b410	4
sModeInfo	8033b418	72
sCastleEntranceOffset	8033b460	12
sParTrackIndex	8033b46c	4
sParTrackPath	8033b470	4
sParTrackTransOff	8033b478	32
sCameraStoreCUp	8033b498	32
sCameraStoreCutscene	8033b4b8	32
gCameraMovementFlags	8033b4d8	2
sStatusFlags	8033b4da	2
sCurCreditsSplinePos	8033b4e0	256
sCurCreditsSplineFocus	8033b5e0	256
sCutsceneSplineSegment	8033b6e0	2
sCutsceneSplineSegmentProgress	8033b6e4	4
unused8033B6E8	8033b6e8	2
sCutsceneShot	8033b6ea	2
gCutsceneTimer	8033b6ec	2
sCutsceneVars	8033b6f0	360
gObjCutsceneDone	8033b858	4
gCutsceneObjSpawn	8033b85c	4
gCamera	8033b860	4
gObjectListArray	8033b870	1664
gDebugInfoFlags	8033bef0	4
gNumFindFloorMisses	8033bef4	4
unused_8033BEF8	8033bef8	4
gUnknownWallCount	8033befc	4
gObjectCounter	8033bf00	4
gNumCalls	8033bf04	6
gDebugInfo	8033bf10	256
gDebugInfoOverwrite	8033c010	256
gTimeStopState	8033c110	4
gObjectPool	8033c118	145920
gMacroObjectDefaultParent	8035fb18	608
gObjectLists	8035fd78	4
gFreeObjectList	8035fd80	104
gMarioObject	8035fde8	4
gLuigiObject	8035fdec	4
gCurrentObject	8035fdf0	4
gCurBhvCommand	8035fdf4	4
gPrevFrameObjectCount	8035fdf8	2
gSurfaceNodesAllocated	8035fdfc	4
gSurfacesAllocated	8035fe00	4
gNumStaticSurfaceNodes	8035fe04	4
gNumStaticSurfaces	8035fe08	4
gObjectMemoryPool	8035fe0c	4
gCheckingSurfaceCollisionsForCamera	8035fe10	2
gFindFloorIncludeSurfaceIntangible	8035fe12	2
gEnvironmentRegions	8035fe14	4
gEnvironmentLevels	8035fe18	80
gDoorAdjacentRooms	8035fe68	120
gMarioCurrentRoom	8035fee0	2
D_8035FEE2	8035fee2	2
D_8035FEE4	8035fee4	2
gTHIWaterDrained	8035fee6	2
gTTCSpeedSetting	8035fee8	2
gMarioShotFromCannon	8035feea	2
gCCMEnteredSlide	8035feec	2
gNumRoomedObjectsInMarioRoom	8035feee	2
gNumRoomedObjectsNotInMarioRoom	8035fef0	2
gWDWWaterLevelChanging	8035fef2	2
gMarioOnMerryGoRound	8035fef4	2
grabReleaseState	8035ff00	16
D_8035FF10	8035ff10	16
gDebugPrintState1	8035ff20	12
gDebugPrintState2	8035ff30	12
sMarioOnFlyingCarpet	8035ff40	1
sSurfaceTypeBelowShadow	8035ff42	2
gShadowAboveWaterOrLava	8035ff44	1
gMarioOnIceOrCarpet	8035ff45	1
sSkyBoxInfo	8035ff50	32
gMovetexLastTextureId	8035ff70	2
gFlyingCarpetState	8035ff80	1
gPaintingMarioFloorType	8035ff90	2
gPaintingMarioXPos	8035ff94	4
gPaintingMarioYPos	8035ff98	4
gPaintingMarioZPos	8035ff9c	4
gPaintingMesh	8035ffa0	4
gPaintingTriNorms	8035ffa4	4
gRipplingPainting	8035ffa8	4
gDDDPaintingStatus	8035ffac	1
sTextLabels	8035ffb0	208
gMenuTextColorTransTimer	80360080	2
gLastDialogLineNum	80360082	1
gDialogVariable	80360084	4
gMenuTextAlpha	80360088	2
gCutsceneMsgXOffset	8036008a	2
gCutsceneMsgYOffset	8036008c	2
gRedCoinsCollected	8036008e	1
gEnvFxBuffer	80360090	4
gSnowCylinderLastPos	80360098	12
gSnowParticleCount	803600a4	2
gSnowParticleMaxCount	803600a6	2
gEnvFxBubbleConfig	803600b0	20
sGfxCursor	803600c4	4
sBubbleParticleCount	803600c8	4
sBubbleParticleMaxCount	803600cc	4
sPowerMeterStoredHealth	803600d0	16
sObjFloor	803600e0	16
sNumActiveFirePiranhaPlants	803600f0	4
sNumKilledFirePiranhaPlants	803600f4	4
sObjSavedPosX	803600f8	4
sObjSavedPosY	803600fc	4
sObjSavedPosZ	80360100	4
sMontyMoleHoleList	80360104	4
sMontyMoleKillStreak	80360108	4
sMontyMoleLastKilledPosX	8036010c	4
sMontyMoleLastKilledPosY	80360110	4
sMontyMoleLastKilledPosZ	80360114	4
sMasterTreadmill	80360118	4
gCurrAiBuffer	80360120	4
sSoundRequests	80360128	2048
D_80360928	80360928	768
sUsedChannelsForSoundBank	80360c28	10
sCurrentSound	80360c38	10
sSoundBanks	80360c48	11200
sSoundMovingSpeed	80363808	10
sBackgroundMusicTargetVolume	80363812	1
sLowerBackgroundMusicVolume	80363813	5
sBackgroundMusicQueue	80363818	12
__osEventStateTab	80363830	120
tmpTask	803638b0	64
piMgrThread	80364b00	432
piMgrStack	80364cb0	4096
piEventQueue	80365cb0	24
piEventBuf	80365cc8	8
__osFinalrom	80365cd0	4
__osContPifRam	80365ce0	64
__osContLastCmd	80365d20	1
__osMaxControllers	80365d21	1
__osEepromTimer	80365d28	32
__osEepromTimerQ	80365d48	24
__osEepromTimerMsg	80365d60	16
__osBaseTimer	80365d80	32
__osCurrentTime	80365da0	8
__osBaseCounter	80365da8	4
__osViIntrCount	80365dac	4
__osTimerCounter	80365db0	4
osPiMesgBuff	80365dc0	8
gOsPiMessageQueue	80365dc8	24
osSiMesgBuff	80365de0	8
gOsSiMessageQueue	80365de8	24
__osEepPifRam	80365e00	64
debugBuffer	80365e40	256
__osThreadSave	80365f40	432
_mainSegmentNoloadEnd	803660f0	75536
_engineSegmentStart	80378800	64
vec3f_copy	80378800	64
vec3f_set	80378840	76
vec3f_add	8037888c	88
vec3f_sum	803788e4	88
vec3s_copy	8037893c	64
vec3s_set	8037897c	76
vec3s_add	803789c8	88
vec3s_sum	80378a20	88
vec3s_sub	80378a78	88
vec3s_to_vec3f	80378ad0	100
vec3f_to_vec3s	80378b34	284
find_vector_perpendicular_to_plane	80378c50	232
vec3f_cross	80378d38	136
vec3f_normalize	80378dc0	168
mtxf_copy	80378e68	76
mtxf_identity	80378eb4	112
mtxf_translate	80378f24	96
mtxf_lookat	80378f84	1212
mtxf_rotate_zxy_and_translate	80379440	432
mtxf_rotate_xyz_and_translate	803795f0	424
mtxf_billboard	80379798	384
mtxf_align_terrain_normal	80379918	396
mtxf_align_terrain_triangle	80379aa4	1212
mtxf_mul	80379f60	828
mtxf_scale_vec3f	8037a29c	172
mtxf_mul_vec3s	8037a348	236
mtxf_to_mtx	8037a434	132
mtxf_rotate_xy	8037a4b8	152
get_pos_from_transform_mtx	8037a550	332
vec3f_get_dist_and_angle	8037a69c	236
vec3f_set_dist_and_angle	8037a788	216
approach_s32	8037a860	84
approach_f32	8037a8b4	112
atan2s	8037a9a8	480
atan2f	8037ab88	100
spline_get_weights	8037abec	972
anim_spline_init	8037afb8	48
anim_spline_poll	8037afe8	564
init_scene_graph_node_links	8037b220	44
init_graph_node_root	8037b24c	192
init_graph_node_ortho_projection	8037b30c	116
init_graph_node_perspective	8037b380	200
init_graph_node_start	8037b448	100
init_graph_node_master_list	8037b4ac	132
init_graph_node_render_range	8037b530	132
init_graph_node_switch_case	8037b5b4	188
init_graph_node_camera	8037b670	212
init_graph_node_translation_rotation	8037b744	180
init_graph_node_translation	8037b7f8	164
init_graph_node_rotation	8037b89c	164
init_graph_node_scale	8037b940	160
init_graph_node_object	8037b9e0	244
init_graph_node_culling_radius	8037bad4	116
init_graph_node_animated_part	8037bb48	164
init_graph_node_billboard	8037bbec	164
init_graph_node_display_list	8037bc90	148
init_graph_node_shadow	8037bd24	144
init_graph_node_object_parent	8037bdb4	116
init_graph_node_generated	8037be28	164
init_graph_node_background	8037becc	184
init_graph_node_held_object	8037bf84	192
geo_add_child	8037c044	120
geo_remove_child	8037c0bc	124
geo_make_first_child	8037c138	172
geo_call_global_function_nodes_helper	8037c1e4	380
geo_call_global_function_nodes	8037c360	112
geo_reset_object_node	8037c3d0	120
geo_obj_init	8037c448	212
geo_obj_init_spawninfo	8037c51c	316
geo_obj_init_animation	8037c658	176
geo_obj_init_animation_accel	8037c708	208
retrieve_animation_index	8037c7d8	108
geo_update_animation_frame	8037c844	420
geo_retreive_animation_translation	8037c9e8	296
geo_find_root	8037cb10	80
read_vec3s_to_vec3f	8037cb60	96
read_vec3s	8037cbc0	60
read_vec3s_angle	8037cbfc	120
register_scene_graph_node	8037cc74	236
geo_layout_cmd_branch_and_link	8037cd60	196
geo_layout_cmd_end	8037ce24	196
geo_layout_cmd_branch	8037cee8	136
geo_layout_cmd_return	8037cf70	80
geo_layout_cmd_open_node	8037cfc0	88
geo_layout_cmd_close_node	8037d018	56
geo_layout_cmd_assign_as_view	8037d050	128
geo_layout_cmd_update_node_flags	8037d0d0	256
geo_layout_cmd_node_root	8037d1d0	344
geo_layout_cmd_node_ortho_projection	8037d328	124
geo_layout_cmd_node_perspective	8037d3a4	232
geo_layout_cmd_node_start	8037d48c	80
geo_layout_cmd_nop3	8037d4dc	36
geo_layout_cmd_node_master_list	8037d500	92
geo_layout_cmd_node_level_of_detail	8037d55c	120
geo_layout_cmd_node_switch_case	8037d5d4	108
geo_layout_cmd_node_camera	8037d640	176
geo_layout_cmd_node_translation_rotation	8037d6f0	484
geo_layout_cmd_node_translation	8037d8d4	196
geo_layout_cmd_node_rotation	8037d998	196
geo_layout_cmd_node_scale	8037da5c	244
geo_layout_cmd_nop2	8037db50	36
geo_layout_cmd_node_animated_part	8037db74	156
geo_layout_cmd_node_billboard	8037dc10	196
geo_layout_cmd_node_display_list	8037dcd4	120
geo_layout_cmd_node_shadow	8037dd4c	144
geo_layout_cmd_node_object_parent	8037dddc	88
geo_layout_cmd_node_generated	8037de34	96
geo_layout_cmd_node_background	8037de94	100
geo_layout_cmd_nop	8037def8	36
geo_layout_cmd_copy_view	8037df1c	184
geo_layout_cmd_node_held_obj	8037dfd4	132
geo_layout_cmd_node_culling_radius	8037e058	92
process_geo_layout	8037e0b4	232
level_script_execute	803805c8	188
f32_find_wall_collision	80380de8	164
find_wall_collisions	80380e8c	428
find_ceil	80381264	524
unused_obj_find_floor_height	80381470	72
find_floor_height_and_data	803814b8	180
find_floor_height	80381794	76
unused_find_dynamic_floor	803817e0	288
find_floor	80381900	672
find_water_level	80381ba0	412
find_poison_gas_level	80381d3c	396
debug_surface_list_info	80381f08	908
unused_resolve_floor_or_ceil_collisions	80382294	504
alloc_surface_pools	80383340	120
load_area_terrain	803833b8	492
clear_dynamic_surfaces	803835a4	96
transform_object_vertices	80383614	532
load_object_surfaces	80383828	420
load_object_collision_model	803839cc	416
random_u16	80383bb0	260
random_float	80383cb4	104
random_sign	80383d1c	76
obj_update_gfx_pos_and_angle	80383d68	84
stub_behavior_script_2	80385bf0	16
cur_obj_update	80385c00	904
identityMtx	80385f90	32
zeroMtx	80385fb0	32
gVec3fZero	80385fd0	12
gVec3sZero	80385fdc	6
gVec3fOne	80385fe4	12
gVec3sOne	80385ff0	6
gSineTable	80386000	4096
gCosineTable	80387000	16384
gArctanTable	8038b000	2050
GeoLayoutJumpTable	8038b810	132
unused_8038B894	8038b894	12
sLevelPool	8038b8a0	4
sDelayFrames	8038b8a4	4
sDelayFrames2	8038b8a8	4
sCurrAreaIndex	8038b8ac	4
sStackTop	8038b8b0	4
sStackBase	8038b8b4	4
LevelScriptJumpTable	8038b8b8	248
BehaviorCmdTable	8038b9b0	224
_engineSegmentEnd	8038bc90	4
_engineSegmentNoloadStart	8038bc90	4
gSplineKeyframe	8038bc90	4
gSplineKeyframeFraction	8038bc94	4
gSplineState	8038bc98	4
gGraphNodePool	8038bca0	4
gCurRootGraphNode	8038bca4	4
D_8038BCA8	8038bca8	4
gGeoViews	8038bcac	4
gGeoNumViews	8038bcb0	2
gGeoLayoutStack	8038bcb8	64
gCurGraphNodeList	8038bcf8	128
gCurGraphNodeIndex	8038bd78	2
gGeoLayoutStackIndex	8038bd7a	2
D_8038BD7C	8038bd7c	2
gGeoLayoutReturnIndex	8038bd7e	2
gGeoLayoutCommand	8038bd80	4
gObjParentGraphNode	8038bd88	20
sStack	8038bda0	128
sScriptStatus	8038be20	4
sRegister	8038be24	4
sCurrentCmd	8038be28	8
sFloorGeo	8038be30	32
unused8038BE50	8038be50	64
unused8038BE90	8038be90	4
gStaticSurfacePartition	8038be98	6144
gDynamicSurfacePartition	8038d698	6144
sSurfaceNodePool	8038ee98	4
sSurfacePool	8038ee9c	4
sSurfacePoolSize	8038eea0	2
unused8038EEA8	8038eea8	48
gRandomSeed16	8038eee0	16
_engineSegmentNoloadEnd	8038eef0	2320
_framebuffersSegmentNoloadStart	8038f800	153600
gFramebuffer0	8038f800	153600
gFramebuffer1	803b5000	153600
gFramebuffer2	803da800	153600
_framebuffersSegmentNoloadEnd	80400000	4
K1BASE	a0000000	4
SP_DMEM	a4000000	4
SP_DMEM_UNK0	a40004c0	4
SP_DMEM_UNK1	a4000774	4
SP_IMEM	a4001000	4
SP_STATUS_REG	a4040010	4
SP_PC	a4080000	4
MI_MODE_REG	a4300000	4
MI_VERSION_REG	a4300004	4
MI_INTR_REG	a4300008	4
MI_INTR_MASK_REG	a430000c	4
VI_CURRENT_REG	a4400010	4
AI_STATUS_REG	a450000c	4
PI_DRAM_ADDR_REG	a4600000	4
PI_CART_ADDR_REG	a4600004	4
PI_WR_LEN_REG	a460000c	4
PI_STATUS_REG	a4600010	4
PI_BSD_DOM1_LAT_REG	a4600014	4
PI_BSD_DOM1_PWD_REG	a4600018	4
PI_BSD_DOM1_PGS_REG	a460001c	4
PI_BSD_DOM1_RLS_REG	a4600020	4
RI_MODE_REG	a4700000	4
RI_REFRESH_REG	a4700010	4
SI_STATUS_REG	a4800018	4
D_B0000008	b0000008	4
D_B0000010	b0000010	4
D_B0000014	b0000014	4
D_C0000000	c0000000	4
K2BASE	c0000000	4
D_C0000008	c0000008	4
D_C000000C	c000000c	4
