EXCEPTION_TLB_MISS	80000000	768
K0BASE	80000000	768
osTvType	80000300	4
osRomType	80000304	4
osRomBase	80000308	4
osResetType	8000030c	4
osCiCId	80000310	4
osVersion	80000314	4
osMemSize	80000318	4
osAppNmiBuffer	8000031c	64
__osBbEepromAddress	8000035c	4
__osBbEepromSize	80000360	4
__osBbFlashAddress	80000364	4
__osBbFlashSize	80000368	4
__osBbSramAddress	8000036c	4
__osBbSramSize	80000370	4
__osBbPakAddress	80000374	16
__osBbPakSize	80000384	4
__osBbIsBb	80000388	4
__osBbHackFlags	8000038c	116
_zbufferSegmentNoloadStart	80000400	153600
gZBuffer	80000400	153600
_goddardSegmentStart	8016f000	248
run_level_id_or_demo	8016f000	248
intro_level_select	8016f0f8	508
intro_regular	8016f2f4	224
intro_game_over	8016f3d4	188
intro_play_its_a_me_mario	8016f490	64
lvl_intro_update	8016f4d0	144
geo_intro_super_mario_64_logo	8016f560	452
geo_intro_tm_copyright	8016f724	336
geo_intro_regular_backdrop	8016fb10	264
geo_intro_gameover_backdrop	8016fc18	492
intro_gen_face_texrect	8016fe04	440
intro_draw_face	8016ffbc	600
intro_sample_framebuffer	80170214	1212
geo_intro_face_easter_egg	801706d0	420
geo_intro_rumble_pak_graphic	80170874	188
beh_yellow_background_menu_init	80170930	40
beh_yellow_background_menu_loop	80170958	40
check_clicked_button	80170980	344
bhv_menu_button_init	80171044	36
bhv_menu_button_loop	80171068	388
exit_score_file_to_score_menu	801711ec	152
render_score_menu_buttons	80171284	860
check_score_menu_clicked_buttons	801715e0	440
render_copy_menu_buttons	80171798	860
copy_action_file_button	80171af4	640
check_copy_menu_clicked_buttons	80171d74	408
render_erase_menu_buttons	80171f0c	860
erase_action_file_button	80172268	392
check_erase_menu_clicked_buttons	801723f0	388
render_sound_mode_menu_buttons	80172574	280
check_sound_mode_menu_clicked_buttons	8017268c	312
load_main_menu_save_file	801727c4	28
return_to_main_menu	801727e0	384
load_score_menu_from_submenu	80172960	384
load_copy_menu_from_submenu	80172ae0	384
load_erase_menu_from_submenu	80172c60	384
bhv_menu_button_manager_init	80172de0	852
check_main_menu_clicked_buttons	80173134	672
bhv_menu_button_manager_loop	801733d4	652
handle_cursor_button_input	80173660	296
handle_controller_cursor_input	80173788	316
print_menu_cursor	801738c4	308
print_hud_lut_string_fade	801739f8	200
print_generic_string_fade	80173ac0	188
update_text_fade_out	80173b7c	100
print_save_file_star_count	80173be0	240
print_main_menu_strings	80173cd0	652
score_menu_display_message	80173f5c	108
print_score_menu_strings	80173fc8	636
copy_menu_display_message	80174244	248
copy_menu_update_message	8017433c	328
print_copy_menu_strings	80174484	556
print_erase_menu_prompt	801746b0	1256
erase_menu_display_message	80174b98	400
erase_menu_update_message	80174d28	320
print_erase_menu_strings	80174e68	556
print_sound_mode_menu_strings	80175094	492
print_score_file_castle_secret_stars	80175280	112
print_score_file_course_coin_score	801752f0	488
print_score_file_star_score	801754d8	176
print_save_file_scores	80175588	1808
geo_file_select_strings_and_menu_cursor	80175e08	60
lvl_init_menu_values_and_cursor_pos	80175e44	344
lvl_update_obj_and_load_file_selected	80175f9c	40
bhv_act_selector_star_type_loop	80175fd0	324
render_100_coin_star	80176114	136
bhv_act_selector_init	8017619c	560
bhv_act_selector_loop	801763cc	440
print_course_number	80176584	284
print_act_selector_strings	801766a0	828
geo_act_selector_strings	801769dc	60
lvl_init_act_selector_values_and_stars	80176a18	156
lvl_update_obj_and_load_act_button_actions	80176ab4	216
__main__	80176b90	272
empty_mem_block	80176ca0	260
into_free_memblock	80176da4	184
make_mem_block	80176e5c	476
gd_free_mem	80177038	160
gd_request_mem	801770d8	548
gd_add_mem_to_heap	801772fc	144
init_mem_block_lists	8017738c	40
print_list_stats	801773b4	380
mem_stats	80177530	300
gd_reset_sfx	80177660	32
gd_new_sfx_to_play	80177680	44
gd_sfx_update	801776ac	40
gd_play_sfx	801776d4	36
setup_lights	80177700	156
Unknown801781DC	8017779c	704
draw_shape	80177a5c	880
draw_shape_2d	80177dcc	244
draw_light	80177ec0	540
draw_material	801780dc	308
create_mtl_gddl_if_empty	80178210	92
check_face_bad_vtx	8017826c	236
gd_get_colour	80178358	308
Unknown80178ECC	8017848c	276
draw_face	801785a0	584
draw_rect_fill	801787e8	100
draw_rect_stroke	8017884c	100
Unknown801792F0	801788b0	96
draw_label	80178910	728
draw_net	80178be8	324
draw_gadget	80178d2c	256
draw_camera	80178e2c	608
Unknown80179ACC	8017908c	152
func_80179B64	80179124	56
world_pos_to_screen_coords	8017915c	300
check_grabbable_click	80179288	520
drawscene	80179490	820
draw_nothing	801797c4	20
draw_shape_faces	801797d8	244
draw_particle	801798cc	580
draw_bone	80179b10	340
draw_joint	80179c64	284
draw_group	80179d80	88
draw_plane	80179dd8	136
apply_obj_draw_fn	80179e60	124
register_light	80179edc	148
Proc8017A980	80179f70	1000
update_shaders	8017a358	240
create_shape_mtl_gddls	8017a448	84
unref_8017AEDC	8017a49c	108
create_shape_gddl	8017a508	224
create_gddl_for_shapes	8017a5e8	60
map_face_materials	8017a624	180
map_vertices	8017a9b8	208
unpick_obj	8017aa88	76
find_closest_pickable_obj	8017aad4	220
set_view_update_camera	8017abb0	52
update_view	8017abe4	1648
stub_draw_objects_1	8017b254	16
reset_bounding_box	8017b270	112
add_obj_pos_to_bounding_box	8017b2e0	320
get_some_bounding_box	8017b420	112
stub_objects_1	8017b490	36
make_object	8017b780	1296
make_zone	8017bc90	208
func_8017C7A0	8017bd60	96
make_link_to_obj	8017bdc0	192
make_vtx_link	8017be80	196
make_valptr	8017bf44	136
reset_plane	8017bfcc	1072
make_plane	8017c3fc	148
make_camera	8017c490	540
make_material	8017c6ac	168
make_light	8017c754	276
make_view	8017c868	660
make_animator	8017cafc	120
make_weight	8017cb74	120
make_group_of_type	8017cbec	204
format_object_id	8017ccb8	460
make_group	8017ce84	528
addto_group	8017d094	236
addto_groupfirst	8017d180	252
group_contains_obj	8017d27c	132
show_details	8017d300	1192
stub_objects_2	8017d7a8	36
make_scene	8017d7cc	36
menu_cb_reset_positions	8017d878	56
func_8017E2F0	8017d8b0	240
apply_to_obj_types_in_group	8017d9a0	420
func_8017E584	8017db44	692
func_8017E838	8017ddf8	436
func_8017E9EC	8017dfac	168
func_8017EA94	8017e054	144
func_8017EB24	8017e0e4	476
is_obj_xz_in_bounding_box	8017e2c0	204
is_point_xz_in_bounding_box	8017e38c	144
gd_plane_point_within	8017e41c	504
transform_child_objects_recursive	8017e614	444
func_8017F210	8017e7d0	444
func_8017F3CC	8017e98c	56
stub_objects_3	8017e9c4	32
interpolate_animation_transform	8017e9e4	416
move_animator	8017eb84	4192
drag_picked_object	8017fbe4	768
move_animators	8017fee4	80
find_and_drag_picked_object	8017ff34	60
move_camera	8017ff70	1572
move_cameras_in_grp	80180594	56
func_8018100C	801805cc	876
move_lights_in_grp	80180938	56
move_group_members	80180970	172
proc_view_movement	80180a1c	152
reset_nets_and_gadgets	80180ab4	68
null_obj_lists	80180af8	160
func_801815E0	80180ba0	384
scale_verts	80180d20	220
move_skin	80180dfc	88
func_80181894	80180e54	316
reset_weight_vtx	80180f90	272
reset_weight	801810a0	168
reset_joint_weights	80181148	112
Unknown80181D14	801812d4	412
func_80181EB0	80181470	472
func_80182088	80181648	792
func_801823A0	80181960	336
make_particle	80181ab0	268
make_connection	80181bbc	380
func_80182778	80181d38	656
func_80182A08	80181fc8	636
move_particle	80182244	2284
move_particles_in_grp	80182b30	88
Unknown801835C8	80182b88	680
stub_particles_1	80182e30	20
stub_particles_2	80182e44	20
stub_particles_3	80182e58	28
stub_particles_4	80182e74	28
func_801838D0	80182e90	56
d_stash_dynobj	80182ed0	48
d_unstash_dynobj	80182f00	48
reset_dynlist	80182f30	112
proc_dynlist	80182fa0	2108
d_set_name_suffix	801837dc	164
d_append_to_name_suffix	80183880	168
reset_dynamic_objs	80183ab0	92
d_add_net_with_subgroup	80183b0c	180
d_end_net_with_subgroup	80183bc0	108
d_attach_joint_to_net	80183c2c	124
d_make_netfromshapeid	80183ca8	120
d_make_netfromshape_ptrptr	80183d20	72
add_to_dynobj_list	80183d68	668
d_makeobj	80184078	772
d_attach	8018437c	200
d_attach_to	80184444	936
d_attachto_dynid	801847ec	164
copy_bytes	80184890	76
alloc_animdata	801848dc	1468
chk_shapegen	80184e98	1944
d_set_nodegroup	80185630	416
d_set_matgroup	801857d0	240
d_set_texture_st	801858c0	156
d_use_texture	8018595c	172
d_set_skinshape	80185a08	228
d_map_materials	80185aec	140
d_map_vertices	80185b78	140
d_set_planegroup	80185c04	288
d_set_shapeptrptr	80185d24	444
d_set_shapeptr	80185ee0	412
d_use_obj	8018607c	136
set_cur_dynobj	80186104	40
d_start_group	8018612c	48
d_end_group	8018615c	260
d_addto_group	80186260	124
d_use_integer_names	801862dc	24
d_set_init_pos	801862f4	664
d_set_velocity	8018658c	312
d_get_velocity	801866c4	344
d_set_torque	8018681c	228
d_get_init_pos	80186900	392
d_get_init_rot	80186a88	396
d_set_rel_pos	80186c14	796
d_addto_rel_pos	80186f30	464
d_get_rel_pos	80187100	504
d_get_att_objgroup	801872f8	220
d_get_att_to_obj	801873d4	220
d_get_scale	801874b0	392
d_set_att_offset	80187638	452
d_set_att_to_offset	801877fc	340
d_get_att_offset	80187950	340
d_get_att_flags	80187aa4	276
d_set_world_pos	80187bb8	624
d_set_normal	80187e28	264
d_get_world_pos_ptr	80187f30	204
d_get_world_pos	80187ffc	1656
d_make_vertex	80188674	76
d_set_scale	801886c0	540
d_set_rotation	801888dc	296
d_center_of_gravity	80188a04	220
d_set_shape_offset	80188ae0	220
d_add_valptr	80188bbc	412
d_add_valproc	80188d58	184
d_link_with_ptr	80188e10	840
d_link_with	80189158	208
d_set_flags	80189228	524
d_clear_flags	80189434	376
d_set_parm_f	801895ac	556
d_set_parm_ptr	801897d8	472
d_set_obj_draw_flag	801899b0	96
d_set_type	80189a10	368
d_set_id	80189b80	296
d_set_colour_num	80189ca8	452
d_set_material	80189e6c	176
d_friction	80189f1c	220
d_set_spring	80189ff8	172
d_set_ambient	8018a0a4	220
d_set_diffuse	8018a180	304
d_set_control_type	8018a2b0	172
d_get_bounding_box	8018a35c	212
d_get_matrix	8018a430	332
d_set_matrix	8018a57c	276
d_set_rot_mtx	8018a690	216
d_get_rot_mtx_ptr	8018a768	188
d_set_i_matrix	8018a824	304
d_get_matrix_ptr	8018a954	276
d_get_i_mtx_ptr	8018aa68	212
d_calc_world_dist_btwn	8018ab3c	156
d_set_skin_weight	8018abd8	216
get_objvalue	8018acb0	184
Unknown8018B7A8	8018ad68	148
create_gui_menu	8018aec0	192
make_label	8018af80	192
make_gadget	8018b040	220
set_objvalue	8018b11c	184
set_static_gdgt_value	8018b1d4	164
adjust_gadget	8018b2c0	692
reset_gadget	8018b574	444
reset_gadgets_in_grp	8018b730	56
new_memtracker	8018b770	180
get_memtracker	8018b824	168
start_memtracker	8018b8cc	260
print_most_recent_memtracker_name	8018b9d0	72
stop_memtracker	8018ba18	364
remove_all_memtrackers	8018bb84	140
get_memtracker_by_index	8018bc10	36
print_all_memtrackers	8018bc34	184
print_all_timers	8018bcec	180
deactivate_timing	8018bda0	24
activate_timing	8018bdb8	28
remove_all_timers	8018bdd4	308
get_timer	8018bfb4	192
get_timernum	8018c0d4	108
split_timer_ptr	8018c140	220
split_all_timers	8018c21c	112
start_all_timers	8018c28c	148
start_timer	8018c320	208
restart_timer	8018c3f0	188
split_timer	8018c4ac	92
stop_timer	8018c508	216
get_scaled_timer_total	8018c5e0	72
get_timer_total	8018c628	80
fatal_print	8018c678	48
print_stack_trace	8018c6a8	112
fatal_printf	8018c718	712
imin	8018c9e0	144
imout	8018ca70	176
gd_rand_float	8018cb20	328
gd_atoi	8018cc68	352
gd_lazy_atof	8018cdc8	64
format_number_hex	8018ce08	96
format_number_decimal	8018ce68	252
sprint_val_withspecifiers	8018cfb8	672
gd_strcpy	8018d258	68
ascii_to_uppercase	8018d29c	128
gd_strdup	8018d31c	124
gd_strlen	8018d398	84
gd_strcat	8018d3ec	132
gd_str_not_equal	8018d470	168
gd_str_contains	8018d518	144
gd_feof	8018d5a8	36
gd_set_feof	8018d5cc	32
gd_fopen	8018d5ec	528
gd_fread	8018d7fc	300
gd_fclose	8018d928	28
gd_get_file_size	8018d944	28
is_newline	8018d960	56
gd_fread_line	8018d998	328
grabbable_joint_update_func	8018dae0	1736
eye_joint_update_func	8018e1a8	628
func_8018EE5C	8018e41c	284
set_joint_vecs	8018e538	208
make_joint	8018e608	512
make_grabber_joint	8018e808	224
func_8018F328	8018e8e8	420
func_8018F4CC	8018ea8c	84
func_8018F520	8018eae0	892
func_8018F89C	8018ee5c	460
func_8018FA68	8018f028	96
set_skin_weight	8018f088	144
func_8018FB58	8018f118	332
add_joint2bone	8018f264	248
make_bone	8018f35c	376
stub_joints_1	8018f4d4	20
func_8018FF28	8018f4e8	96
print_some_spaces	8018f548	96
func_8018FFE8	8018f5a8	384
func_80190168	8018f728	640
func_801903E8	8018f9a8	396
func_80190574	8018fb34	1088
func_801909B4	8018ff74	108
func_80190A20	8018ffe0	308
func_80190B54	80190114	788
func_80190E68	80190428	212
func_80190F3C	801904fc	620
func_801911A8	80190768	120
func_80191220	801907e0	416
func_801913C0	80190980	48
func_801913F0	801909b0	264
stub_joints_2	80190ab8	20
func_8019150C	80190acc	248
reset_joint	80190bc4	544
func_80191824	80190de4	208
func_801918F4	80190eb4	296
func_80191A1C	80190fdc	476
func_80191BF8	801911b8	360
func_80191D60	80191320	244
func_80191E54	80191414	52
func_80191E88	80191448	96
reset_joint_counts	801914a8	40
compute_net_bounding_box	801914d0	436
reset_net	80191684	464
func_80192294	80191854	104
func_801922FC	801918bc	184
make_net	80191974	372
func_80192528	80191ae8	380
collision_something_801926A4	80191c64	1068
func_80192AD0	80192090	396
move_bonesnet	8019221c	112
func_80192CCC	8019228c	716
convert_gd_verts_to_Vn	80192558	844
convert_gd_verts_to_Vtx	801928a4	280
convert_net_verts	801929bc	212
move_net	80192b5c	296
move_nets	80192c84	120
func_8019373C	80192cfc	268
func_80193848	80192e08	116
gd_print_net	80192e7c	596
reset_net_count	801930d0	24
gd_sqrt_f	801930f0	56
gd_mat4f_lookat	80193128	1524
gd_scale_mat4f_by_vec3f	8019371c	196
gd_rot_mat_about_vec	801937e0	196
gd_add_vec3f_to_mat4f_offset	801938a4	116
gd_create_origin_lookat	80193918	976
gd_clamp_f32	80193ce8	72
gd_clamp_vec3f	80193d30	272
gd_rot_2d_vec	80193e40	268
gd_rot_mat_about_row	80193f4c	200
gd_absrot_mat4	80194014	324
gd_vec3f_magnitude	80194158	92
gd_normalize_vec3f	801941b4	288
gd_cross_vec3f	801942d4	164
gd_dot_vec3f	80194378	68
gd_invert_elements_mat4f	801943bc	128
gd_inverse_mat4f	8019443c	276
gd_adjunct_mat4f	80194550	1512
gd_mat4f_det	80194b38	716
gd_3x3_det	80194e04	200
gd_2x2_det	80194ecc	68
gd_create_neg_vec_zero_first_mat_row	80194f10	144
gd_broken_quat_to_vec3f	80194fa0	292
gd_quat_rotation	801950c4	372
gd_shift_mat_up	80195238	288
gd_create_quat_rot_mat	80195358	572
gd_create_rot_matrix	80195594	544
gd_create_rot_mat_angular	801957b4	140
gd_set_identity_mat4	80195840	224
gd_copy_mat4f	80195920	208
gd_rotate_and_translate_vec3f	801959f0	272
gd_mat4f_mult_vec3f	80195b00	212
gd_mult_mat4f	80195bd4	2424
gd_print_vec	8019654c	28
gd_print_bounding_box	80196568	28
gd_print_mtx	80196584	164
gd_print_quat	80196628	136
gd_rot_mat_offset	801966b0	392
func_80197280	80196840	64
calc_face_normal	80196880	588
gd_make_vertex	80196acc	280
make_face_with_colour	80196be4	172
make_face_with_material	80196c90	108
add_4_vertices_to_face	80196cfc	136
add_3_vtx_to_face	80196d84	120
make_shape	80196dfc	408
clear_buf_to_cr	80196f94	48
get_current_buf_char	80196fc4	44
get_and_advance_buf	80196ff0	100
load_next_line_into_buf	80197054	128
is_line_end	801970d4	56
is_white_space	8019710c	56
scan_to_next_non_whitespace	80197144	236
is_next_buf_word	80197230	224
getfloat	80197310	408
getint	801974a8	384
Unknown80198068	80197628	20
func_8019807C	8019763c	108
func_801980E8	801976a8	108
Unknown80198154	80197714	48
Unknown80198184	80197744	108
scale_obj_position	801977b0	200
translate_obj_position	80197878	148
scale_verts_in_shape	8019790c	136
translate_verts_in_shape	80197994	112
Unknown80198444	80197a04	224
Unknown80198524	80197ae4	196
Unknown801985E8	80197ba8	284
get_3DG1_shape	80197cc4	1276
get_OBJ_shape	801981c0	912
group_faces_in_mtl_grp	80198550	292
find_or_add_new_mtl	80198674	316
read_ARK_shape	801987b0	1136
get_shape_from_file	80198c20	328
make_grid_shape	80198d68	1692
Unknown80199E44	80199404	68
Unknown80199E88	80199448	92
make_netfromshape	801994a4	188
animate_mario_head_gameover	80199560	200
animate_mario_head_normal	80199628	784
load_mario_head	80199938	1856
load_shapes2	8019a078	224
Unknown8019AB98	8019a158	556
Unknown8019ADC4	8019a384	256
Unknown8019AEC4	8019a484	84
get_alloc_mem_amt	8019a4e0	32
gd_get_ostime	8019a500	48
get_time_scale	8019a530	32
dump_disp_list	8019a550	136
gd_sin_d	8019a89c	64
gd_cos_d	8019a8dc	64
gd_sqrt_d	8019a91c	120
stub_renderer_1	8019a994	40
gd_printf	8019a9bc	1488
gd_exit	8019af8c	56
gd_free	8019afc4	76
gd_allocblock	8019b010	248
gd_malloc	8019b108	208
gd_malloc_perm	8019b1d8	56
gd_malloc_temp	8019b210	56
Unknown8019BC88	8019b248	76
Unknown8019BCD4	8019b294	56
draw_indexed_dl	8019b2cc	188
branch_cur_dl_to_num	8019b388	120
get_dl_gfx	8019b400	48
setup_stars	8019b430	656
setup_timers	8019b6c0	368
Unknown8019C270	8019b830	24
Unknown8019C288	8019b848	80
gd_add_to_heap	8019b898	56
gdm_init	8019b8d0	156
gdm_setup	8019b96c	156
stub_renderer_2	8019ba08	20
print_gdm_stats	8019ba1c	84
make_view_withgrp	8019ba70	148
gdm_maketestdl	8019bb04	420
set_time_scale	8019bca8	24
Unknown8019C840	8019bcc0	52
gd_vblank	8019bcf4	188
gd_copy_p1_contpad	8019bdb0	152
gd_sfx_to_play	8019be48	48
gdm_gettestdl	8019be78	912
gdm_getpos	8019c208	180
fatal_no_dl_mem	8019c398	44
alloc_displaylist	8019c3c4	216
cpy_remaining_gddl	8019c49c	244
create_child_gdl	8019c590	88
new_gd_dl	8019c5e8	592
gd_rsp_init	8019c838	116
gd_rdp_init	8019c8ac	116
gd_draw_rect	8019c920	936
gd_draw_border_rect	8019ccc8	3056
gd_dl_set_fill	8019d8b8	748
gd_dl_set_z_buffer_area	8019dba4	92
gd_set_color_fb	8019dc00	284
reset_cur_dl_indices	8019dd1c	160
begin_gddl	8019ddbc	120
stash_current_gddl	8019de34	32
pop_gddl_stash	8019de54	32
gd_startdisplist	8019de74	336
gd_enddlsplist	8019dfc4	104
gd_enddlsplist_parent	8019e02c	352
Unknown8019EBCC	8019e18c	60
new_gddl_from	8019e1c8	128
Unknown8019EC88	8019e248	108
mat4_to_mtx	8019e2b4	376
gd_dl_mul_matrix	8019e42c	168
gd_dl_load_matrix	8019e4d4	172
gd_dl_load_identity_matrix	8019e580	108
gd_dl_push_matrix	8019e5ec	108
gd_dl_pop_matrix	8019e658	76
gd_dl_mul_trans_matrix	8019e6a4	184
gd_dl_load_trans_matrix	8019e75c	188
gd_dl_scale	8019e818	108
func_8019F2C4	8019e884	84
gd_dl_lookat	8019e8d8	1728
check_tri_display	8019ef98	136
gd_dl_make_vertex	8019f020	1168
func_8019FEF0	8019f4b0	100
gd_dl_make_triangle	8019f514	228
func_801A0038	8019f5f8	56
gd_dl_flush_vertices	8019f630	380
set_render_alpha	8019f878	108
set_light_id	8019f8e4	24
set_light_num	8019f8fc	24
create_mtl_gddl	8019f914	244
branch_to_gddl	8019fa08	48
gd_dl_hilite	8019fa38	1012
gd_dl_material_lighting	8019fe2c	3452
set_Vtx_norm_buf_1	801a0ba8	220
set_Vtx_norm_buf_2	801a0c84	236
set_gd_mtx_parameters	801a0d70	92
Unknown801A1B30	801a10f0	832
Unknown801A1E70	801a1430	1184
gd_set_one_cycle	801a18d0	80
stub_renderer_3	801a1920	20
gddl_is_loading_stub_dl	801a1934	20
gddl_is_loading_shine_dl	801a1948	192
start_view_dl	801a1a08	1020
parse_p1_controller	801a1e04	2568
stub_renderer_4	801a280c	168
Unknown801A32F4	801a28b4	48
func_801A3324	801a28e4	76
func_801A3370	801a2930	136
Unknown801A33F8	801a29b8	132
Unknown801A347C	801a2a3c	100
border_active_view	801a2aa0	148
gd_shading	801a2b34	104
gd_getproperty	801a2b9c	108
gd_setproperty	801a2c08	1176
stub_renderer_5	801a30a0	16
gd_create_ortho_matrix	801a30b0	416
gd_create_perspective_matrix	801a3250	468
setup_view_buffers	801a3424	1228
gd_init_controllers	801a38f0	180
stub_renderer_6	801a39a4	20
defpup	801a39b8	32
menu_cb_control_type	801a39d8	20
menu_cb_recalibrate_controller	801a39ec	20
func_801A4438	801a3a00	104
gd_gentexture	801a3a68	324
load_texture_from_file	801a3bac	468
Unknown801A47B8	801a3d80	44
stub_renderer_7	801a3dac	16
stub_renderer_8	801a3dbc	20
func_801A4808	801a3dd0	64
func_801A4848	801a3e10	108
stub_renderer_9	801a3e7c	16
stub_renderer_10	801a3e8c	20
stub_draw_label_text	801a3ea0	24
set_active_view	801a3eb8	24
stub_renderer_11	801a3ed0	16
func_801A4918	801a3ee0	492
Unknown801A4B04	801a40cc	264
update_cursor	801a41d4	844
Unknown801A4F58	801a4520	440
Proc801A5110	801a46d8	88
update_view_and_dl	801a4730	164
func_801A520C	801a47d4	312
Unknown801A5344	801a490c	180
gd_init	801a49c0	1304
reverse_string	801a4ed8	136
stub_renderer_12	801a4f60	20
stub_renderer_13	801a4f74	20
stub_renderer_14	801a4f88	20
init_pick_buf	801a4f9c	48
store_in_pickbuf	801a4fcc	72
get_cur_pickbuf_offset	801a5014	52
stub_renderer_15	801a5048	20
stub_renderer_16	801a505c	20
stub_renderer_17	801a5070	16
Unknown801A5AB8	801a5080	40
Unknown801A5AE0	801a50a8	120
set_vtx_tc_buf	801a5120	144
add_debug_view	801a51b0	60
cvrt_val_to_kb	801a51ec	92
Unknown801A5C80	801a5248	272
Unknown801A5D90	801a5358	616
Unknown801A5FF8	801a55c0	760
gd_put_sprite	801a58b8	828
gd_setup_cursor	801a5bf4	408
view_proc_print_timers	801a5d8c	80
make_timer_gadgets	801a5ddc	1564
stub_renderer_18	801a63f8	20
stub_renderer_19	801a640c	20
load_dynlist	801a64fc	644
stub_renderer_20	801a6780	20
func_801A71CC	801a6794	1300
stub_renderer_21	801a6ca8	16
sLevelSelectStageNames	801a6cc0	1024
sDemoCountdown	801a70c0	4
sPlayMarioGreeting	801a70c4	4
sPlayMarioGameOver	801a70c8	8
introBackgroundDlRows	801a7100	16
xCoords	801a7110	48
yCoords	801a7140	48
textureTables	801a7170	8
introBackgroundIndexTable	801a7178	12
introBackgroundTables	801a7184	4
gameOverBackgroundTable	801a7188	12
flipOrder	801a7194	12
sFaceVisible	801a71a0	48
sFaceToggleOrder	801a71d0	40
sFaceCounter	801a71f8	1
sSelectedButtonID	801a7200	4
sCurrentMenuLevel	801a7204	4
sTextBaseAlpha	801a7208	4
sCursorPos	801a720c	8
sCursorClickingTimer	801a7214	4
sClickPos	801a7218	4
sSelectedFileIndex	801a721c	4
sFadeOutText	801a7220	4
sStatusMessageID	801a7224	4
sTextFadeAlpha	801a7228	4
sMainMenuTimer	801a722c	4
sSoundMode	801a7230	4
sEraseYesNoHoverState	801a7234	4
sAllFilesExist	801a7238	4
sSelectedFileNum	801a723c	4
sScoreFileCoinScoreMode	801a7240	4
textReturn	801a7244	8
textViewScore	801a724c	8
textCopyFileButton	801a7254	12
textEraseFileButton	801a7260	8
textSoundModes	801a7268	24
textMarioA	801a7280	8
textMarioB	801a7288	8
textMarioC	801a7290	8
textMarioD	801a7298	8
textNew	801a72a0	4
starIcon	801a72a4	4
xIcon	801a72a8	4
textSelectFile	801a72ac	12
textScore	801a72b8	4
textCopy	801a72bc	8
textErase	801a72c4	4
textCheckFile	801a72c8	12
textNoSavedDataExists	801a72d4	20
textCopyFile	801a72e8	12
textCopyItToWhere	801a72f4	16
textNoSavedDataExistsCopy	801a7304	20
textCopyCompleted	801a7318	12
textSavedDataExists	801a7324	20
textNoFileToCopyFrom	801a7338	16
textYes	801a7348	4
textNo	801a734c	84
textStarX	801a73a0	3
sSelectedActIndex	801a7640	4
sSelectableStarIndex	801a7644	4
sActSelectorMenuTimer	801a7648	24
gGdMoveScene	801a7680	4
D_801A8058	801a7688	4
gGdUseVtxNormal	801a768c	4
gViewUpdateCamera	801a7728	4
sColourPalette	801a7734	20
sWhiteBlack	801a7748	8
D_801A81C0	801a77f0	4
D_801A81C4	801a77f4	4
gMarioFaceGrp	801a7910	4
gSpotShape	801a7914	4
gShapeRedSpark	801a791c	4
gShapeSilverSpark	801a7920	4
gShapeRedStar	801a7924	4
gShapeSilverStar	801a7928	4
sSimpleShape	801a79d4	4
gGdFrameBufNum	801a7ce0	4
sGdPerspTimer	801b483c	4
_goddardSegmentEnd	801b8e80	12
_goddardSegmentNoloadStart	801b8e80	12
sFramebuffers	801b8e80	12
sGameOverFrameCounter	801b8e8c	4
sGameOverTableIndex	801b8e90	4
sIntroFrameCounter	801b8e94	4
sTmCopyrightAlpha	801b8e98	8
sMainMenuButtons	801b8ea0	128
sYesNoColor	801b8f20	2
sSoundTextX	801b8f22	14
sStarSelectorModels	801b8f30	32
sLoadedActNum	801b8f50	1
sObtainedStars	801b8f51	1
sVisibleStars	801b8f52	1
sInitSelectedActNum	801b8f53	13
gGdCtrl	801b8f60	244
gGdCtrlPrev	801b9058	244
gUnref_801B9B30	801b9170	136
gGdLightGroup	801b91f8	4
gSomeBoundingBox	801b93e0	24
sCurrentMoveCamera	801b93f8	4
sCurrentMoveView	801b93fc	4
gGdCounter	801b9400	8
D_801B9DC8	801b9408	64
D_801B9E08	801b9448	12
sCurrentMoveGrp	801b9454	4
D_801B9E18	801b9458	12
D_801B9E28	801b9468	12
D_801B9E34	801b9474	4
D_801B9E38	801b9478	4
D_801B9E3C	801b947c	4
D_801B9E40	801b9480	4
D_801B9E44	801b9484	4
D_801B9E48	801b9488	4
gGdCameraList	801b948c	4
D_801B9E50	801b9490	4
gGdGroupList	801b9494	4
gGdObjCount	801b9498	4
gGdGroupCount	801b949c	4
gGdPlaneCount	801b94a0	4
gGdCameraCount	801b94a4	4
sGdViewInfo	801b94a8	24
D_801B9E80	801b94c0	4
gGdJointList	801b94c4	4
gGdBoneList	801b94c8	4
gGdObjectList	801b94cc	4
gGdViewsGroup	801b94d0	4
sResetCurWeight	801b94e0	4
gGdStreamBuffer	801b97d0	4
sResetWeightVtxNum	801b9fa0	4
gGdSkinNet	801ba130	4
EUpad1	801ba4e0	64
EUpad2	801ba550	100
EUpad3	801ba5b8	52
EUpad4	801ba610	136
_goddardSegmentNoloadEnd	801be070	12176
_buffersSegmentNoloadStart	801c1000	53248
gDecompressionHeap	801c1000	53248
gAudioHeap	801ce000	182784
gIdleThreadStack	801faa00	2048
gThread3Stack	801fb200	8192
gThread4Stack	801fd200	8192
gThread5Stack	801ff200	8192
gThread6Stack	80201200	8192
gGfxSPTaskStack	80203200	1024
gGfxSPTaskYieldBuffer	80203600	2304
gSaveBuffer	80203f00	512
gGfxPools	80204100	102560
gUnusedThread2Stack	8021d1a0	5120
gGfxSPTaskOutputBuffer	8022a000	126976
_buffersSegmentNoloadEnd	80249000	80
_mainSegmentStart	80249000	80
entry_point	80249000	80
crash_screen_draw_rect	80249050	236
crash_screen_draw_glyph	8024913c	340
crash_screen_print	802492b4	188
crash_screen_sleep	80249370	212
crash_screen_print_float_reg	80249444	132
crash_screen_print_fpcsr	802494c8	144
draw_crash_screen	80249558	980
get_crashed_thread	8024992c	108
thread2_crash_screen	80249998	140
crash_screen_set_framebuffer	80249a24	40
crash_screen_init	80249a4c	164
handle_debug_key_sequences	80249af0	224
unknown_main_func	80249bd0	84
stub_main_1	80249c24	8
stub_main_2	80249c2c	8
stub_main_3	80249c34	8
setup_mesg_queues	80249c3c	220
alloc_pool	80249d18	60
create_thread	80249d54	52
handle_nmi_request	80249d88	76
receive_new_tasks	80249dd4	300
start_sptask	80249f00	108
interrupt_gfx_sptask	80249f6c	60
start_gfx_sptask	80249fa8	80
pretend_audio_sptask_done	80249ff8	72
handle_vblank	8024a040	332
handle_sp_complete	8024a18c	296
handle_dp_complete	8024a2b4	88
thread3_main	8024a30c	344
set_vblank_handler	8024a464	64
send_sp_task_message	8024a4a4	52
dispatch_audio_sptask	8024a4d8	76
exec_display_list	8024a524	108
turn_on_audio	8024a590	16
turn_off_audio	8024a5a0	40
thread1_idle	8024a5c8	248
main_func	8024a6c0	100
init_rdp	8024a730	520
init_rsp	8024a938	136
init_z_buffer	8024a9c0	196
select_framebuffer	8024aa84	152
clear_framebuffer	8024ab1c	200
clear_viewport	8024abe4	404
draw_screen_borders	8024ad78	220
make_viewport_clip_rect	8024ae54	320
create_gfx_task_structure	8024af94	296
init_rcp	8024b0bc	64
end_master_display_list	8024b0fc	116
draw_reset_bars	8024b170	288
render_init	8024b290	168
select_gfx_pool	8024b338	140
display_and_vsync	8024b3c4	296
adjust_analog_stick	8024b4f4	256
run_demo_inputs	8024b5f4	260
read_controller_inputs	8024b6f8	368
init_controllers	8024b868	240
setup_game_memory	8024b958	348
thread5_game_loop	8024bab4	424
reset_volume	8024bc60	12
lower_background_noise	8024bc6c	112
raise_background_noise	8024bcdc	112
disable_background_sound	8024bd4c	60
enable_background_sound	8024bd88	60
set_sound_mode	8024bdc4	60
play_menu_sounds	8024be00	388
play_painting_eject_sound	8024bf84	120
play_infinite_stairs_music	8024bffc	208
set_background_music	8024c0cc	176
fadeout_music	8024c17c	64
fadeout_level_music	8024c1bc	68
play_cutscene_music	8024c200	52
play_shell_music	8024c234	48
stop_shell_music	8024c264	60
play_cap_music	8024c2a0	92
fadeout_cap_music	8024c2fc	48
stop_cap_music	8024c32c	60
play_menu_sounds_extra	8024c368	44
audio_game_loop_tick	8024c394	32
thread4_sound	8024c3b4	228
init_rumble_pak_scheduler_queue	8024c4a0	68
block_until_rumble_pak_free	8024c4e4	44
release_rumble_pak_control	8024c510	44
queue_rumble_data	8024c834	104
func_sh_8024C89C	8024c89c	16
is_rumble_finished_and_queue_empty	8024c8ac	120
reset_rumble_timers	8024c924	80
reset_rumble_timers_2	8024c974	144
func_sh_8024CA04	8024ca04	40
cancel_rumble	8024cb90	128
create_thread_6	8024cc10	108
rumble_thread_update_vi	8024cc7c	60
level_control_timer	8024ccc0	156
pressed_pause	8024cd5c	128
set_play_mode	8024cddc	24
warp_special	8024cdf4	32
fade_into_special_warp	8024ce14	92
stub_level_update_1	8024ce70	8
load_level_init_text	8024ce78	204
init_door_warp	8024cf44	148
set_mario_initial_cap_powerup	8024cfd8	124
set_mario_initial_action	8024d054	520
init_mario_after_warp	8024d25c	980
warp_area	8024d630	84
warp_level	8024d684	68
warp_credits	8024d6c8	348
check_instant_warp	8024d824	416
music_changed_through_warp	8024d9c4	284
initiate_warp	8024dae0	168
get_painting_warp_node	8024db88	108
initiate_painting_warp	8024dbf4	360
level_trigger_warp	8024dd5c	1256
initiate_delayed_warp	8024e244	544
update_hud_values	8024e464	456
basic_update	8024e62c	64
play_mode_normal	8024e66c	444
play_mode_paused	8024e828	200
play_mode_frame_advance	8024e8f0	152
level_set_transition	8024e988	24
play_mode_change_area	8024e9a0	136
play_mode_change_level	8024ea28	144
update_level	8024eac0	172
init_level	8024eb6c	576
lvl_init_or_update	8024edac	100
lvl_init_from_save_file	8024ee10	160
lvl_set_current_level	8024eeb0	332
lvl_play_the_end_screen_sound	8024effc	56
get_mario_cap_flag	8024f040	124
object_facing_mario	8024f0bc	116
mario_obj_angle_to_object	8024f130	52
determine_interaction	8024f164	612
attack_object	8024f3c8	160
mario_stop_riding_object	8024f468	60
mario_grab_used_object	8024f4a4	60
mario_drop_held_object	8024f4e0	168
mario_throw_held_object	8024f588	244
mario_stop_riding_and_holding	8024f67c	84
does_mario_have_normal_cap_on_head	8024f6d0	20
mario_blow_off_cap	8024f6e4	276
mario_lose_cap_to_enemy	8024f7f8	120
mario_retrieve_cap	8024f870	88
able_to_grab_object	8024f8c8	120
mario_get_collided_object	8024f940	76
mario_check_object_grab	8024f98c	288
bully_knock_back_mario	8024faac	532
bounce_off_object	8024fcc0	92
hit_object_from_below	8024fd1c	48
determine_knockback_action	8024fd54	576
push_mario_out_of_object	8024ff94	352
bounce_back_from_attack	802500f4	176
should_push_or_pull_door	802501a4	108
take_damage_from_interact_object	80250210	184
take_damage_and_knock_back	802502c8	236
reset_mario_pitch	802503b4	104
interact_coin	8025041c	172
interact_water_ring	802504c8	40
interact_star_or_key	802504f0	444
interact_bbh_entrance	802506ac	144
interact_warp	8025073c	376
interact_warp_door	802508b4	400
get_door_save_file_flag	80250a44	200
interact_door	80250b0c	540
interact_cannon_base	80250d28	104
interact_igloo_barrier	80250d90	52
interact_tornado	80250dc4	236
interact_whirlpool	80250eb0	184
interact_strong_wind	80250f68	192
interact_flame	80251028	340
interact_snufit_bullet	8025117c	228
interact_clam_or_bubba	80251260	136
interact_bully	802512e8	372
interact_shock	8025145c	260
interact_mr_blizzard	80251568	84
interact_hit_from_below	802515bc	344
interact_bounce_top	80251714	312
interact_unknown_08	8025184c	144
interact_damage	802518dc	84
interact_breakable	80251930	172
interact_koopa_shell	802519dc	200
check_object_grab_mario	80251aa4	244
interact_pole	80251b98	312
interact_hoot	80251cd0	176
interact_cap	80251d80	380
interact_grabbable	80251efc	276
mario_can_talk	80252010	112
check_read_sign	80252080	288
check_npc_talk	802521a0	200
interact_text	80252268	108
check_kick_or_punch_wall	802522d4	332
mario_process_interactions	80252420	364
check_death_barrier	8025258c	124
check_lava_boost	80252608	148
pss_begin_slide	8025269c	72
pss_end_slide	802526e4	108
mario_handle_special_floors	80252750	248
is_anim_at_end	80252850	32
is_anim_past_end	80252870	32
set_mario_animation	80252890	220
set_mario_anim_with_accel	8025296c	248
set_anim_to_frame	80252a64	124
is_anim_past_frame	80252ae0	184
find_mario_anim_flags_and_translation	80252b98	384
update_mario_pos_for_anim	80252d18	148
return_mario_anim_y_translation	80252dac	44
play_sound_if_no_flag	80252dd8	92
play_mario_jump_sound	80252e34	192
adjust_sound_for_speed	80252ef4	112
play_sound_and_spawn_particles	80252f64	228
play_mario_action_sound	80253048	68
play_mario_landing_sound	8025308c	68
play_mario_landing_sound_once	802530d0	68
play_mario_heavy_landing_sound	80253114	68
play_mario_heavy_landing_sound_once	80253158	68
play_mario_sound	8025319c	160
mario_set_forward_vel	8025323c	80
mario_get_floor_class	8025328c	216
mario_get_terrain_sound_addend	80253364	300
resolve_and_return_wall_collisions	80253490	144
vec3f_find_ceil	80253520	60
mario_facing_downhill	8025355c	92
mario_floor_is_slippery	802535b8	200
mario_floor_is_slope	80253680	200
mario_floor_is_steep	80253748	164
find_floor_height_relative_polar	802537ec	136
find_floor_slope	80253874	324
update_mario_sound_and_camera	802539b8	208
set_steep_jump_action	80253a88	228
set_mario_action	80254298	268
set_jump_from_landing	802543a4	488
set_jumping_action	8025458c	160
drop_and_set_mario_action	8025462c	56
hurt_and_set_mario_action	80254664	36
check_common_action_exits	80254688	156
check_common_hold_action_exits	80254724	152
transition_submerged_to_walking	802547bc	128
set_water_plunge_action	8025483c	196
squish_mario_model	80254900	340
debug_print_speed_action_normal	80254a54	232
update_mario_button_inputs	80254b3c	272
update_mario_joystick_inputs	80254c4c	212
update_mario_geometry_inputs	80254d20	632
update_mario_inputs	80254f98	260
set_submerged_cam_preset_and_spawn_bubbles	8025509c	336
update_mario_health	802551ec	512
update_mario_info_for_cam	802553ec	108
mario_reset_bodystate	80255458	48
sink_mario_in_quicksand	80255488	52
update_and_return_cap_flags	802554bc	304
mario_update_hitbox_and_cap_model	802555ec	344
func_sh_8025574C	8025574c	184
execute_mario_action	80255804	580
init_mario	80255a48	828
init_mario_from_save_file	80255d84	256
get_additive_y_vel_for_jumps	80255e90	12
stub_mario_step_1	80255e9c	8
stub_mario_step_2	80255ea4	8
transfer_bully_speed	80255eac	284
init_bully_collision_data	80255fc8	140
mario_bonk_reflection	80256054	212
mario_update_quicksand	80256128	404
mario_push_off_steep_floor	802562bc	112
mario_update_moving_sand	8025632c	172
mario_update_windy_ground	802563d8	328
stop_and_set_height_to_floor	80256520	108
stationary_ground_step	8025658c	160
perform_ground_step	80256830	280
check_ledge_grab	80256948	360
perform_air_quarter_step	80256ab0	816
apply_twirl_gravity	80256de0	116
should_strengthen_gravity_for_jump_ascent	80256e54	132
apply_gravity	80256ed8	720
apply_vertical_wind	802571a8	244
perform_air_step	8025729c	400
set_vel_from_pitch_and_yaw	8025742c	120
set_vel_from_yaw	802574a4	76
get_credits_str_width	802574f0	64
print_displaying_credits_entry	80257530	408
bhv_end_peach_loop	802576c8	96
bhv_end_toad_loop	80257728	132
geo_switch_peach_eyes	802577ac	164
get_star_collection_dialog	80257858	88
handle_save_menu	802578b0	240
spawn_obj_at_mario_rel_yaw	802579a0	88
cutscene_take_cap_off	802579f8	72
cutscene_put_cap_on	80257a40	72
mario_ready_to_speak	80257a88	80
set_mario_npc_dialog	80257ad8	200
act_reading_npc_dialog	80257ba0	412
act_waiting_for_dialog	80257d3c	108
act_disappeared	80257da8	100
act_reading_automatic_dialog	80257e0c	440
act_reading_sign	80257fc4	336
act_debug_free_move	80258114	560
general_star_dance_handler	80258344	568
act_star_dance	8025857c	140
act_star_dance_water	80258608	176
act_fall_after_star_grab	802586b8	216
common_death_handler	80258790	88
act_standing_death	802587e8	136
act_electrocution	80258870	64
act_suffocation	802588b0	64
act_death_on_back	802588f0	88
act_death_on_stomach	80258948	88
act_quicksand_death	802589a0	228
act_eaten_by_bubba	80258a84	116
launch_mario_until_land	80258af8	116
act_unlocking_key_door	80258b6c	404
act_unlocking_star_door	80258d00	360
act_entering_star_door	80258e68	528
act_going_through_door	80259078	288
act_warp_door_spawn	80259198	220
act_emerge_from_pipe	80259274	256
act_spawn_spin_airborne	80259374	272
act_spawn_spin_landing	80259484	92
act_exit_airborne	802594e0	116
act_falling_exit_airborne	80259554	96
act_exit_land_save_dialog	802595b4	668
act_death_exit	80259850	140
act_unused_death_exit	802598dc	108
act_falling_death_exit	80259948	120
act_special_exit_airborne	802599c0	196
act_special_death_exit	80259a84	180
act_spawn_no_spin_airborne	80259b38	100
act_spawn_no_spin_landing	80259b9c	112
act_bbh_enter_spin	80259c0c	832
act_bbh_enter_jump	80259f4c	304
act_teleport_fade_out	8025a07c	200
act_teleport_fade_in	8025a144	308
act_shocked	8025a278	268
act_squished	8025a384	884
act_putting_on_cap	8025a6f8	132
stuck_in_ground_handler	8025a77c	296
act_head_stuck_in_ground	8025a8a4	64
act_butt_stuck_in_ground	8025a8e4	64
act_feet_stuck_in_ground	8025a924	64
generate_yellow_sparkles	8025b2ac	412
mario_execute_cutscene_action	8025c99c	1208
add_tree_leaf_particles	8025ce60	148
play_climbing_sounds	8025cef4	184
set_pole_position	8025cfac	600
act_holding_pole	8025d204	784
act_climbing_pole	8025d514	412
act_grab_pole_slow	8025d6b0	120
act_grab_pole_fast	8025d728	220
act_top_of_pole_transition	8025d804	196
act_top_of_pole	8025d8c8	212
perform_hanging_step	8025d99c	368
update_hang_moving	8025db0c	340
update_hang_stationary	8025dc60	104
act_start_hanging	8025dcc8	312
act_hanging	8025de00	232
act_hang_moving	8025dee8	360
let_go_of_ledge	8025e050	208
climb_up_ledge	8025e120	132
update_ledge_climb_camera	8025e1a4	196
update_ledge_climb	8025e268	116
act_ledge_grab	8025e2dc	520
act_ledge_climb_slow	8025e4e4	208
act_ledge_climb_down	8025e5b4	108
act_ledge_climb_fast	8025e620	152
act_grabbed	8025e6b8	180
act_in_cannon	8025e76c	868
act_tornado_twirling	8025ead0	728
check_common_automatic_cancels	8025eda8	84
mario_execute_automatic_action	8025edfc	576
check_common_idle_cancels	8025f040	360
check_common_hold_idle_cancels	8025f1a8	360
act_idle	8025f310	596
play_anim_sound	8025f564	64
act_start_sleeping	8025f5a4	488
act_sleeping	8025f78c	532
act_waking_up	8025f9a0	320
act_shivering	8025fae0	448
act_coughing	8025fca0	220
act_hold_idle	8025fd7c	236
act_hold_heavy_idle	8025fe68	204
act_standing_against_wall	8025ff34	172
act_in_quicksand	8025ffe0	176
act_crouching	80260090	304
act_panting	802601c0	224
act_hold_panting_unused	802602a0	216
stopping_step	80260378	80
act_braking_stop	802603c8	180
act_butt_slide_stop	8026047c	144
act_hold_butt_slide_stop	8026050c	180
act_slide_kick_slide_stop	802605c0	112
act_start_crouching	80260630	232
act_stop_crouching	80260718	232
act_start_crawling	80260800	232
act_stop_crawling	802608e8	196
act_shockwave_bounce	802609ac	500
landing_step	80260ba0	92
check_common_landing_cancels	80260bfc	200
act_jump_land_stop	80260cc4	72
act_double_jump_land_stop	80260d0c	72
act_side_flip_land_stop	80260d54	96
act_freefall_land_stop	80260db4	72
act_triple_jump_land_stop	80260dfc	76
act_backflip_land_stop	80260e48	116
act_lava_boost_land	80260ebc	84
act_long_jump_land_stop	80260f10	112
act_hold_jump_land_stop	80260f80	180
act_hold_freefall_land_stop	80261034	180
act_air_throw_land	802610e8	148
act_twirl_land	8026117c	272
act_ground_pound_land	8026128c	152
act_first_person	80261324	340
check_common_stationary_cancels	80261478	248
mario_execute_stationary_action	80261570	1212
tilt_body_running	80261a30	88
play_step_sound	80261a88	288
align_with_floor	80261ba8	108
begin_walking_action	80261c14	72
check_ledge_climb_down	80261c5c	344
slide_bonk	80261db4	124
set_triple_jump_action	80261e30	132
update_sliding_angle	80261eb4	600
update_sliding	8026210c	776
apply_slope_accel	80262414	396
apply_landing_accel	802625a0	124
update_shell_speed	8026261c	440
apply_slope_decel	802627d4	212
update_decelerating_speed	802628a8	124
update_walking_speed	80262924	416
should_begin_sliding	80262ac4	136
analog_stick_held_back	80262b4c	48
check_ground_dive_or_punch	80262b7c	164
begin_braking_action	80262c20	184
anim_and_audio_for_walk	80262cd8	828
anim_and_audio_for_hold_walk	80263014	548
anim_and_audio_for_heavy_walk	80263238	80
push_or_sidle_wall	80263288	424
tilt_body_walking	80263430	300
tilt_body_ground_shell	8026355c	300
act_walking	80263688	500
act_move_punching	8026387c	308
act_hold_walking	802639b0	516
act_hold_heavy_walking	80263bb4	288
act_turning_around	80263cd4	492
act_finish_turning_around	80263ec0	212
act_braking	80263f94	316
act_decelerating	802640d0	536
act_hold_decelerating	802642e8	584
act_riding_shell_ground	80264530	472
act_crawling	80264708	452
act_burning_ground	802648cc	584
tilt_body_butt_slide	80264b14	148
common_slide_action	80264ba8	556
common_slide_action_with_jump	80264dd4	148
act_butt_slide	80264e68	80
act_hold_butt_slide	80264eb8	120
act_crouch_slide	80264f30	324
act_slide_kick_slide	80265074	320
stomach_slide_action	802651b4	220
act_stomach_slide	80265290	44
act_hold_stomach_slide	802652bc	88
act_dive_slide	80265314	272
common_ground_knockback_action	80265424	484
act_hard_backward_ground_kb	80265608	188
act_hard_forward_ground_kb	802656c4	100
act_backward_ground_kb	80265728	52
act_forward_ground_kb	8026575c	52
act_soft_backward_ground_kb	80265790	52
act_soft_forward_ground_kb	802657c4	52
act_ground_bonk	802657f8	80
act_death_exit_land	80265848	172
common_landing_action	802658f4	356
common_landing_cancels	80265a58	292
act_jump_land	80265b7c	84
act_freefall_land	80265bd0	84
act_side_flip_land	80265c24	116
act_hold_jump_land	80265c98	128
act_hold_freefall_land	80265d18	128
act_long_jump_land	80265d98	200
act_double_jump_land	80265e60	84
act_triple_jump_land	80265eb4	132
act_backflip_land	80265f38	140
quicksand_jump_land_action	80265fc4	272
act_quicksand_jump_land	802660d4	56
act_hold_quicksand_jump_land	8026610c	56
check_common_moving_cancels	80266144	232
mario_execute_moving_action	8026622c	1228
play_flip_sounds	80266700	100
play_far_fall_sound	80266764	164
play_knockback_sound	80266808	128
lava_boost_on_wall	80266888	180
check_fall_damage	8026693c	404
check_kick_or_dive_in_air	80266ad0	108
should_get_stuck_in_ground	80266b3c	176
check_fall_damage_or_get_stuck	80266bec	136
check_horizontal_wind	80266c74	364
update_air_with_turn	80266de0	436
update_air_without_turn	80266f94	520
update_lava_boost_or_twirling	8026719c	304
update_flying_yaw	802672cc	304
update_flying_pitch	802673fc	252
update_flying	802674f8	548
common_air_action_step	8026771c	540
act_jump	80267938	132
act_double_jump	802679bc	180
act_triple_jump	80267a70	244
act_backflip	80267b64	172
act_freefall	80267c10	180
act_hold_jump	80267cc4	200
act_hold_freefall	80267d8c	192
act_side_flip	80267e4c	208
act_wall_kick_air	80267f1c	128
act_long_jump	80267f9c	200
act_riding_shell_air	80268064	204
act_twirling	80268130	332
act_dive	8026827c	596
act_air_throw	802684d0	220
act_water_jump	802685ac	296
act_hold_water_jump	802686d4	276
act_steep_jump	802687e8	308
act_ground_pound	8026891c	624
act_burning_jump	80268b8c	268
act_burning_fall	80268c98	184
act_crazy_box_bounce	80268d50	504
common_air_knockback_step	80268f48	348
check_wall_kick	802690a4	108
act_backward_air_kb	80269110	100
act_forward_air_kb	80269174	100
act_hard_backward_air_kb	802691d8	72
act_hard_forward_air_kb	80269220	72
act_thrown_backward	80269268	140
act_thrown_forward	802692f4	208
act_soft_bonk	802693c4	96
act_getting_blown	80269424	420
act_air_hit_wall	802695c8	344
act_forward_rollout	80269720	332
act_backward_rollout	8026986c	340
act_butt_slide_air	802699c0	408
act_hold_butt_slide_air	80269b58	464
act_lava_boost	80269d28	636
act_slide_kick	80269fa4	496
act_jump_kick	8026a194	256
act_shot_from_cannon	8026a294	552
act_flying	8026a4bc	1096
act_riding_hoot	8026a904	356
act_flying_triple_jump	8026aa68	648
act_top_of_pole_jump	8026acf0	60
act_vertical_wind	8026ad2c	400
act_special_triple_jump	8026aebc	376
check_common_airborne_cancels	8026b034	192
mario_execute_airborne_action	8026b0f4	1256
mario_execute_submerged_action	8026ef54	1044
animated_stationary_ground_step	8026f370	80
mario_update_punch_sequence	8026f3c0	856
act_punching	8026f718	240
act_picking_up	8026f808	336
act_dive_picking_up	8026f958	140
act_placing_down	8026f9e4	148
act_throwing	8026fa78	268
act_heavy_throw	8026fb84	216
act_stomach_slide_stop	8026fc5c	140
act_picking_up_bowser	8026fce8	152
act_holding_bowser	8026fd80	684
act_releasing_bowser	8027002c	144
check_common_object_cancels	802700bc	160
mario_execute_object_action	8027015c	400
geo_envfx_main	802702f0	384
geo_skybox_main	80270470	160
geo_draw_mario_head_goddard	80270510	152
bhv_toad_message_loop	802707d0	168
bhv_toad_message_init	80270878	248
bhv_unlock_door_star_init	80270a64	236
bhv_unlock_door_star_loop	80270b50	576
geo_mirror_mario_set_alpha	80270e44	128
geo_switch_mario_stand_run	80270ec4	64
geo_switch_mario_eyes	80270f04	140
geo_mario_tilt_torso	80270f90	180
geo_mario_head_rotation	80271044	220
geo_switch_mario_hand	80271120	160
geo_mario_hand_foot_scaler	802711c0	188
geo_switch_mario_cap_effect	8027127c	60
geo_switch_mario_cap_on_off	802712b8	144
geo_mario_rotate_wing_cap_wings	80271348	256
geo_switch_mario_hand_grab_pos	80271448	304
geo_render_mirror_mario	80271578	452
geo_mirror_mario_backface_culling	8027173c	200
set_segment_base_addr	80271810	32
get_segment_base_addr	80271830	32
segmented_to_virtual	80271850	52
virtual_to_segmented	80271884	44
move_segment_table_to_dmem	802718b0	232
main_pool_init	80271998	120
main_pool_alloc	80271a10	156
main_pool_free	80271aac	208
main_pool_realloc	80271b7c	80
main_pool_available	80271bcc	16
main_pool_push_state	80271bdc	152
main_pool_pop_state	80271c74	68
load_segment	80271df4	80
load_to_fixed_pool_addr	80271e44	176
load_segment_decompress	80271ef4	164
load_segment_decompress_heap	80271f98	132
load_engine_code_segment	8027201c	120
alloc_only_pool_init	80272094	92
alloc_only_pool_alloc	802720f0	68
alloc_only_pool_resize	80272134	76
mem_pool_init	80272180	96
mem_pool_alloc	802721e0	144
mem_pool_free	80272270	244
alloc_display_list	80272364	64
setup_dma_table_list	80272404	68
load_patchable_table	80272448	132
save_file_do_save	80272a38	120
save_file_erase	80272ab0	88
save_file_copy	80272b08	120
save_file_load_all	80272b80	416
save_file_reload	80272d20	108
save_file_collect_star_or_key	80272d8c	416
save_file_exists	80272f2c	36
save_file_get_max_coin_score	80272f50	220
save_file_get_course_star_count	8027302c	168
save_file_get_total_star_count	802730d4	120
save_file_set_flags	8027314c	64
save_file_clear_flags	8027318c	72
save_file_get_flags	802731d4	80
save_file_get_star_flags	80273224	88
save_file_set_star_flags	8027327c	144
save_file_get_course_coin_score	8027330c	32
save_file_is_cannon_unlocked	8027332c	56
save_file_set_cannon_unlocked	80273364	84
save_file_set_cap_pos	802733b8	132
save_file_get_cap_pos	8027343c	148
save_file_set_sound_mode	802734d0	64
save_file_get_sound_mode	80273510	12
save_file_move_cap_to_default_location	8027351c	156
disable_warp_checkpoint	802735b8	12
check_if_should_set_warp_checkpoint	802735c4	84
check_warp_checkpoint	80273618	120
override_viewport_and_clip	80273690	92
set_warp_transition_rgb	802736ec	120
print_intro_text	80273764	124
get_mario_spawn_type	802737e0	184
area_get_warp_node	80273898	64
area_get_warp_node_from_params	802738d8	48
load_obj_warp_nodes	80273908	112
clear_areas	80273978	156
clear_area_graph_nodes	80273a14	128
load_area	80273a94	200
unload_area	80273b5c	96
load_mario_area	80273bbc	108
unload_mario_area	80273c28	128
change_area	80273ca8	132
area_update_objects	80273d2c	52
play_transition	80273d60	320
play_transition_after_delay	80273ea0	96
render_game	80273f00	604
geo_set_animation_globals	8027548c	288
geo_process_held_object	80275d90	748
geo_try_process_children	8027607c	44
geo_process_node_and_siblings	802760a8	568
geo_process_root	802762e0	600
profiler_log_thread5_time	80276540	144
profiler_log_thread4_time	802765d0	124
profiler_log_gfx_time	8027664c	144
profiler_log_vblank_time	802766dc	124
draw_profiler_bar	80276758	536
draw_reference_profiler_bars	80276970	380
draw_profiler_mode_1	80276aec	648
draw_profiler_mode_0	80276d74	1204
draw_profiler	80277228	112
decompress	802772a0	152
set_camera_shake_from_hit	80277340	740
set_environmental_camera_shake	80277624	296
set_camera_shake_from_point	8027774c	316
unused_set_camera_pitch_shake_env	80277888	132
calc_y_to_curr_floor	8027790c	400
focus_on_mario	80277a9c	176
set_camera_height	80277b54	636
look_down_slopes	80277dd0	276
pan_ahead_of_player	80277ee4	388
find_in_bounds_yaw_wdw_bob_thi	80278068	296
update_radial_camera	80278190	292
update_8_directions_camera	802782b4	320
radial_camera_move	802783f4	1332
lakitu_zoom	80278928	452
radial_camera_input_default	80278aec	32
update_yaw_and_dist_from_c_up	80278b0c	96
mode_radial_camera	80278b6c	240
mode_8_directions_camera	80278c5c	236
update_outward_radial_camera	80278d48	284
mode_outward_radial_camera	80278e64	228
update_parallel_tracking_camera	80278f48	1836
update_fixed_camera	80279674	804
update_boss_fight_camera	80279998	1128
unused_update_mode_5_camera	80279e00	16
mode_boss_fight_camera	80279e18	48
mode_parallel_tracking_camera	80279e48	88
mode_fixed_camera	80279ea0	152
update_behind_mario_camera	80279f38	1368
mode_behind_mario	8027a490	428
update_slide_camera	8027a63c	984
mode_behind_mario_camera	8027aa14	40
nop_update_water_camera	8027aa3c	16
mode_water_surface_camera	8027aa4c	40
update_mario_camera	8027aa74	136
update_default_camera	8027aafc	3752
mode_default_camera	8027b9a4	56
mode_lakitu_camera	8027b9dc	44
mode_mario_camera	8027ba08	44
update_spiral_stairs_camera	8027ba34	644
mode_spiral_stairs_camera	8027bcb8	48
update_slide_or_0f_camera	8027bce8	136
mode_slide_camera	8027bd78	124
store_lakitu_cam_info_for_c_up	8027bdf4	128
set_mode_c_up	8027be74	88
exit_c_up	8027becc	1084
update_c_up	8027c308	140
move_mario_head_c_up	8027c394	280
move_into_c_up	8027c4ac	552
mode_c_up_camera	8027c6d4	376
update_in_cannon	8027c84c	112
mode_cannon_camera	8027c8bc	196
transition_next_state	8027c980	60
transition_to_camera_mode	8027c9bc	228
set_camera_mode	8027caa0	608
update_lakitu	8027cd00	1008
update_camera	8027d0f0	1404
reset_camera	8027d66c	568
init_camera	8027d8a4	1592
zoom_out_if_paused_and_outside	8027dedc	400
select_mario_cam_mode	8027e06c	16
create_camera	8027e07c	144
update_graph_node_camera	8027e10c	88
geo_camera_main	8027e164	84
stub_camera_2	8027e1b8	8
stub_camera_3	8027e1c0	8
vec3f_sub	8027e1c8	52
object_pos_to_vec3f	8027e1fc	28
vec3f_to_object_pos	8027e218	28
unused_object_angle_to_vec3s	8027e234	28
evaluate_cubic_spline	8027e250	808
move_point_along_spline	8027e578	668
cam_select_alt_mode	8027e814	192
set_cam_angle	8027e8d4	236
set_handheld_shake	8027e9c0	264
shake_camera_handheld	8027eac8	788
find_c_buttons_pressed	8027eddc	172
update_camera_hud_status	8027ee88	176
collide_with_walls	8027ef38	368
vec3f_compare	8027f0a8	92
clamp_pitch	8027f104	164
is_within_100_units_of_mario	8027f1a8	108
set_or_approach_f32_asymptotic	8027f214	112
approach_f32_asymptotic_bool	8027f284	96
approach_f32_asymptotic	8027f2e4	24
approach_s16_asymptotic_bool	8027f2fc	172
approach_s16_asymptotic	8027f3a8	184
approach_vec3f_asymptotic	8027f460	100
set_or_approach_vec3f_asymptotic	8027f4c4	100
approach_vec3s_asymptotic	8027f528	104
camera_approach_s16_symmetric_bool	8027f590	168
camera_approach_s16_symmetric	8027f638	172
set_or_approach_s16_symmetric	8027f6e4	116
camera_approach_f32_symmetric_bool	8027f758	184
camera_approach_f32_symmetric	8027f810	156
random_vec3s	8027f8ac	200
reduce_by_dist_from_camera	8027f974	464
clamp_positions_and_find_yaw	8027fb44	160
calc_avoid_yaw	8027fbe4	76
is_surf_within_bounding_box	8027fc30	700
is_behind_surface	8027feec	308
is_range_behind_surface	80280020	260
is_mario_behind_surface	80280124	44
scale_along_line	80280150	112
is_pos_in_bounds	802801c0	264
calculate_pitch	802802c8	92
calculate_yaw	80280324	52
calculate_angles	80280358	136
calc_abs_dist	802803e0	84
calc_hor_dist	80280434	68
rotate_in_xz	80280478	160
rotate_in_yz	80280518	164
set_camera_pitch_shake	802805bc	76
set_camera_yaw_shake	80280608	156
set_camera_roll_shake	802806a4	76
set_pitch_shake_from_point	802806f0	152
set_yaw_shake_from_point	80280788	152
increment_shake_offset	80280820	68
shake_camera_pitch	80280864	236
shake_camera_yaw	80280950	228
shake_camera_roll	80280a34	184
offset_yaw_outward_radial	80280aec	476
cutscene_intro_peach_play_message_music	80280cc8	40
cutscene_intro_peach_play_lakitu_flying_music	80280cf0	40
play_camera_buzz_if_cdown	80280d18	56
play_camera_buzz_if_cbutton	80280d50	56
play_camera_buzz_if_c_sideways	80280d88	64
play_sound_cbutton_up	80280dc8	44
play_sound_cbutton_down	80280df4	44
play_sound_cbutton_side	80280e20	44
play_sound_button_change_blocked	80280e4c	44
play_sound_rbutton_changed	80280e78	44
play_sound_if_cam_switched_to_lakitu_or_mario	80280ea4	96
radial_camera_input	80280f04	696
trigger_cutscene_dialog	802811bc	52
handle_c_button_movement	802811f0	520
clear_cutscene_vars	802813f8	204
start_cutscene	802814c4	52
determine_dance_cutscene	802814f8	132
open_door_cutscene	8028157c	84
get_cutscene_from_mario_status	802815d0	912
warp_camera	80281960	268
approach_camera_height	80281a6c	132
stub_camera_4	80281af0	20
set_focus_rel_mario	80281b04	252
offset_rotated	80281c08	332
offset_rotated_coords	80281d54	80
determine_pushing_or_pulling_door	80281da4	48
next_lakitu_state	80281dd4	1268
set_camera_mode_fixed	802822d0	308
set_camera_mode_8_directions	80282404	64
set_camera_mode_boss_fight	80282444	72
set_camera_mode_close_cam	8028248c	48
set_camera_mode_radial	802824bc	204
parallel_tracking_init	80282588	172
set_fixed_cam_axis_sa_lobby	80282634	124
check_blocking_area_processing	802826b0	184
cam_rr_exit_building_side	80282768	40
cam_rr_exit_building_top	80282790	112
cam_rr_enter_building_window	80282800	52
cam_rr_enter_building	80282834	92
cam_rr_enter_building_side	80282890	52
cam_cotmc_exit_waterfall	802828c4	28
cam_sl_snowman_head_8dir	802828e0	64
cam_sl_free_roam	80282920	36
move_camera_through_floor_while_descending	80282944	104
cam_hmc_enter_maze	802829ac	176
cam_hmc_elevator_black_hole	80282a5c	32
cam_hmc_elevator_maze_emergency_exit	80282a7c	36
cam_hmc_elevator_lake	80282aa0	36
cam_hmc_elevator_maze	80282ac4	36
cam_ssl_enter_pyramid_top	80282ae8	36
cam_ssl_pyramid_center	80282b0c	56
cam_ssl_boss_room	80282b44	56
cam_thi_move_cam_through_tunnel	80282b7c	44
cam_thi_look_through_tunnel	80282ba8	44
cam_bob_tower	80282bd4	56
cam_bob_default_free_roam	80282c0c	36
cam_castle_hmc_start_pool_cutscene	80282c30	64
cam_castle_lobby_entrance	80282c70	108
cam_castle_look_upstairs	80282cdc	136
cam_castle_basement_look_downstairs	80282d64	112
cam_castle_enter_lobby	80282dd4	88
cam_castle_enter_spiral_stairs	80282e2c	36
cam_castle_close_mode	80282e58	32
cam_castle_leave_lobby_sliding_door	80282e78	44
cam_castle_enter_lobby_sliding_door	80282ea4	32
cam_bbh_room_6	80282ec4	36
cam_bbh_fall_off_roof	80282ee8	32
cam_bbh_fall_into_pool	80282f08	144
cam_bbh_room_1	80282f98	40
cam_bbh_leave_front_door	80282fc0	36
cam_bbh_room_2_lower	80282fe4	40
cam_bbh_room_4	8028300c	40
cam_bbh_room_8	80283034	40
cam_bbh_room_5_library	8028305c	40
cam_bbh_room_5_library_to_hidden_transition	80283084	64
cam_bbh_room_5_hidden_to_library_transition	802830c4	64
cam_bbh_room_5_hidden	80283104	48
cam_bbh_room_3	80283134	40
cam_bbh_room_7_mr_i	8028315c	40
cam_bbh_room_7_mr_i_to_coffins_transition	80283184	64
cam_bbh_room_7_coffins_to_mr_i_transition	802831c4	64
cam_bbh_elevator_room_lower	80283204	36
cam_bbh_room_0_back_entrance	80283228	32
cam_bbh_elevator	80283248	72
cam_bbh_room_12_upper	80283290	48
cam_bbh_enter_front_door	802832c0	32
cam_bbh_room_2_library	802832e0	40
cam_bbh_room_2_library_to_trapdoor_transition	80283308	64
cam_bbh_room_2_trapdoor	80283348	40
cam_bbh_room_2_trapdoor_transition	80283370	64
cam_bbh_room_9_attic	802833b0	40
cam_bbh_room_9_attic_transition	802833d8	64
cam_bbh_room_9_mr_i_transition	80283418	64
cam_bbh_room_13_balcony	80283458	40
cam_bbh_room_0	80283480	48
cam_ccm_enter_slide_shortcut	802834b0	28
cam_ccm_leave_slide_shortcut	802834cc	28
surface_type_modes	802834e8	128
set_mode_if_not_set_by_surface	80283568	88
surface_type_modes_thi	802835c0	212
camera_course_processing	80283694	1456
resolve_geometry_collisions	80283c44	472
rotate_camera_around_walls	80283e1c	840
find_mario_floor_and_ceil	80284164	348
start_object_cutscene	802842c0	40
start_object_cutscene_without_focus	802842e8	28
unused_dialog_cutscene_response	80284304	104
cutscene_object_with_dialog	8028436c	176
cutscene_object_without_dialog	8028441c	44
cutscene_object	80284448	112
update_camera_yaw	802844b8	60
cutscene_reset_spline	802844f4	24
stop_cutscene_and_retrieve_stored_info	8028450c	84
cap_switch_save	80284560	44
init_spline_point	8028458c	60
copy_spline_segment	802845c8	308
cutscene_common_set_dialog_state	802846fc	60
cutscene_intro_peach_start_letter_music	80284770	52
cutscene_intro_peach_start_flying_music	802847a4	48
reset_pan_distance	802847d4	20
player2_rotate_cam	802847e8	508
store_info_cannon	802849e4	96
retrieve_info_cannon	80284a44	92
store_info_star	80284aa0	92
retrieve_info_star	80284afc	64
pan_camera	80284b4c	144
cutscene_shake_explosion	80284bdc	44
rotate_and_move_vec3f	80284c10	152
set_flag_post_door	80284ca8	64
cutscene_soften_music	80284ce8	44
cutscene_unsoften_music	80284d14	40
cutscene_unused_start	80284d44	8
cutscene_unused_loop	80284d4c	8
cutscene_ending_mario_fall_start	80284d54	76
cutscene_ending_mario_fall_focus_mario	80284da0	160
cutscene_ending_mario_fall	80284e40	104
cutscene_ending_mario_land_closeup	80284ea8	104
cutscene_ending_reset_spline	80284f10	44
cutscene_ending_fly_up_to_window	80284f3c	96
cutscene_ending_stars_free_peach	80284f9c	104
cutscene_ending_mario_land	80285004	220
cutscene_ending_peach_appear_closeup	802850e0	132
cutscene_ending_peach_appears	80285164	184
cutscene_ending_peach_descends_start	8028521c	44
cutscene_ending_follow_peach_descent	80285248	100
cutscene_ending_peach_descent_lower_focus	802852ac	48
cutscene_ending_peach_descent_back_to_mario	802852dc	124
cutscene_ending_peach_descends	80285358	208
cutscene_ending_mario_to_peach	80285428	152
cutscene_ending_look_up_at_castle	802854c0	60
cutscene_ending_peach_wakeup	802854fc	188
cutscene_ending_dialog	802855b8	116
cutscene_ending_kiss_closeup	8028562c	92
cutscene_ending_kiss_here_we_go	80285688	180
cutscene_ending_kiss	8028573c	104
cutscene_ending_look_at_sky	802857a4	92
cutscene_ending_zoom_fov	80285800	24
cutscene_ending_cake_for_mario	80285818	172
cutscene_ending_stop	802858c4	56
cutscene_grand_star_start	802858fc	100
cutscene_grand_star_front_of_mario	80285960	212
cutscene_grand_star_mario_jump	80285a34	92
cutscene_grand_star_accel_cvar2	80285a90	60
cutscene_grand_star_approach_mario	80285acc	124
cutscene_grand_star_move_cvar2	80285b48	56
cutscene_grand_star_focus_mario	80285b80	140
cutscene_grand_star	80285c0c	224
cutscene_grand_star_fly_start	80285cec	200
cutscene_grand_star_fly_move_to_mario	80285db4	124
cutscene_grand_star_fly_mario_offscreen	80285e30	268
cutscene_grand_star_fly_app_cvars	80285f3c	268
cutscene_grand_star_fly	80286048	144
focus_in_front_of_mario	802860d8	124
cutscene_dance_move_to_mario	80286154	144
cutscene_dance_rotate	802861e4	64
cutscene_dance_rotate_move_back	80286224	60
cutscene_dance_rotate_move_towards_mario	80286260	60
cutscene_dance_default_focus_mario	802862a4	40
cutscene_dance_rotate_focus_mario	802862cc	40
cutscene_dance_shake_fov	802862f4	44
cutscene_dance_default_rotate	80286320	344
star_dance_bound_yaw	80286478	164
cutscene_dance_closeup_start	8028651c	200
cutscene_dance_closeup_focus_mario	802865e4	132
cutscene_dance_closeup_fly_above	80286668	236
cutscene_dance_closeup_fly_closer	80286754	164
cutscene_dance_closeup_zoom	802867f8	36
cutscene_dance_closeup_shake_fov	8028681c	44
cutscene_dance_closeup	80286848	380
cutscene_dance_fly_away_start	802869c4	324
cutscene_dance_fly_away_approach_mario	80286b08	164
cutscene_dance_fly_away_focus_mario	80286bac	132
cutscene_pan_cvar9	80286c30	92
cutscene_dance_fly_rotate_around_mario	80286c8c	72
cutscene_dance_fly_away_rotate_while_flying	80286cd4	64
cutscene_dance_fly_away_shake_fov	80286d14	44
cutscene_dance_fly_away	80286d40	216
cutscene_key_dance_jump_cvar	80286e18	96
cutscene_key_dance_jump_closeup	80286e78	76
cutscene_key_dance_jump_lower_left	80286ec4	80
cutscene_key_dance_jump_above	80286f14	96
cutscene_key_dance_jump_last	80286f74	88
cutscene_key_dance_shake_fov	80286fcc	44
cutscene_key_dance_handheld_shake	80286ff8	36
cutscene_key_dance_focus_mario	8028701c	40
cutscene_key_dance	80287044	252
cutscene_bowser_area_shake_fov	80287140	36
cutscene_bowser_area_start_bowser_walking	80287164	24
cutscene_bowser_arena_set_pos	8028717c	104
cutscene_bowser_arena_focus_sine	802871e4	112
cutscene_bowser_arena_set_focus	80287254	60
cutscene_bowser_arena_adjust_offsets	80287290	100
cutscene_bowser_arena_pan_left	802872f4	52
cutscene_bowser_arena_mario_dialog	80287328	36
cutscene_stop_dialog	8028734c	36
cutscene_bowser_arena_start	80287370	148
bowser_fight_intro_dialog	80287404	88
cutscene_bowser_arena_dialog	8028745c	76
cutscene_bowser_arena_end	802874a8	108
cutscene_bowser_arena	80287514	368
cutscene_star_spawn_store_info	80287684	32
cutscene_star_spawn_focus_star	802876a4	108
cutscene_star_spawn_update_boss_fight	80287710	112
cutscene_star_spawn_fly_back	80287780	44
cutscene_star_spawn	802877ac	124
cutscene_star_spawn_back	80287828	140
cutscene_star_spawn_end	802878b4	40
cutscene_exit_waterfall_warp	802878dc	56
cutscene_exit_to_castle_grounds_focus_mario	80287914	152
cutscene_exit_waterfall	802879ac	84
cutscene_exit_to_castle_grounds_end	80287a00	64
cutscene_exit_fall_to_castle_grounds_warp	80287a40	56
cutscene_exit_fall_to_castle_grounds	80287a78	84
cutscene_red_coin_star_start	80287acc	68
cutscene_red_coin_star_focus_xz	80287b10	88
cutscene_red_coin_star_focus_y	80287b68	52
cutscene_red_coin_star_look_up_at_star	80287b9c	48
cutscene_red_coin_star_warp	80287bcc	320
cutscene_red_coin_star_set_fov	80287d0c	24
cutscene_red_coin_star	80287d24	228
cutscene_red_coin_star_end	80287e08	64
cutscene_goto_cvar_pos	80287e48	668
cutscene_prepare_cannon_start	802880e4	112
cutscene_prepare_cannon_fly_to_cannon	80288154	80
cannon_approach_prev	802881a4	92
cutscene_prepare_cannon_fly_back	80288200	268
cutscene_prepare_cannon	8028830c	120
cutscene_prepare_cannon_end	80288384	60
water_death_move_to_mario_side	802883c0	144
death_goto_mario	80288450	44
cutscene_death_standing_start	8028847c	92
cutscene_death_standing_goto_mario	802884d8	40
cutscene_death_standing	80288500	92
cutscene_death_stomach_start	8028855c	112
cutscene_death_stomach_goto_mario	802885cc	48
cutscene_death_stomach	80288604	104
cutscene_bbh_death_start	8028866c	112
cutscene_bbh_death_goto_mario	802886dc	48
cutscene_bbh_death	8028870c	104
cutscene_quicksand_death_start	80288774	44
cutscene_quicksand_death_goto_mario	802887a0	76
cutscene_quicksand_death	802887ec	156
cutscene_suffocation_fly_away	80288888	124
cutscene_suffocation_stay_above_gas	80288904	132
cutscene_suffocation_rotate	80288988	124
cutscene_suffocation	80288a04	152
cutscene_enter_pool_start	80288a9c	172
cutscene_enter_pool_loop	80288b48	44
cutscene_enter_pool	80288b74	92
cutscene_pyramid_top_explode_start	80288bd0	88
cutscene_pyramid_top_explode_zoom_in	80288c28	36
cutscene_pyramid_top_explode_focus	80288c4c	80
cutscene_pyramid_top_explode_warp	80288c9c	216
cutscene_pyramid_top_explode_closeup	80288d74	188
cutscene_pyramid_top_explode_cam_shake	80288e30	36
cutscene_pyramid_top_explode_warp_back	80288e54	72
cutscene_pyramid_top_explode	80288e9c	204
cutscene_pyramid_top_explode_end	80288f68	52
cutscene_enter_pyramid_top_start	80288f9c	76
cutscene_enter_pyramid_top	80288fe8	148
cutscene_dialog_start	80289084	304
cutscene_dialog_move_mario_shoulder	802891b4	464
cutscene_dialog_create_dialog_box	80289384	80
cutscene_dialog	802893d4	268
cutscene_dialog_set_flag	802894e0	28
cutscene_dialog_end	802894fc	56
cutscene_read_message_start	80289534	112
cutscene_read_message	802895ac	316
cutscene_read_message_set_flag	802896e8	28
cutscene_read_message_end	80289704	28
cutscene_exit_succ_start	80289720	136
cutscene_non_painting_set_cam_pos	802897a8	316
cutscene_non_painting_set_cam_focus	802898e4	264
cutscene_exit_bowser_succ_focus_left	802899ec	52
cutscene_exit_bowser_key_toss_shake	80289a20	52
cutscene_exit_succ_shake_landing	80289a54	36
cutscene_exit_bowser_succ	80289a78	180
cutscene_non_painting_end	80289b2c	112
cutscene_exit_non_painting_succ_override_cvar	80289b9c	56
cutscene_exit_non_painting_succ	80289bd4	188
cutscene_non_painting_death_start	80289c90	132
cutscene_exit_bowser_death	80289d14	100
cutscene_non_painting_death_override_offset	80289d78	156
cutscene_non_painting_death	80289e14	140
cutscene_cap_switch_press_start	80289ea0	100
cutscene_cap_switch_press_rotate_around_mario	80289f04	180
cutscene_cap_switch_press_lower_cam	80289fb8	60
cutscene_cap_switch_press_approach_mario	80289ff4	260
cutscene_cap_switch_press_pan_left	8028a0f8	116
cutscene_cap_switch_press_create_dialog	8028a16c	56
cutscene_cap_switch_press	8028a1ac	360
cutscene_unlock_key_door_start	8028a314	172
cutscene_unlock_key_door_approach_mario	8028a3c0	104
cutscene_unlock_key_door_focus_lock	8028a428	80
cutscene_unlock_key_door_stub	8028a478	8
cutscene_unlock_key_door_fly_back	8028a480	104
cutscene_unlock_key_door_fov_shake	8028a4e8	36
cutscene_unlock_key_door	8028a50c	180
intro_peach_move_camera_start_to_pipe	8028a5c0	196
peach_letter_text	8028a684	36
play_sound_peach_reading_letter	8028a6a8	48
cutscene_intro_peach_start_to_pipe_spline	8028a6d8	84
cutscene_intro_peach_dialog	8028a72c	120
cutscene_intro_peach_follow_pipe_spline	8028a7a4	96
cutscene_intro_peach_clear_cutscene_status	8028a804	20
cutscene_intro_peach_zoom_fov	8028a818	52
cutscene_intro_peach_reset_spline	8028a84c	60
cutscene_intro_peach_handheld_shake_off	8028a888	36
intro_pipe_exit_text	8028a8ac	36
play_sound_intro_turn_on_hud	8028a8d0	32
cutscene_intro_peach_fly_to_pipe	8028a8f0	176
cutscene_intro_peach_mario_appears	8028a9a0	272
cutscene_intro_peach_reset_fov	8028aab0	36
cutscene_intro_peach_letter	8028aad4	236
cutscene_end_waving_start	8028abc0	32
cutscene_end_waving	8028abe0	136
cutscene_credits_reset_spline	8028ac68	32
cutscene_credits	8028ac88	844
cutscene_sliding_doors_open_start	8028afd4	168
cutscene_sliding_doors_open_set_cvars	8028b07c	104
cutscene_sliding_doors_go_under_doorway	8028b0e4	48
cutscene_sliding_doors_fly_back_up	8028b114	48
cutscene_sliding_doors_follow_mario	8028b144	260
cutscene_sliding_doors_open	8028b248	160
cutscene_double_doors_end	8028b2e8	56
cutscene_enter_painting_stub	8028b320	8
cutscene_enter_painting	8028b328	612
cutscene_exit_painting_start	8028b58c	336
cutscene_exit_painting_move_to_mario	8028b6dc	132
cutscene_exit_painting_move_to_floor	8028b760	240
cutscene_exit_painting	8028b850	160
cutscene_unused_exit_start	8028b8f0	144
cutscene_unused_exit_focus_mario	8028b980	152
cutscene_exit_painting_end	8028ba18	84
cutscene_enter_cannon_end	8028ba6c	64
cutscene_enter_cannon_raise	8028baac	448
cutscene_enter_cannon_start	8028bc6c	196
cutscene_door_start	8028bd30	68
cutscene_door_fix_cam	8028bd74	64
cutscene_door_loop	8028bdb4	64
cutscene_door_move_behind_mario	8028bdf4	204
cutscene_door_follow_mario	8028bec0	144
cutscene_door_end	8028bf50	120
cutscene_door_mode	8028bfc8	172
play_cutscene	8028c074	2612
cutscene_event	8028caa8	108
cutscene_spawn_obj	8028cb14	40
set_fov_shake	8028cb3c	88
set_fov_shake_from_point	8028cb94	140
shake_camera_fov	8028cc20	188
set_fov_30	8028cce4	24
approach_fov_20	8028ccfc	52
set_fov_45	8028cd30	24
set_fov_29	8028cd48	24
zoom_fov_30	8028cd60	84
fov_default	8028cdb4	252
approach_fov_30	8028ceb8	48
approach_fov_60	8028cee8	48
approach_fov_45	8028cf18	68
approach_fov_80	8028cf5c	48
set_fov_bbh	8028cf8c	124
geo_camera_fov	8028d008	320
set_fov_function	8028d148	16
cutscene_set_fov_shake_preset	8028d158	96
set_fov_shake_from_point_preset	8028d1b8	264
obj_rotate_towards_point	8028d2d0	160
intro_peach_set_pos_and_opacity	8028d370	232
bhv_intro_peach_loop	8028d458	412
intro_lakitu_set_offset_from_camera	8028d5f4	196
intro_lakitu_set_focus	8028d6b8	104
intro_lakitu_set_pos_and_focus	8028d720	168
bhv_intro_lakitu_loop	8028d7c8	1884
bhv_end_birds_1_loop	8028df24	344
bhv_end_birds_2_loop	8028e07c	344
spawn_child_obj_relative	8028e1d4	304
bhv_intro_scene_loop	8028e304	1128
nop_change_course	8028e770	8
copy_mario_state_to_object	8028e780	244
spawn_particle	8028e874	100
bhv_mario_update	8028e8d8	140
update_objects_starting_at	8028e964	116
update_objects_during_time_stop	8028e9d8	288
update_objects_in_list	8028eaf8	76
unload_deactivated_objects_in_list	8028eb44	164
set_object_respawn_info_bits	8028ebe8	96
unload_objects_from_area	8028ec48	168
spawn_objects_from_info	8028ecf0	420
stub_obj_list_processor_1	8028ee94	8
clear_objects	8028ee9c	228
update_terrain_objects	8028ef80	68
update_non_terrain_objects	8028efc4	160
unload_deactivated_objects	8028f064	160
update_objects	8028f10c	364
geo_update_projectile_pos_from_parent	8028f280	116
geo_update_layer_transparency	8028f2f4	408
geo_switch_anim_state	8028f48c	76
geo_switch_area	8028f4d8	168
obj_update_pos_from_parent_transformation	8028f580	156
obj_apply_scale_to_matrix	8028f61c	204
create_transformation_from_matrices	8028f6e8	756
obj_set_held_state	8028f9dc	140
lateral_dist_between_objects	8028fa68	68
dist_between_objects	8028faac	84
cur_obj_forward_vel_approach_upward	8028fb00	52
approach_f32_signed	8028fb34	104
approach_f32_symmetric	8028fb9c	104
approach_s16_symmetric	8028fc04	148
cur_obj_rotate_yaw_toward	8028fc98	136
obj_angle_to_object	8028fd20	52
obj_turn_toward_object	8028fd54	280
obj_set_parent_relative_pos	8028fe6c	76
obj_set_pos	8028feb8	76
obj_set_angle	8028ff04	64
spawn_object_abs_with_rot	8028ff44	88
spawn_object_rel_with_rot	8028ff9c	112
spawn_obj_with_transform_flags	8029000c	44
spawn_water_droplet	80290038	444
spawn_object_at_origin	802901f4	132
spawn_object	80290278	68
try_to_spawn_object	802902bc	116
spawn_object_with_scale	80290330	88
spawn_object_relative	802903c0	136
spawn_object_relative_with_scale	80290448	120
cur_obj_move_using_vel	802904c0	72
obj_copy_graph_y_offset	80290508	12
obj_copy_pos_and_angle	80290514	48
obj_copy_pos	80290544	28
obj_copy_angle	80290560	52
obj_set_gfx_pos_from_pos	80290594	28
obj_init_animation	802905b0	48
linear_mtxf_mul_vec3f	802905e0	88
linear_mtxf_transpose_mul_vec3f	80290638	88
obj_apply_scale_to_transform	80290690	124
obj_copy_scale	8029070c	28
obj_scale_xyz	80290728	32
obj_scale	80290748	24
cur_obj_scale	80290760	36
cur_obj_init_animation	80290784	52
cur_obj_init_animation_with_sound	802907b8	72
cur_obj_init_animation_with_accel_and_sound	80290800	100
obj_init_animation_with_sound	80290864	64
cur_obj_enable_rendering_and_become_tangible	802908a4	20
cur_obj_enable_rendering	802908b8	24
cur_obj_disable_rendering_and_become_intangible	802908d0	24
cur_obj_disable_rendering	802908e8	24
cur_obj_unhide	80290900	24
cur_obj_hide	80290918	24
cur_obj_set_pos_relative	80290930	148
cur_obj_set_pos_relative_to_parent	802909c4	56
cur_obj_enable_rendering_2	802909fc	32
cur_obj_unused_init_on_floor	80290a1c	156
obj_set_face_angle_to_move_angle	80290ab8	28
get_object_list_from_behavior	80290ad4	40
cur_obj_nearest_object_with_behavior	80290afc	32
cur_obj_dist_to_nearest_object_with_behavior	80290b1c	52
cur_obj_find_nearest_object_with_behavior	80290b50	244
find_unimportant_object	80290c44	36
count_unimportant_objects	80290c68	52
count_objects_with_behavior	80290c9c	120
cur_obj_find_nearby_held_actor	80290d14	192
cur_obj_change_action	80290df0	52
cur_obj_set_vel_from_mario_vel	80290e24	68
cur_obj_reverse_animation	80290e68	32
cur_obj_extend_animation_if_at_end	80290e88	52
cur_obj_check_if_near_animation_end	80290ebc	76
cur_obj_check_if_at_animation_end	80290f08	52
cur_obj_check_anim_frame	80290f3c	40
cur_obj_check_anim_frame_in_range	80290f64	56
cur_obj_check_frame_prior_current_frame	80290f9c	68
mario_is_in_air_action	80290fe0	40
mario_is_dive_sliding	80291008	40
cur_obj_set_y_vel_and_animation	80291030	44
cur_obj_unrender_set_action_and_anim	8029105c	80
cur_obj_get_thrown_or_placed	802911c8	212
cur_obj_get_dropped	8029129c	64
cur_obj_set_model	802912dc	36
mario_set_flag	80291300	24
cur_obj_clear_interact_status_flag	80291318	56
obj_mark_for_deletion	80291350	8
cur_obj_disable	80291358	48
cur_obj_become_intangible	80291388	20
cur_obj_become_tangible	8029139c	16
obj_become_tangible	802913ac	8
cur_obj_update_floor_height	802913b4	64
cur_obj_update_floor_height_and_get_floor	802913f4	68
cur_obj_apply_drag_xz	802914e4	68
cur_obj_move_y	802919d4	468
cur_obj_unused_resolve_wall_collisions	80291be0	80
abs_angle_diff	80291c30	72
cur_obj_move_xz_using_fvel_and_yaw	80291c78	132
cur_obj_move_y_with_terminal_vel	80291cfc	68
cur_obj_compute_vel_xz	80291d40	92
increment_velocity_toward_range	80291d9c	120
obj_check_if_collided_with_object	80291e14	68
cur_obj_set_behavior	80291e58	44
obj_set_behavior	80291e84	44
cur_obj_has_behavior	80291eb0	60
obj_has_behavior	80291eec	60
cur_obj_lateral_dist_from_mario_to_home	80291f28	84
cur_obj_lateral_dist_to_home	80291f7c	76
cur_obj_outside_home_square	80291fc8	148
cur_obj_outside_home_rectangle	8029205c	164
cur_obj_set_pos_to_home	80292100	48
cur_obj_set_pos_to_home_and_stop	80292130	60
cur_obj_shake_y	8029216c	60
cur_obj_start_cam_event	802921a8	32
set_mario_interact_true_if_in_range	802921c8	64
obj_set_billboard	80292208	16
cur_obj_set_hitbox_radius_and_height	80292218	28
cur_obj_set_hurtbox_radius_and_height	80292234	28
obj_spawn_loot_blue_coins	80292358	64
obj_spawn_loot_yellow_coins	80292398	56
cur_obj_spawn_loot_coin_at_mario_pos	802923d0	100
cur_obj_abs_y_dist_to_home	80292434	52
cur_obj_advance_looping_anim	80292468	108
cur_obj_resolve_wall_collisions	80292614	352
cur_obj_update_floor_and_walls	80292940	32
cur_obj_move_standard	80292960	344
cur_obj_move_using_vel_and_gravity	80292b5c	124
cur_obj_move_using_fvel_and_gravity	80292bd8	40
obj_set_pos_relative	80292c00	124
cur_obj_angle_to_home	80292c7c	60
obj_set_gfx_pos_at_obj_pos	80292cb8	60
obj_translate_local	80292cf4	196
obj_build_transform_from_pos_and_angle	80292db8	120
obj_set_throw_matrix_from_transform	80292e30	88
obj_build_transform_relative_to_parent	80292e88	132
obj_create_transform_from_self	80292f0c	52
cur_obj_rotate_move_angle_using_vel	80292f40	72
cur_obj_rotate_face_angle_using_vel	80292f88	72
cur_obj_set_face_angle_to_move_angle	80292fd0	48
cur_obj_follow_path	80293000	456
chain_segment_init	802931c8	32
random_f32_around_zero	802931e8	52
obj_scale_random	8029321c	80
obj_translate_xyz_random	8029326c	152
obj_translate_xz_random	80293304	116
cur_obj_set_pos_via_transform	802933f4	128
cur_obj_reflect_move_angle_off_wall	80293474	44
cur_obj_spawn_particles	802934a0	420
obj_set_hitbox	80293644	240
signum_positive	80293734	24
absf	8029374c	44
absi	80293778	24
cur_obj_wait_then_blink	80293790	112
cur_obj_is_mario_ground_pounding_platform	80293800	72
spawn_mist_particles	80293848	40
spawn_mist_particles_with_sound	80293870	52
cur_obj_push_mario_away	802938a4	176
cur_obj_push_mario_away_from_cylinder	80293954	100
bhv_dust_smoke_loop	802939b8	140
cur_obj_set_action_table	80293a4c	40
cur_obj_progress_action_table	80293a74	68
stub_obj_helpers_3	80293ab8	12
cur_obj_scale_over_time	80293ac4	140
cur_obj_set_pos_to_home_with_debug	80293b50	180
stub_obj_helpers_4	80293c04	8
cur_obj_is_mario_on_platform	80293c0c	48
cur_obj_shake_y_until	80293c3c	112
jiggle_bbh_stair	80293cac	76
cur_obj_call_action_function	80293cf8	56
spawn_base_star_with_no_lvl_exit	80293d88	36
bit_shift_left	80293dac	20
cur_obj_mario_far_away	80293dc0	160
is_mario_moving_fast_or_in_air	80293e60	80
is_item_in_array	80293eb0	68
bhv_init_room	80293efc	204
cur_obj_enable_rendering_if_mario_in_room	80293fc8	244
cur_obj_set_hitbox_and_die_if_attacked	802940bc	184
obj_explode_and_spawn_coins	80294174	148
obj_set_collision_data	80294208	44
cur_obj_if_hit_wall_bounce_away	80294234	40
cur_obj_hide_if_mario_far_away_y	8029425c	108
geo_offset_klepto_held_object	802942c8	48
geo_offset_klepto_debug	802942f8	100
obj_is_hidden	8029435c	36
enable_time_stop	80294380	24
disable_time_stop	80294398	28
set_time_stop_flags	802943b4	24
clear_time_stop_flags	802943cc	32
cur_obj_can_mario_activate_textbox	802943ec	256
cur_obj_can_mario_activate_textbox_2	802944ec	32
cur_obj_update_dialog	80294554	528
cur_obj_update_dialog_with_cutscene	80294764	632
cur_obj_has_model	802949dc	68
cur_obj_align_gfx_with_floor	80294a20	156
mario_is_within_rectangle	80294abc	184
cur_obj_shake_screen	80294b74	56
obj_attack_collided_from_other_object	80294bac	68
cur_obj_was_attacked_or_ground_pounded	80294bf0	100
obj_copy_behavior_params	80294c54	20
cur_obj_init_animation_and_anim_frame	80294c68	48
cur_obj_init_animation_and_check_if_near_end	80294c98	40
cur_obj_init_animation_and_extend_if_at_end	80294cc0	40
cur_obj_check_grabbed_mario	80294ce8	72
player_performed_grab_escape_action	80294d30	128
cur_obj_unused_play_footstep_sound	80294db0	68
enable_time_stop_including_mario	80294df4	44
disable_time_stop_including_mario	80294e20	48
cur_obj_check_interacted	80294e50	48
cur_obj_spawn_loot_blue_coin	80294e80	84
cur_obj_spawn_star_at_y_offset	80294ed4	104
star_door_update_pos	80294f40	136
bhv_star_door_loop	80294fc8	448
bhv_piranha_particle_loop	80295188	136
mr_i_piranha_particle_act_0	80295210	164
mr_i_piranha_particle_act_1	802952b4	112
bhv_mr_i_particle_loop	80295324	36
spawn_mr_i_particle	80295348	216
bhv_mr_i_body_loop	80295420	316
mr_i_act_3	8029555c	1436
mr_i_act_2	80295af8	684
mr_i_act_1	80295da4	448
mr_i_act_0	80295f64	148
bhv_mr_i_loop	80295ff8	136
bhv_pole_init	80296080	52
bhv_giant_pole_loop	802960b4	104
bhv_thi_huge_island_top_loop	8029611c	100
bhv_thi_tiny_island_top_loop	80296180	320
cap_switch_act_0	802962c0	264
cap_switch_act_1	802963c8	96
cap_switch_act_2	80296428	200
cap_switch_act_3	802964f0	8
bhv_cap_switch_loop	802964f8	36
geo_update_held_mario_pos	8029651c	116
bhv_bobomb_anchor_mario_loop	80296590	44
king_bobomb_act_0	802965bc	248
mario_is_far_below_object	802966b4	64
king_bobomb_act_2	802966f4	376
king_bobomb_act_3	8029686c	500
king_bobomb_act_1	80296a60	176
king_bobomb_act_6	80296b10	320
king_bobomb_act_7	80296c50	176
king_bobomb_act_8	80296d00	56
king_bobomb_act_4	80296d38	324
king_bobomb_act_5	80296e7c	544
king_bobomb_move	8029709c	160
bhv_king_bobomb_loop	8029713c	216
bhv_beta_chest_bottom_init	80297214	112
bhv_beta_chest_bottom_loop	80297284	40
bhv_beta_chest_lid_loop	802972ac	268
bhv_water_air_bubble_init	802973b8	40
bhv_water_air_bubble_loop	802973e0	572
bhv_bubble_wave_init	8029761c	128
scale_bubble_random	8029769c	60
bhv_bubble_maybe_loop	802976d8	340
bhv_small_water_wave_loop	8029782c	336
scale_bubble_sin	8029797c	176
bhv_particle_init	80297a2c	164
bhv_particle_loop	80297ad0	188
bhv_small_bubbles_loop	80297b8c	76
bhv_fish_group_loop	80297bd8	88
bhv_water_waves_init	80297c30	104
bhv_cannon_base_unused_loop	80297c98	28
opened_cannon_act_0	80297cb4	288
opened_cannon_act_4	80297dd4	392
opened_cannon_act_6	80297f5c	372
opened_cannon_act_5	802980d0	180
opened_cannon_act_1	80298184	64
opened_cannon_act_2	802981c4	20
opened_cannon_act_3	802981d8	36
bhv_cannon_base_loop	802981fc	72
bhv_cannon_barrel_loop	80298244	128
common_anchor_mario_behavior	802982c4	284
bhv_chuckya_anchor_mario_loop	802983e0	44
unknown_chuckya_function	8029840c	344
approach_forward_vel	80298564	140
chuckya_act_0	802985f0	728
chuckya_act_1	802988c8	472
chuckya_act_3	80298aa0	88
chuckya_act_2	80298af8	88
chuckya_move	80298b50	108
bhv_chuckya_loop	80298bbc	240
bhv_wf_breakable_wall_loop	80298cac	180
check_mario_attacking	80298d60	244
init_kickable_board_rock	80298e54	32
bhv_kickable_board_loop	80298e74	684
bhv_tower_door_loop	80299120	96
bhv_wf_rotating_wooden_platform_loop	80299180	140
bhv_rotating_platform_loop	8029920c	248
set_koopa_shell_underwater_hitbox	80299304	44
bhv_koopa_shell_underwater_loop	80299330	192
bhv_warp_loop	802993f0	172
bhv_fading_warp_loop	8029949c	172
bhv_white_puff_exploding_loop	80299548	452
spawn_mist_particles_variable	8029970c	120
bhv_spawned_star_init	80299784	152
set_sparkle_spawn_star_hitbox	8029981c	88
set_home_to_mario	80299874	200
set_y_home_to_pos	8029993c	40
slow_star_rotation	80299964	36
bhv_spawned_star_loop	80299988	700
bhv_spawn_star_no_level_exit	80299c44	92
bhv_coin_sparkles_init	80299ca0	96
bhv_yellow_coin_init	80299d00	176
bhv_yellow_coin_loop	80299db0	52
bhv_temp_coin_loop	80299de4	80
bhv_spawned_coin_init	80299e34	160
bhv_spawned_coin_loop	80299ed4	412
bhv_coin_formation_spawn_loop	8029a070	380
spawn_coin_in_formation	8029a1ec	504
bhv_coin_formation_init	8029a3e4	28
bhv_coin_formation_loop	8029a400	280
coin_inside_boo_act_1	8029a518	220
coin_inside_boo_act_0	8029a5f4	248
bhv_coin_inside_boo_loop	8029a6ec	36
bhv_coin_sparkles_loop	8029a710	36
bhv_golden_coin_sparkles_loop	8029a734	144
bhv_punch_tiny_triangle_loop	8029a7c4	228
bhv_punch_tiny_triangle_init	8029a8a8	264
bhv_wall_tiny_star_particle_loop	8029a9b0	168
bhv_tiny_star_particles_init	8029aa58	264
bhv_pound_tiny_star_particle_loop	8029ab60	188
bhv_pound_tiny_star_particle_init	8029ac1c	128
door_animation_and_reset	8029ac9c	56
set_door_camera_event	8029acd4	92
play_door_open_noise	8029ad30	144
play_warp_door_open_noise	8029adc0	76
bhv_door_loop	8029ae0c	328
bhv_door_init	8029af54	392
bhv_star_door_loop_2	8029b0dc	268
grindel_thwomp_act_idle_at_bottom	8029b1e8	132
grindel_thwomp_act_lower	8029b26c	116
grindel_thwomp_act_land	8029b2e0	120
grindel_thwomp_act_idle_at_top	8029b358	136
grindel_thwomp_act_raise	8029b3e0	100
bhv_grindel_thwomp_loop	8029b444	36
bhv_tumbling_bridge_platform_loop	8029b468	396
tumbling_bridge_act_1	8029b5f4	416
tumbling_bridge_act_2	8029b794	116
tumbling_bridge_act_3	8029b808	44
tumbling_bridge_act_0	8029b834	88
bhv_tumbling_bridge_loop	8029b88c	36
elevator_starting_shake	8029b8b0	44
elevator_act_0	8029b8dc	232
elevator_act_1	8029b9c4	252
elevator_act_2	8029bac0	264
elevator_act_4	8029bbc8	124
elevator_act_3	8029bc44	120
bhv_elevator_init	8029bcbc	280
bhv_elevator_loop	8029bdd4	36
bhv_water_mist_spawn_loop	8029bdf8	56
bhv_water_mist_loop	8029be30	204
spawn_triangle_break_particles	8029befc	384
bhv_water_mist_2_loop	8029c07c	184
bhv_pound_white_puffs_init	8029c134	40
spawn_mist_from_global	8029c15c	36
bhv_ground_sand_init	8029c180	44
spawn_smoke_with_velocity	8029c1ac	152
clear_particle_flags	8029c244	36
bhv_ground_snow_init	8029c268	44
spawn_wind_particles	8029c294	156
bhv_wind_loop	8029c330	648
bhv_unused_particle_spawn_loop	8029c5b8	180
bhv_ukiki_cage_star_loop	8029c66c	312
ukiki_cage_act_wait_for_ukiki	8029c7a4	60
ukiki_cage_act_spin	8029c7e0	80
ukiki_cage_act_fall	8029c830	72
ukiki_cage_act_hide	8029c878	32
bhv_ukiki_cage_loop	8029c898	36
bhv_squishable_platform_loop	8029c8bc	108
bhv_bitfs_sinking_platform_loop	8029c928	92
bhv_ddd_moving_pole_loop	8029c984	40
bhv_bitfs_sinking_cage_platform_loop	8029c9ac	192
bhv_beta_moving_flames_spawn_loop	8029ca6c	180
bhv_beta_moving_flames_loop	8029cb20	112
bhv_flamethrower_flame_loop	8029cb90	576
bhv_flamethrower_loop	8029cdd0	336
bhv_rr_rotating_bridge_platform_loop	8029cf20	64
bhv_bouncing_fireball_flame_loop	8029cf60	360
bhv_bouncing_fireball_loop	8029d0c8	364
bhv_bowser_shock_wave_loop	8029d234	364
bhv_black_smoke_upward_loop	8029d3a0	52
bhv_black_smoke_bowser_loop	8029d3d4	196
bhv_black_smoke_mario_loop	8029d498	264
bhv_flame_mario_loop	8029d5a0	208
bhv_beta_fish_splash_spawner_loop	8029d670	44
bhv_spindrift_loop	8029d69c	384
bhv_wf_solid_tower_platform_loop	8029d81c	60
bhv_wf_elevator_tower_platform_loop	8029d858	340
bhv_wf_sliding_tower_platform_loop	8029d9ac	256
spawn_and_init_wf_platforms	8029daac	276
spawn_wf_platform_group	8029dbc0	236
bhv_tower_platform_group_loop	8029dcac	248
bhv_tree_snow_or_leaf_loop	8029dda4	732
bhv_snow_leaf_particle_spawn_init	8029e080	440
square_plat_set_yaw_until_timer	8029e238	64
bhv_squarish_path_moving_loop	8029e278	292
bhv_piranha_plant_waking_bubbles_loop	8029e39c	152
bhv_piranha_plant_bubble_loop	8029e434	896
bhv_purple_switch_loop	8029e7b4	532
check_if_moving_over_floor	8029e9c8	172
bhv_pushable_loop	8029ea74	256
breakable_box_init	8029eb74	148
hidden_breakable_box_actions	8029ec08	432
hidden_wdw_platform_actions	8029edb8	236
bhv_hidden_object_loop	8029eea4	68
bhv_breakable_box_loop	8029eee8	120
geo_move_mario_part_from_parent	8029ef60	132
bhv_heave_ho_throw_mario_loop	8029efe4	212
heave_ho_act_1	8029f0b8	148
heave_ho_act_2	8029f14c	348
heave_ho_act_3	8029f2a8	152
heave_ho_act_0	8029f340	164
heave_ho_move	8029f3e4	244
bhv_heave_ho_loop	8029f4d8	180
bhv_ccm_touched_star_spawn_loop	8029f58c	148
bhv_unused_poundable_platform	8029f620	156
bhv_beta_trampoline_spring_loop	8029f6bc	244
bhv_beta_trampoline_top_loop	8029f7b0	200
jumping_box_act_0	8029f878	248
jumping_box_act_1	8029f970	64
jumping_box_free_update	8029f9b0	96
bhv_jumping_box_loop	8029fa10	268
bhv_boo_cage_loop	8029fb1c	404
spawn_sparkle_particles	8029fcb0	396
bhv_alpha_boo_key_loop	8029fe3c	144
bhv_beta_boo_key_loop	802a0170	36
arc_to_goal_pos	802a0194	208
grand_star_zero_velocity	802a0264	40
bhv_grand_star_loop	802a028c	648
bhv_bowser_key_loop	802a0514	332
bhv_white_puff_smoke_init	802a0660	68
bhv_bullet_bill_init	802a06a4	20
bullet_bill_act_0	802a06b8	116
bullet_bill_act_1	802a072c	120
bullet_bill_act_2	802a07a4	336
bullet_bill_act_3	802a08f4	16
bullet_bill_act_4	802a0904	152
bhv_bullet_bill_loop	802a099c	64
bowser_tail_anchor_act_default	802a09dc	156
bowser_tail_anchor_thrown	802a0a78	36
bowser_tail_anchor_act_touched_mario	802a0a9c	80
bhv_bowser_tail_anchor_loop	802a0aec	104
bhv_bowser_flame_spawn_loop	802a0b54	436
bhv_bowser_body_anchor_loop	802a0d08	216
bowser_spawn_shockwave	802a0de0	88
bowser_bounce_effects	802a0e38	112
bowser_set_anim_look_up_and_walk	802a0ea8	88
bowser_set_anim_slow_gait	802a0f00	72
bowser_set_anim_look_down_stop_walk	802a0f48	80
bowser_init_camera_actions	802a0f98	88
bowser_act_wait	802a0ff0	56
bowser_act_intro_walk	802a1028	176
bowser_bitdw_actions	802a10e0	244
bowser_bitfs_actions	802a11d4	324
bowser_bits_action_list	802a1318	228
bowser_set_act_big_jump	802a13fc	20
bowser_bits_actions	802a1410	140
bowser_reset_fallen_off_stage	802a149c	136
bowser_act_idle	802a1524	48
bowser_act_default	802a1554	152
bowser_act_breath_fire	802a15ec	96
bowser_act_walk_to_mario	802a164c	360
bowser_act_teleport	802a17b4	404
bowser_act_spit_fire_into_sky	802a1948	248
bowser_act_hit_mine	802a1a40	348
bowser_set_anim_jump	802a1b9c	52
bowser_land	802a1bd0	228
bowser_short_second_hop	802a1cb4	92
bowser_act_big_jump	802a1d10	352
bowser_act_quick_jump	802a1e70	232
bowser_act_hit_edge	802a1f58	212
bowser_act_spit_fire_onto_floor	802a202c	260
bowser_turn_on_timer	802a2130	228
bowser_act_turn_from_edge	802a2214	52
bowser_act_charge_mario	802a2248	668
bowser_check_hit_mine	802a24e4	104
bowser_act_thrown	802a254c	244
bowser_set_goal_invisible	802a2640	80
bowser_act_jump_onto_stage	802a2690	820
bowser_act_dance	802a29c4	88
bowser_spawn_collectable	802a2a1c	132
bowser_fly_back_dead	802a2aa0	148
bowser_dead_bounce	802a2b34	148
bowser_dead_wait_for_mario	802a2bc8	140
bowser_dead_twirl_up	802a2c54	292
bowser_dead_hide	802a2d78	72
bowser_dead_default_stage_ending	802a2dc0	276
bowser_dead_final_stage_ending	802a2ed4	264
bowser_act_dead	802a2fdc	272
bowser_tilt_platform	802a30ec	120
bowser_act_tilt_lava_platform	802a3164	292
bowser_check_fallen_off_stage	802a3288	144
bowser_free_update	802a3318	208
bowser_held_update	802a33e8	264
bowser_thrown_dropped_update	802a34f0	324
bhv_bowser_loop	802a3634	544
bhv_bowser_init	802a3854	212
geo_update_body_rot_from_parent	802a3928	116
bowser_open_eye_switch	802a399c	444
geo_switch_bowser_eyes	802a3b58	132
geo_bits_bowser_coloring	802a3bdc	184
falling_bowser_plat_act_start	802a3c94	116
falling_bowser_plat_act_check	802a3d08	228
falling_bowser_plat_act_fall	802a3dec	712
bhv_falling_bowser_platform_loop	802a40b4	36
bowser_flame_despawn	802a40d8	120
bowser_flame_should_despawn	802a4150	84
bhv_flame_bowser_init	802a41a4	208
bhv_flame_large_burning_out_init	802a4274	132
bowser_flame_move	802a42f8	168
bhv_flame_bowser_loop	802a43a0	452
bhv_flame_moving_forward_growing_init	802a4564	124
bhv_flame_moving_forward_growing_loop	802a45e0	240
bhv_flame_floating_landing_init	802a46d0	240
bhv_flame_floating_landing_loop	802a47c0	240
bhv_blue_bowser_flame_init	802a48b0	228
bhv_blue_bowser_flame_loop	802a4994	400
bhv_flame_bouncing_init	802a4b24	160
bhv_flame_bouncing_loop	802a4bc4	256
bhv_blue_flames_group_loop	802a4cc4	252
bhv_blue_fish_movement_loop	802a4dc0	892
bhv_tank_fish_group_loop	802a513c	284
vec3f_copy_2	802a5258	28
bhv_checkerboard_elevator_group_init	802a5274	304
checkerboard_plat_act_move_y	802a53a4	92
checkerboard_plat_act_rotate	802a5400	164
bhv_checkerboard_platform_init	802a54a4	24
bhv_checkerboard_platform_loop	802a54bc	552
bhv_ddd_warp_loop	802a56e4	92
water_level_pillar_undrained	802a5740	460
water_level_pillar_drained	802a590c	68
bhv_water_level_pillar_init	802a5950	56
bhv_water_level_pillar_loop	802a5988	108
bhv_invisible_objects_under_bridge_init	802a59f4	68
geo_scale_bowser_key	802a5a38	40
bhv_bowser_key_unlock_door_loop	802a5a60	284
bhv_bowser_key_course_exit_loop	802a5b7c	296
bhv_moat_grills_loop	802a5ca4	68
bhv_rotating_clock_arm_loop	802a5ce8	392
handle_cap_ukiki_reset	802a5e70	120
is_cap_ukiki_and_mario_has_normal_cap_on_head	802a5ee8	80
geo_update_projectile_pos_from_parent_copy	802a5f38	116
idle_ukiki_taunt	802a5fac	444
ukiki_act_idle	802a6168	576
ukiki_act_return_home	802a63a8	108
ukiki_act_wait_to_respawn	802a6414	68
ukiki_act_unused_turn	802a6458	68
ukiki_act_turn_to_mario	802a649c	236
ukiki_act_run	802a6588	452
ukiki_act_jump	802a674c	224
ukiki_act_go_to_cage	802a682c	784
ukiki_free_loop	802a6b3c	148
cage_ukiki_held_loop	802a6bd8	332
cap_ukiki_held_loop	802a6d24	276
bhv_ukiki_init	802a6e38	104
bhv_ukiki_loop	802a6ea0	320
lll_octagonal_mesh_move	802a6fe0	408
lll_octagonal_mesh_find_y_offset	802a7178	196
bhv_lll_moving_octagonal_mesh_platform_loop	802a723c	276
bhv_lll_sinking_rock_block_loop	802a7350	96
bhv_lll_rotating_hex_flame_loop	802a73b0	140
fire_bar_spawn_flames	802a743c	348
fire_bar_act_0	802a7598	52
fire_bar_act_1	802a75cc	76
fire_bar_act_2	802a7618	88
fire_bar_act_3	802a7670	16
bhv_lll_rotating_block_fire_bars_loop	802a7680	64
bhv_lll_wood_piece_loop	802a76c0	172
bhv_lll_floating_wood_bridge_loop	802a776c	280
bhv_volcano_flames_loop	802a7884	144
hexagonal_ring_spawn_flames	802a7914	276
bhv_lll_rotating_hexagonal_ring_loop	802a7a28	480
sinking_rectangular_plat_actions	802a7c08	128
bhv_lll_sinking_rectangular_platform_loop	802a7c88	144
bhv_lll_sinking_square_platforms_loop	802a7d18	40
create_transform_from_normals	802a7d40	100
bhv_platform_normals_init	802a7da4	88
approach_by_increment	802a7dfc	124
bhv_tilting_inverted_pyramid_loop	802a7e78	640
koopa_shell_spawn_water_drop	802a80f8	140
bhv_koopa_shell_flame_loop	802a8184	288
bhv_koopa_shell_flame_spawn	802a82a4	104
koopa_shell_spawn_sparkles	802a830c	68
bhv_koopa_shell_loop	802a8350	524
tox_box_shake_screen	802a855c	68
tox_box_move	802a85a0	448
tox_box_act_roll_forward	802a8760	48
tox_box_act_roll_backward	802a8790	48
tox_box_act_roll_right	802a87c0	48
tox_box_act_roll_left	802a87f0	48
tox_box_act_roll_land	802a8820	144
tox_box_act_idle	802a88b0	68
tox_box_act_unused_idle	802a88f4	68
tox_box_act_init	802a8938	68
bhv_tox_box_loop	802a897c	44
piranha_plant_act_idle	802a89a8	100
piranha_plant_check_interactions	802a8a0c	216
piranha_plant_act_sleeping	802a8ae4	272
piranha_plant_act_woken_up	802a8bf4	112
piranha_plant_reset_when_far	802a8c64	36
piranha_plant_attacked	802a8c88	84
piranha_plant_act_shrink_and_die	802a8cdc	188
piranha_plant_act_wait_to_respawn	802a8d98	52
piranha_plant_act_respawn	802a8dcc	168
piranha_plant_act_biting	802a8e74	296
mario_moving_fast_enough_to_make_piranha_plant_bite	802a8f9c	84
piranha_plant_act_stopped_biting	802a8ff0	132
bhv_piranha_plant_loop	802a9074	128
bhv_lll_bowser_puzzle_spawn_piece	802a90f4	132
bhv_lll_bowser_puzzle_spawn_pieces	802a9178	212
bhv_lll_bowser_puzzle_loop	802a924c	232
bhv_lll_bowser_puzzle_piece_action_0	802a9334	8
bhv_lll_bowser_puzzle_piece_action_1	802a933c	48
bhv_lll_bowser_puzzle_piece_update	802a936c	184
bhv_lll_bowser_puzzle_piece_move	802a9424	232
bhv_lll_bowser_puzzle_piece_idle	802a950c	36
bhv_lll_bowser_puzzle_piece_move_left	802a9530	48
bhv_lll_bowser_puzzle_piece_move_right	802a9560	48
bhv_lll_bowser_puzzle_piece_move_up	802a9590	48
bhv_lll_bowser_puzzle_piece_move_down	802a95c0	48
bhv_lll_bowser_puzzle_piece_loop	802a95f0	112
set_obj_anim_with_accel_and_sound	802a9660	168
play_penguin_walking_sound	802a9708	80
tuxies_mother_act_2	802a9758	364
tuxies_mother_act_1	802a98c4	448
tuxies_mother_act_0	802a9a84	416
bhv_tuxies_mother_loop	802a9c24	88
small_penguin_dive_with_mario	802a9c7c	68
small_penguin_act_2	802a9cc0	260
small_penguin_act_1	802a9dc4	188
small_penguin_act_3	802a9e80	124
small_penguin_act_4	802a9efc	96
small_penguin_act_0	802a9f5c	360
small_penguin_act_5	802aa0c4	244
small_penguin_free_actions	802aa1b8	100
bhv_small_penguin_loop	802aa21c	256
geo_switch_tuxie_mother_eyes	802aa31c	204
bhv_fish_spawner_loop	802aa5f4	36
bhv_fish_loop	802aac68	264
bhv_wdw_express_elevator_loop	802aad70	360
bub_spawner_act_0	802aaed8	156
bub_spawner_act_1	802aaf74	68
bub_spawner_act_2	802aafb8	20
bub_spawner_act_3	802aafcc	16
bhv_bub_spawner_loop	802aafdc	36
bub_move_vertically	802ab000	152
bub_act_0	802ab098	100
bub_act_1	802ab0fc	472
bub_act_2	802ab2d4	508
bhv_bub_loop	802ab4d0	164
bhv_rotating_exclamation_box_loop	802ab574	60
exclamation_box_act_0	802ab5b0	168
exclamation_box_act_1	802ab658	164
exclamation_box_act_2	802ab6fc	232
exclamation_box_act_3	802ab7e4	368
exclamation_box_spawn_contents	802ab954	208
exclamation_box_act_4	802aba24	160
exclamation_box_act_5	802abac4	40
bhv_exclamation_box_loop	802abaec	52
bhv_sound_spawner_init	802abb20	44
bhv_bowsers_sub_loop	802abb4c	52
bhv_sushi_shark_collision_loop	802abb80	8
bhv_sushi_shark_loop	802abb88	388
bhv_sunken_ship_part_loop	802abd0c	116
bhv_ship_part_3_loop	802abd80	272
bhv_jrb_sliding_box_loop	802abe90	648
bhv_white_puff_1_loop	802ac118	180
bhv_white_puff_2_loop	802ac1cc	52
bhv_hidden_blue_coin_loop	802ac200	304
bhv_blue_coin_switch_loop	802ac330	436
bhv_openable_cage_door_loop	802ac4e4	116
bhv_openable_grill_loop	802ac558	392
bhv_init_changing_water_level_loop	802ac6e0	196
bhv_water_level_diamond_loop	802ac7a4	572
tweester_scale_and_move	802ac9e0	304
tweester_act_idle	802acb10	232
tweester_act_chase	802acbf8	440
tweester_act_hide	802acdb0	172
bhv_tweester_loop	802ace5c	68
bhv_tweester_sand_particle_loop	802acea0	216
bhv_boo_init	802acfa0	20
bhv_courtyard_boo_triplet_init	802ad170	192
bhv_boo_loop	802adf98	136
bhv_big_boo_loop	802ae580	116
bhv_boo_with_cage_init	802ae754	100
bhv_boo_with_cage_loop	802ae7b8	72
bhv_merry_go_round_boo_manager_loop	802ae800	300
obj_set_secondary_camera_focus	802ae92c	20
bhv_animated_texture_loop	802ae940	32
bhv_boo_in_castle_loop	802ae960	548
bhv_boo_staircase	802aeb84	408
bhv_bbh_tilting_trap_platform_loop	802aed1c	328
bhv_haunted_bookshelf_loop	802aee64	200
bhv_merry_go_round_loop	802af064	224
bhv_static_checkered_platform_loop	802af144	292
bhv_beta_bowser_anchor_loop	802af268	124
bhv_play_music_track_when_touched_loop	802af2e4	104
bhv_floor_trap_in_castle_loop	802af34c	72
bhv_castle_floor_trap_init	802af394	144
bhv_castle_floor_trap_open_detect	802af424	108
bhv_castle_floor_trap_open	802af490	144
bhv_castle_floor_trap_close_detect	802af520	52
bhv_castle_floor_trap_close	802af554	84
bhv_castle_floor_trap_rotate	802af5a8	20
bhv_castle_floor_trap_loop	802af5bc	140
bhv_pole_base_loop	802af648	164
bhv_sparkle_spawn_loop	802af6ec	128
update_angle_from_move_flags	802af76c	80
bhv_scuttlebug_loop	802af7bc	1116
bhv_scuttlebug_spawn_loop	802afc18	252
whomp_play_sfx_from_pound_animation	802afd14	144
whomp_init	802afda4	280
whomp_turn	802afebc	176
whomp_patrol	802aff6c	300
king_whomp_chase	802b0098	272
whomp_prepare_jump	802b01a8	80
whomp_jump	802b01f8	148
whomp_land	802b028c	148
king_whomp_on_ground	802b0320	380
whomp_on_ground	802b049c	184
whomp_on_ground_general	802b0554	300
whomp_die	802b0680	300
king_whomp_stop_music	802b07ac	56
bhv_whomp_loop	802b07e4	136
bhv_water_splash_spawn_droplets	802b086c	164
bhv_water_droplet_loop	802b0910	340
bhv_idle_water_wave_loop	802b0a64	124
bhv_water_droplet_splash_init	802b0ae0	60
bhv_bubble_splash_init	802b0b1c	108
bhv_shallow_water_splash_init	802b0b88	80
bhv_wave_trail_shrink	802b0bd8	268
bhv_strong_wind_particle_loop	802b0ce4	428
cur_obj_spawn_strong_wind_particles	802b0e90	568
bhv_sl_snowman_wind_loop	802b10c8	456
bhv_sl_walking_penguin_loop	802b130c	684
update_mario_platform	802b15c0	216
get_mario_pos	802b1698	36
set_mario_pos	802b16bc	32
apply_platform_displacement	802b16dc	548
apply_mario_platform_displacement	802b1900	80
clear_mario_platform	802b1950	12
debug_print_obj_collision	802b1960	160
detect_object_hitbox_overlap	802b1a00	352
detect_object_hurtbox_overlap	802b1b60	280
clear_object_collision	802b1c78	56
check_collision_in_list	802b1cb0	164
check_player_object_collision	802b1d54	220
check_pushable_object_collision	802b1e30	84
check_destructive_object_collision	802b1e84	224
detect_object_collisions	802b1f64	144
unused_init_free_list	802b2000	136
unused_try_allocate	802b2088	52
try_allocate_object	802b20bc	112
unused_deallocate	802b212c	40
init_free_object_list	802b217c	56
clear_object_lists	802b21b4	104
unload_object	802b2224	120
allocate_object	802b229c	388
create_object	802b24ac	188
mark_obj_for_deletion	802b2568	8
exec_anim_sound_state	802b2570	148
create_sound_spawner	802b2604	60
cur_obj_play_sound_1	802b2640	56
cur_obj_play_sound_2	802b2678	144
calc_dist_to_volume_range_1	802b2708	124
calc_dist_to_volume_range_2	802b2784	124
stub_debug_1	802b2800	8
stub_debug_2	802b2808	8
stub_debug_3	802b2810	8
stub_debug_4	802b2818	8
get_current_clock	802b2820	12
get_clock_difference	802b282c	20
set_print_state_info	802b2840	48
print_text_array_info	802b2870	152
set_text_array_x_y	802b2908	48
print_debug_bottom_up	802b2938	64
print_debug_top_down_objectinfo	802b2978	80
print_debug_top_down_mapinfo	802b29c8	80
print_debug_top_down_normal	802b2a18	64
print_mapinfo	802b2a58	492
print_checkinfo	802b2c44	40
print_surfaceinfo	802b2c6c	44
print_stageinfo	802b2c98	60
print_string_array_info	802b2cd4	224
print_effectinfo	802b2db4	52
print_enemyinfo	802b2de8	52
update_debug_dpadmask	802b2e1c	136
debug_unknown_level_select_check	802b2ea4	88
reset_debug_objectinfo	802b2efc	160
try_modify_debug_controls	802b2fac	392
stub_debug_5	802b3134	8
try_print_debug_mario_object_info	802b313c	196
try_print_debug_mario_level_info	802b3200	112
try_do_mario_debug_object_spawn	802b3270	276
debug_print_obj_move_flags	802b3384	360
debug_enemy_unknown	802b34ec	44
set_and_reset_transition_fade_timer	802b3520	88
set_transition_color_fade_alpha	802b3578	556
vertex_transition_color	802b37a4	324
dl_transition_color	802b38e8	272
render_fade_transition_from_color	802b39f8	72
render_fade_transition_into_color	802b3a40	72
calc_tex_transition_radius	802b3a88	160
calc_tex_transition_time	802b3b28	184
convert_tex_transition_angle_to_pos	802b3be0	72
center_tex_transition_x	802b3c28	96
center_tex_transition_y	802b3c88	96
make_tex_transition_vertex	802b3ce8	308
load_tex_transition_vertex	802b3e1c	884
render_textured_transition	802b4190	1216
render_screen_transition	802b4650	432
render_cannon_circle_base	802b4800	696
geo_cannon_circle_base	802b4ab8	104
rotate_rectangle	802b4b20	128
atan2_deg	802b4ba0	68
scale_shadow_with_distance	802b4be4	152
disable_shadow_with_distance	802b4c7c	52
dim_shadow_with_distance	802b4cb0	320
get_water_level_below_shadow	802b4df0	140
init_shadow	802b4e7c	496
get_texture_coords_9_vertices	802b506c	148
get_texture_coords_4_vertices	802b5100	92
make_shadow_vertex_at_xyz	802b515c	284
extrapolate_vertex_y_position	802b5278	68
get_vertex_coords	802b52bc	152
calculate_vertex_xyz	802b5354	548
floor_local_tilt	802b5578	108
make_shadow_vertex	802b55e4	460
add_shadow_to_display_list	802b57b0	268
linearly_interpolate_solidity_positive	802b58bc	300
linearly_interpolate_solidity_negative	802b59e8	300
correct_shadow_solidity_for_animations	802b5b14	216
correct_lava_shadow_height	802b5bec	216
create_shadow_player	802b5cc4	520
create_shadow_circle_9_verts	802b5ecc	284
create_shadow_circle_4_verts	802b5fe8	288
create_shadow_circle_assuming_flat_ground	802b6108	392
create_shadow_rectangle	802b6290	396
get_shadow_height_solidity	802b641c	208
create_shadow_square	802b64ec	288
create_shadow_hardcoded_rectangle	802b660c	216
create_shadow_below_xyz	802b66e4	520
calculate_skybox_scaled_x	802b68f0	224
calculate_skybox_scaled_y	802b69d0	160
make_skybox_rect	802b6ac8	512
draw_skybox_tile_grid	802b6cc8	460
create_skybox_ortho_matrix	802b6e94	200
init_skybox_display_list	802b6f5c	244
create_skybox_facing_camera	802b7050	316
geo_wdw_set_initial_water_level	802b7190	256
geo_movtex_pause_control	802b7290	96
movtex_make_quad_vertex	802b72f0	380
movtex_gen_from_quad	802b746c	1104
movtex_gen_from_quad_array	802b78bc	248
movtex_gen_quads_id	802b79b4	128
get_quad_collection_from_id	802b7a34	548
movtex_change_texture_format	802b7c58	172
geo_movtex_draw_water_regions	802b7d04	528
update_moving_texture_offset	802b7f14	92
movtex_write_vertex_first	802b7f70	236
movtex_write_vertex_index	802b805c	296
movtex_gen_list	802b8184	476
geo_movtex_draw_nocolor	802b8360	176
geo_movtex_draw_colored	802b8410	176
geo_movtex_draw_colored_no_update	802b84c0	168
geo_movtex_draw_colored_2_no_update	802b8568	168
geo_movtex_update_horizontal	802b8610	172
make_vertex	802b86c0	88
round_float	802b8718	120
geo_exec_inside_castle_light	802b8790	172
geo_exec_flying_carpet_timer_update	802b883c	156
geo_exec_flying_carpet_create	802b88d8	688
geo_exec_cake_end_screen	802b8b88	128
stop_other_paintings	802b8c10	120
painting_mario_y	802b8c88	112
painting_mario_z	802b8cf8	88
painting_ripple_y	802b8d50	132
painting_nearest_4th	802b8dd4	180
painting_mario_x	802b8e88	88
painting_ripple_x	802b8ee0	132
painting_state	802b8f64	240
wall_painting_proximity_idle	802b9054	324
wall_painting_proximity_rippling	802b9198	176
wall_painting_continuous_idle	802b9248	324
wall_painting_continuous_rippling	802b938c	176
floor_painting_proximity_idle	802b943c	340
floor_painting_proximity_rippling	802b9590	192
floor_painting_continuous_idle	802b9650	328
floor_painting_continuous_rippling	802b9798	192
painting_update_floors	802b9858	244
painting_update_ripple_state	802b994c	236
calculate_ripple_at_point	802b9a38	248
ripple_if_movable	802b9b30	112
painting_generate_mesh	802b9ba0	280
painting_calculate_triangle_normals	802b9cb8	544
normalize_component	802b9ed8	168
painting_average_vertex_normals	802b9f80	532
render_painting	802ba194	1380
painting_model_view_transform	802ba6f8	340
painting_ripple_image	802ba84c	460
painting_ripple_env_mapped	802baa18	368
display_painting_rippling	802bab88	268
display_painting_not_rippling	802bac94	164
reset_painting	802bad38	36
move_ddd_painting	802bad5c	240
set_painting_layer	802bae4c	60
display_painting	802bae88	60
wall_painting_update	802baec4	172
floor_painting_update	802baf70	172
geo_painting_draw	802bb01c	296
geo_painting_update	802bb144	200
int_pow	802bb210	128
format_integer	802bb290	624
parse_width_field	802bb500	288
print_text_fmt_int	802bb620	516
print_text	802bb824	228
print_text_centered	802bb908	280
char_to_glyph_index	802bba20	360
add_glyph_texture	802bbb88	144
clip_to_bounds	802bbc18	96
render_textrect	802bbc78	236
render_text_labels	802bbd64	500
create_dl_identity_matrix	802bbf60	184
create_dl_translation_matrix	802bc018	196
create_dl_rotation_matrix	802bc0dc	204
create_dl_scale_matrix	802bc1a8	196
create_dl_ortho_matrix	802bc26c	204
render_generic_char	802bc41c	176
print_generic_string	802bc4cc	672
print_hud_lut_string	802bc76c	580
print_menu_generic_string	802bc9b0	704
print_credits_string	802bcc70	596
handle_menu_scrolling	802bcec4	460
get_str_x_pos_from_center_scale	802bd090	240
print_hud_my_score_coins	802bd180	196
print_hud_my_score_stars	802bd244	196
int_to_str	802bd308	244
get_dialog_id	802bd3fc	12
create_dialog_box	802bd408	52
create_dialog_box_with_var	802bd43c	60
create_dialog_inverted_box	802bd478	56
create_dialog_box_with_response	802bd4b0	64
reset_dialog_render_state	802bd4f0	144
render_dialog_box_type	802bd580	652
change_and_flash_dialog_text_color_lines	802bd80c	448
handle_dialog_scroll_page_state	802bd9cc	172
adjust_pos_and_print_period_char	802bda78	188
render_star_count_dialog_text	802bdb34	296
ensure_nonnegative	802bdc5c	32
handle_dialog_text_and_pages	802bdc7c	952
render_dialog_triangle_choice	802be034	284
render_dialog_triangle_next	802be150	312
handle_special_dialog_text	802be288	484
render_dialog_entries	802be46c	1560
set_menu_mode	802bea84	44
reset_cutscene_msg_fade	802beab0	12
dl_rgba16_begin_cutscene_msg_fade	802beabc	88
dl_rgba16_stop_cutscene_msg_fade	802beb14	88
ascii_to_credits_char	802beb6c	184
print_credits_str_ascii	802bec24	140
set_cutscene_message	802becb0	120
do_cutscene_handler	802bed28	396
print_peach_letter_message	802beeb4	548
render_hud_cannon_reticle	802bf0d8	508
reset_red_coins_collected	802bf2d4	12
change_dialog_camera_angle	802bf2e0	64
shade_screen	802bf320	168
print_animated_red_coin	802bf3c8	408
render_pause_red_coins	802bf560	136
render_pause_my_score_coins	802bf5e8	824
render_pause_camera_options	802bf920	716
render_pause_course_options	802bfbec	668
render_pause_castle_menu_box	802bfe88	556
highlight_last_course_complete_stars	802c00b4	56
print_hud_pause_colorful_str	802c00ec	192
render_pause_castle_course_stars	802c01ac	392
render_pause_castle_main_strings	802c0334	812
render_pause_screen	802c0660	540
print_hud_course_complete_string	802c087c	476
print_hud_course_complete_coins	802c0a58	524
play_star_fanfare_and_flash_hud	802c0c64	112
render_course_complete_lvl_info_and_hud_str	802c0cd4	1244
render_save_confirmation	802c11b0	584
render_course_complete_screen	802c13f8	384
render_menus_and_dialogs	802c1578	288
envfx_init_snow	802c16a0	256
envfx_update_snowflake_count	802c17a0	276
envfx_cleanup_snow	802c18b4	64
orbit_from_positions	802c18f4	208
pos_from_orbit	802c19c4	220
envfx_is_snowflake_alive	802c1aa0	144
envfx_update_snow_normal	802c1b30	848
envfx_update_snow_blizzard	802c1e80	872
envfx_update_snow_water	802c21f0	412
rotate_triangle_vertices	802c238c	732
append_snowflake_vertex_buffer	802c2668	580
envfx_update_snow	802c28ac	864
envfx_update_particles	802c2c0c	304
particle_is_laterally_close	802c2d40	108
random_flower_offset	802c2dac	84
envfx_update_flower	802c2e00	468
envfx_set_lava_bubble_position	802c2fd4	528
envfx_update_lava	802c31e4	332
envfx_rotate_around_whirlpool	802c3330	316
envfx_is_whirlpool_bubble_alive	802c346c	96
envfx_update_whirlpool	802c34cc	908
envfx_is_jestream_bubble_alive	802c3858	120
envfx_update_jetstream	802c38d0	732
envfx_init_bubble	802c3bac	420
envfx_bubbles_update_switch	802c3d50	376
append_bubble_vertex_buffer	802c3ec8	568
envfx_set_bubble_texture	802c4100	296
envfx_update_bubble_particles	802c4228	640
envfx_set_max_bubble_particles	802c44a8	68
envfx_update_bubbles	802c44ec	244
convert_rotation	802c45e0	92
spawn_macro_abs_yrot_2params	802c463c	124
spawn_macro_abs_yrot_param1	802c46b8	124
spawn_macro_abs_special	802c4734	160
spawn_macro_objects	802c47dc	392
spawn_macro_objects_hardcoded	802c4964	436
spawn_special_objects	802c4b18	560
render_hud_tex_lut	802c4d50	232
render_hud_small_tex_lut	802c4e38	392
render_power_meter_health_segment	802c4fc0	220
render_dl_power_meter	802c509c	300
animate_power_meter_emphasized	802c51c8	92
handle_power_meter_actions	802c52c8	248
render_hud_power_meter	802c53c0	176
render_hud_mario_lives	802c5470	92
render_hud_coins	802c54cc	92
render_hud_stars	802c5528	184
render_hud_keys	802c55e0	120
render_hud_timer	802c5658	388
set_hud_camera_status	802c57dc	16
render_hud_camera_status	802c57ec	348
render_hud	802c5948	256
set_yoshi_as_not_dead	802c5a50	12
geo_obj_transparency_something	802c5a5c	160
absf_2	802c5afc	48
turn_obj_away_from_surface	802c5b2c	124
obj_find_wall	802c5ba8	232
turn_obj_away_from_steep_floor	802c5c90	228
obj_orient_graph	802c5d74	176
calc_obj_friction	802c5e24	104
calc_new_obj_vel_and_pos_y	802c5e8c	740
calc_new_obj_vel_and_pos_y_underwater	802c6170	980
obj_update_pos_vel_xz	802c6544	92
obj_splash	802c65a0	236
object_step	802c668c	488
object_step_without_floor_orient	802c6874	44
obj_move_xyz_using_fvel_and_yaw	802c68a0	148
is_point_within_radius_of_mario	802c6934	128
is_point_close_to_object	802c69b4	128
set_object_visibility	802c6a34	92
obj_return_home_if_safe	802c6a90	140
obj_return_and_displace_home	802c6b1c	236
obj_check_if_facing_toward_angle	802c6c08	168
obj_find_wall_displacement	802c6cb0	168
obj_spawn_yellow_coins	802c6d58	204
obj_flicker_and_disappear	802c6e24	108
current_mario_room_check	802c6e90	104
trigger_obj_dialog_when_facing	802c6ef8	280
obj_check_floor_death	802c7010	104
obj_lava_death	802c7078	260
spawn_orange_number	802c717c	136
debug_sequence_tracker	802c7204	164
coin_step	802c72a8	104
moving_coin_flicker	802c7310	48
coin_collected	802c7340	60
bhv_moving_yellow_coin_init	802c737c	96
bhv_moving_yellow_coin_loop	802c73dc	264
bhv_moving_blue_coin_init	802c74e4	96
bhv_moving_blue_coin_loop	802c7544	340
bhv_blue_coin_sliding_jumping_init	802c7698	96
blue_coin_sliding_away_from_mario	802c76f8	188
blue_coin_sliding_slow_down	802c77b4	112
bhv_blue_coin_sliding_loop	802c7824	384
bhv_blue_coin_jumping_loop	802c79a4	340
bhv_seaweed_init	802c7af8	68
bhv_seaweed_bundle_init	802c7b3c	416
bhv_bobomb_init	802c7cdc	72
bobomb_spawn_coin	802c7d24	96
bobomb_act_explode	802c7d84	180
bobomb_check_interactions	802c7e38	212
bobomb_act_patrol	802c7f0c	180
bobomb_act_chase_mario	802c7fc0	160
bobomb_act_launched	802c8060	60
generic_bobomb_free_loop	802c809c	264
stationary_bobomb_free_loop	802c81a4	216
bobomb_free_loop	802c827c	68
bobomb_held_loop	802c82c0	148
bobomb_dropped_loop	802c8354	84
bobomb_thrown_loop	802c83a8	128
curr_obj_random_blink	802c8428	208
bhv_bobomb_loop	802c84f8	312
bhv_bobomb_fuse_smoke_init	802c8630	232
bhv_bobomb_buddy_init	802c8718	72
bobomb_buddy_act_idle	802c8760	208
bobomb_buddy_cannon_dialog	802c8830	340
bobomb_buddy_act_talk	802c8984	228
bobomb_buddy_act_turn_to_talk	802c8a68	148
bobomb_buddy_actions	802c8afc	136
bhv_bobomb_buddy_loop	802c8b84	60
bhv_cannon_closed_init	802c8bc0	144
cannon_door_act_opening	802c8c50	204
bhv_cannon_closed_loop	802c8d1c	196
bhv_whirlpool_init	802c8de0	52
whirlpool_set_hitbox	802c8e14	44
whirpool_orient_graph	802c8e40	132
bhv_whirlpool_loop	802c8ec4	312
bhv_jet_stream_loop	802c8ffc	156
bhv_homing_amp_init	802c9098	152
bhv_homing_amp_loop	802c956c	228
bhv_circling_amp_init	802c9650	212
bhv_circling_amp_loop	802c996c	120
bhv_butterfly_init	802c99e4	156
butterfly_step	802c9a80	436
butterfly_calculate_angle	802c9c34	492
butterfly_act_rest	802c9e20	108
butterfly_act_follow_mario	802c9e8c	88
butterfly_act_return_home	802c9ee4	320
bhv_butterfly_loop	802ca024	136
bhv_hoot_init	802ca0ac	132
hoot_find_next_floor	802ca130	124
hoot_floor_bounce	802ca1ac	316
hoot_free_step	802ca2e8	520
hoot_player_set_yaw	802ca4f0	68
hoot_carry_step	802ca534	324
hoot_surface_collision	802ca678	376
hoot_act_ascent	802ca7f0	224
hoot_action_loop	802ca8d0	344
hoot_turn_to_home	802caa28	208
hoot_awake_loop	802caaf8	148
bhv_hoot_loop	802cab8c	232
bhv_beta_holdable_object_init	802cac74	60
bhv_beta_holdable_object_loop	802cad68	136
bhv_object_bubble_init	802cadf0	136
bhv_object_bubble_loop	802cae78	172
bhv_object_water_wave_init	802caf24	56
bhv_object_water_wave_loop	802caf5c	40
bhv_explosion_init	802caf84	60
bhv_explosion_loop	802cafc0	268
bhv_bobomb_bully_death_smoke_init	802cb0cc	64
bhv_bobomb_explosion_bubble_init	802cb10c	240
bhv_bobomb_explosion_bubble_loop	802cb1fc	348
bhv_respawner_loop	802cb358	116
create_respawner	802cb3cc	184
bhv_small_bully_init	802cb484	136
bhv_big_bully_init	802cb50c	152
bully_check_mario_collision	802cb5a4	204
bully_act_chase_mario	802cb670	260
bully_act_knockback	802cb774	236
bully_act_back_up	802cb860	136
bully_backup_check	802cb8e8	80
bully_play_stomping_sound	802cb938	204
bully_step	802cba04	136
bully_spawn_coin	802cba8c	188
bully_act_level_death	802cbb48	252
bhv_bully_loop	802cbc44	364
big_bully_spawn_minion	802cbdb0	120
bhv_big_bully_with_minions_init	802cbe28	124
big_bully_spawn_star	802cbea4	80
bhv_big_bully_with_minions_loop	802cbef4	544
water_ring_calc_mario_dist	802cc114	100
water_ring_init	802cc178	348
bhv_jet_stream_water_ring_init	802cc2d4	72
water_ring_check_collection	802cc31c	396
water_ring_set_scale	802cc4a8	224
water_ring_act_collected	802cc588	136
water_ring_act_not_collected	802cc610	376
bhv_jet_stream_water_ring_loop	802cc788	88
spawn_manta_ray_ring_manager	802cc7e0	60
water_ring_spawner_act_inactive	802cc81c	156
bhv_jet_stream_ring_spawner_loop	802cc8b8	144
bhv_manta_ray_water_ring_init	802cc948	48
manta_water_ring_act_not_collected	802cc978	356
bhv_manta_ray_water_ring_loop	802ccadc	88
bhv_bowser_bomb_loop	802ccb34	220
bhv_bowser_bomb_explosion_loop	802ccc10	324
bhv_bowser_bomb_smoke_loop	802ccd54	228
bhv_celebration_star_init	802cce38	300
celeb_star_act_spin_around_mario	802ccf64	336
celeb_star_act_face_camera	802cd0b4	208
bhv_celebration_star_loop	802cd184	88
bhv_celebration_star_sparkle_loop	802cd1dc	64
bhv_star_key_collection_puff_spawner_loop	802cd21c	52
bhv_lll_drawbridge_spawner_loop	802cd250	320
bhv_lll_drawbridge_loop	802cd390	260
bhv_small_bomp_init	802cd494	100
bhv_small_bomp_loop	802cd4f8	504
bhv_large_bomp_init	802cd6f0	84
bhv_large_bomp_loop	802cd744	504
bhv_wf_sliding_platform_init	802cd93c	224
bhv_wf_sliding_platform_loop	802cda1c	372
bhv_moneybag_init	802cdb90	104
moneybag_check_mario_collision	802cdbf8	148
moneybag_jump	802cdc8c	392
moneybag_act_move_around	802cde14	260
moneybag_act_return_home	802cdf18	332
moneybag_act_disappear	802ce064	60
moneybag_act_death	802ce0a0	88
bhv_moneybag_loop	802ce0f8	232
bhv_moneybag_hidden_loop	802ce1e0	172
bhv_bowling_ball_init	802ce28c	60
bowling_ball_set_hitbox	802ce2c8	72
bowling_ball_set_waypoints	802ce310	180
bhv_bowling_ball_roll_loop	802ce3c4	308
bhv_bowling_ball_initialize_loop	802ce4f8	212
bhv_bowling_ball_loop	802ce5cc	168
bhv_generic_bowling_ball_spawner_init	802ce674	152
bhv_generic_bowling_ball_spawner_loop	802ce70c	256
bhv_thi_bowling_ball_spawner_loop	802ce80c	252
bhv_bob_pit_bowling_ball_init	802ce908	60
bhv_bob_pit_bowling_ball_loop	802ce944	192
bhv_free_bowling_ball_init	802cea04	116
bhv_free_bowling_ball_roll_loop	802cea78	252
bhv_free_bowling_ball_loop	802ceb74	216
bhv_rr_cruiser_wing_init	802cec4c	36
bhv_rr_cruiser_wing_loop	802cec70	408
bhv_spindel_init	802cee08	40
bhv_spindel_loop	802cee30	896
bhv_ssl_moving_pyramid_wall_init	802cf1b0	132
bhv_ssl_moving_pyramid_wall_loop	802cf234	160
bhv_pyramid_elevator_init	802cf2d4	100
bhv_pyramid_elevator_loop	802cf338	380
bhv_pyramid_elevator_trajectory_marker_ball_loop	802cf4b4	80
bhv_pyramid_top_init	802cf504	280
bhv_pyramid_top_spinning	802cf61c	420
bhv_pyramid_top_explode	802cf7c0	296
bhv_pyramid_top_loop	802cf8e8	188
bhv_pyramid_top_fragment_init	802cf9a4	88
bhv_pyramid_top_fragment_loop	802cf9fc	96
bhv_pyramid_pillar_touch_detector_loop	802cfa5c	96
bhv_waterfall_sound_loop	802cfabc	36
bhv_volcano_sound_loop	802cfae0	36
bhv_castle_flag_init	802cfb04	68
bhv_birds_sound_loop	802cfb48	144
bhv_ambient_sounds_init	802cfbd8	64
bhv_sand_sound_loop	802cfc18	60
bhv_castle_cannon_grate_init	802cfc54	68
bhv_snowmans_bottom_init	802cfc98	244
set_rolling_sphere_hitbox	802cfd8c	72
adjust_rolling_face_pitch	802cfdd4	172
snowmans_bottom_act_1	802cfe80	268
snowmans_bottom_act_2	802cff8c	368
snowmans_bottom_act_3	802d00fc	160
bhv_snowmans_bottom_loop	802d019c	364
bhv_snowmans_head_init	802d0308	320
bhv_snowmans_head_loop	802d0448	340
bhv_snowmans_body_checkpoint_loop	802d059c	120
bhv_big_boulder_init	802d0614	96
boulder_act_1	802d0674	196
bhv_big_boulder_loop	802d0738	172
bhv_big_boulder_generator_loop	802d07e4	288
cap_set_hitbox	802d0904	96
cap_despawn	802d0964	56
cap_check_quicksand	802d099c	348
cap_sink_quicksand	802d0af8	296
bhv_wing_cap_init	802d0c20	72
cap_scale_vertically	802d0c68	132
wing_vanish_cap_act_0	802d0cec	184
bhv_wing_vanish_cap_loop	802d0da4	124
bhv_metal_cap_init	802d0e20	72
metal_cap_act_0	802d0e68	100
bhv_metal_cap_loop	802d0ecc	124
bhv_normal_cap_init	802d0f48	160
normal_cap_set_save_flags	802d0fe8	132
normal_cap_act_0	802d106c	248
bhv_normal_cap_loop	802d1164	228
bhv_vanish_cap_init	802d1248	72
bhv_collect_star_init	802d1290	168
bhv_collect_star_loop	802d1338	92
bhv_star_spawn_init	802d1394	284
bhv_star_spawn_loop	802d14b0	640
spawn_star	802d1730	184
spawn_default_star	802d17e8	52
spawn_red_coin_cutscene_star	802d181c	56
spawn_no_exit_star	802d1854	68
bhv_hidden_red_coin_star_init	802d1898	252
bhv_hidden_red_coin_star_loop	802d1994	156
bhv_red_coin_init	802d1a30	148
bhv_red_coin_loop	802d1ac4	196
bhv_hidden_star_init	802d1b88	216
bhv_hidden_star_loop	802d1c60	144
bhv_hidden_star_trigger_loop	802d1cf0	168
bhv_bowser_course_red_coin_star_loop	802d1d98	156
bhv_ttm_rolling_log_init	802d1e34	116
rolling_log_roll_log	802d1ea8	436
bhv_rolling_log_loop	802d205c	440
volcano_act_1	802d2214	224
volcano_act_3	802d22f4	96
bhv_volcano_trap_loop	802d2354	284
bhv_lll_rolling_log_init	802d2470	116
bhv_1up_interact	802d24e4	116
bhv_1up_common_init	802d2558	68
bhv_1up_init	802d259c	128
one_up_loop_in_air	802d261c	172
pole_1up_move_towards_mario	802d26c8	272
one_up_move_away_from_mario	802d27d8	156
bhv_1up_walking_loop	802d2874	312
bhv_1up_running_away_loop	802d29ac	332
sliding_1up_move	802d2af8	232
bhv_1up_sliding_loop	802d2be0	196
bhv_1up_loop	802d2ca4	48
bhv_1up_jump_on_approach_loop	802d2cd4	252
bhv_1up_hidden_loop	802d2dd0	396
bhv_1up_hidden_trigger_loop	802d2f5c	92
bhv_1up_hidden_in_pole_loop	802d2fb8	340
bhv_1up_hidden_in_pole_trigger_loop	802d310c	92
bhv_1up_hidden_in_pole_spawner_loop	802d3168	232
controllable_platform_act_1	802d3250	88
controllable_platform_act_2	802d32a8	104
bhv_controllable_platform_sub_loop	802d3310	288
bhv_controllable_platform_init	802d3430	308
controllable_platform_hit_wall	802d3564	96
controllable_platform_check_walls	802d35c4	496
controllable_platform_shake_on_wall_hit	802d37b4	368
controllable_platform_tilt_from_mario	802d3924	252
bhv_controllable_platform_loop	802d3a20	1604
bhv_breakable_box_small_init	802d4064	152
small_breakable_box_spawn_dust	802d40fc	172
small_breakable_box_act_move	802d41a8	252
breakable_box_small_released_loop	802d42a4	168
breakable_box_small_idle_loop	802d434c	164
breakable_box_small_get_dropped	802d43f0	100
breakable_box_small_get_thrown	802d4454	168
bhv_breakable_box_small_loop	802d44fc	168
bhv_sliding_snow_mound_loop	802d45a4	264
bhv_snow_mound_spawn_loop	802d46ac	244
floating_platform_find_home_y	802d47a0	164
floating_platform_act_0	802d4844	576
bhv_floating_platform_loop	802d4a84	140
bhv_arrow_lift_loop	802d4c50	200
bhv_orange_number_init	802d4d18	40
bhv_orange_number_loop	802d4d40	196
bhv_manta_ray_init	802d4e04	96
bhv_manta_ray_loop	802d5134	200
bhv_falling_pillar_init	802d51fc	60
bhv_falling_pillar_spawn_hitboxes	802d5238	152
bhv_falling_pillar_calculate_angle_in_front_of_mario	802d52d0	128
bhv_falling_pillar_loop	802d5350	528
bhv_falling_pillar_hitbox_loop	802d5560	276
bhv_jrb_floating_box_loop	802d5674	72
bhv_decorative_pendulum_init	802d56bc	44
bhv_decorative_pendulum_loop	802d56e8	136
bhv_treasure_chest_top_loop	802d5770	424
bhv_treasure_chest_bottom_init	802d5918	96
bhv_treasure_chest_bottom_loop	802d5978	416
spawn_treasure_chest	802d5b18	116
bhv_treasure_chest_ship_init	802d5b8c	156
bhv_treasure_chest_ship_loop	802d5c28	232
bhv_treasure_chest_jrb_init	802d5d10	164
bhv_treasure_chest_jrb_loop	802d5db4	184
bhv_treasure_chest_ddd_init	802d5e6c	164
bhv_treasure_chest_ddd_loop	802d5f10	180
bhv_mips_init	802d5fc4	300
bhv_mips_find_furthest_waypoint_to_mario	802d60f0	332
bhv_mips_act_wait_for_nearby_mario	802d623c	140
bhv_mips_act_follow_path	802d62c8	256
bhv_mips_act_wait_for_animation_done	802d63c8	68
bhv_mips_act_fall_down	802d640c	128
bhv_mips_act_idle	802d648c	96
bhv_mips_free	802d64ec	140
bhv_mips_held	802d6578	248
bhv_mips_dropped	802d6670	112
bhv_mips_thrown	802d66e0	152
bhv_mips_loop	802d6778	136
bhv_yoshi_init	802d6800	160
yoshi_walk_loop	802d68a0	280
yoshi_idle_loop	802d69b8	396
yoshi_talk_loop	802d6b44	308
yoshi_walk_and_jump_off_roof_loop	802d6c78	292
yoshi_finish_jumping_and_despawn_loop	802d6d9c	164
yoshi_give_present_loop	802d6e40	148
bhv_yoshi_loop	802d6ed4	212
bhv_koopa_init	802d8b74	212
shelled_koopa_attack_handler	802d91e8	236
obj_begin_race	802d98e4	176
bhv_koopa_update	802da2e8	308
bhv_koopa_race_endpoint_update	802da41c	200
bhv_pokey_body_part_update	802da4e4	908
bhv_pokey_update	802daca0	132
bhv_swoop_update	802db0e0	180
bhv_fly_guy_update	802db75c	404
bhv_goomba_triplet_spawner_update	802db8f0	448
bhv_goomba_init	802dbab0	244
huge_goomba_weakly_attacked	802dbf14	20
bhv_goomba_update	802dbf28	408
bhv_chain_chomp_chain_part_update	802dc0c0	208
bhv_chain_chomp_update	802dcf14	112
bhv_wooden_post_update	802dcf84	500
bhv_chain_chomp_gate_init	802dd178	48
bhv_chain_chomp_gate_update	802dd1a8	136
bhv_wiggler_body_part_update	802dd230	492
wiggler_init_segments	802dd41c	420
wiggler_update_segments	802dd5c0	488
wiggler_jumped_on_attack_handler	802ddde0	96
bhv_wiggler_update	802dde40	448
bhv_spiny_update	802de488	136
bhv_enemy_lakitu_update	802dea64	104
bhv_cloud_update	802defbc	136
bhv_cloud_part_update	802df044	424
bhv_camera_lakitu_init	802df1ec	140
bhv_camera_lakitu_update	802df6c4	432
bhv_monty_mole_hole_update	802dfa18	92
monty_mole_spawn_dirt_particles	802dfa74	60
bhv_monty_mole_init	802dfab0	16
bhv_monty_mole_update	802e0088	596
bhv_monty_mole_rock_update	802e0420	112
bhv_platform_on_track_init	802e0518	240
bhv_platform_on_track_update	802e0c7c	312
bhv_track_ball_update	802e0db4	84
bhv_seesaw_platform_init	802e0e08	104
bhv_seesaw_platform_update	802e0e70	320
bhv_ferris_wheel_axle_init	802e0fb0	264
bhv_ferris_wheel_platform_update	802e10b8	272
bhv_water_bomb_spawner_update	802e11c8	456
water_bomb_spawn_explode_particles	802e1390	68
bhv_water_bomb_update	802e17c4	176
bhv_water_bomb_shadow_update	802e1874	164
bhv_ttc_rotating_solid_init	802e1918	140
bhv_ttc_rotating_solid_update	802e19a4	552
bhv_ttc_pendulum_init	802e1bcc	100
bhv_ttc_pendulum_update	802e1c30	432
bhv_ttc_treadmill_init	802e1de0	172
bhv_ttc_treadmill_update	802e1e8c	324
bhv_ttc_moving_bar_init	802e1fd0	108
bhv_ttc_moving_bar_update	802e2370	220
bhv_ttc_cog_init	802e244c	120
bhv_ttc_cog_update	802e24c4	292
bhv_ttc_pit_block_init	802e25e8	136
bhv_ttc_pit_block_update	802e2670	268
bhv_ttc_elevator_init	802e277c	84
bhv_ttc_elevator_update	802e27d0	264
bhv_ttc_2d_rotator_init	802e28d8	92
bhv_ttc_2d_rotator_update	802e2934	356
bhv_ttc_spinner_update	802e2a98	240
mr_blizzard_spawn_white_particles	802e2b88	92
bhv_mr_blizzard_init	802e2be4	160
bhv_mr_blizzard_update	802e3690	408
bhv_mr_blizzard_snowball	802e39e8	112
bhv_sliding_plat_2_init	802e3a58	304
bhv_sliding_plat_2_loop	802e3b88	220
bhv_rotating_octagonal_plat_init	802e3c64	116
bhv_rotating_octagonal_plat_loop	802e3cd8	28
bhv_animates_on_floor_switch_press_init	802e3cf4	48
bhv_animates_on_floor_switch_press_loop	802e3d24	496
bhv_activated_back_and_forth_platform_init	802e3f14	232
bhv_activated_back_and_forth_platform_update	802e3ffc	524
bhv_recovery_heart_loop	802e4208	344
bhv_bubble_cannon_barrel_loop	802e4360	388
water_bomb_cannon_act_0	802e44e4	132
water_bomb_cannon_act_1	802e4568	284
water_bomb_cannon_act_2	802e4684	44
bhv_water_bomb_cannon_loop	802e46b0	136
bhv_unagi_init	802e4738	196
unagi_act_0	802e47fc	188
unagi_act_1_4	802e48b8	328
unagi_act_2	802e4a00	180
unagi_act_3	802e4ab4	624
bhv_unagi_loop	802e4d24	352
bhv_unagi_subobject_loop	802e4e84	472
dorrie_raise_head	802e505c	300
dorrie_act_move	802e5188	440
dorrie_begin_head_raise	802e5340	40
dorrie_act_lower_head	802e5368	264
dorrie_act_raise_head	802e5470	196
bhv_dorrie_update	802e5534	732
bhv_haunted_chair_init	802e5810	104
haunted_chair_act_0	802e5878	664
haunted_chair_act_1	802e5b10	456
bhv_haunted_chair_loop	802e5cd8	120
bhv_mad_piano_update	802e5f5c	124
flying_bookend_act_0	802e5fd8	116
flying_bookend_act_1	802e604c	256
flying_bookend_act_2	802e614c	172
flying_bookend_act_3	802e61f8	128
bhv_flying_bookend_loop	802e6278	280
bhv_bookend_spawn_loop	802e6390	140
bookshelf_manager_act_0	802e641c	180
bookshelf_manager_act_1	802e64d0	124
bookshelf_manager_act_2	802e654c	264
bookshelf_manager_act_3	802e6654	84
bookshelf_manager_act_4	802e66a8	68
bhv_haunted_bookshelf_manager_loop	802e66ec	140
bhv_book_switch_loop	802e6778	772
obj_spit_fire	802e6a7c	132
bhv_fire_piranha_plant_init	802e6b00	192
bhv_fire_piranha_plant_update	802e6f88	260
bhv_fire_spitter_update	802e71cc	136
bhv_small_piranha_flame_loop	802e7254	580
bhv_fly_guy_flame_loop	802e7498	92
geo_snufit_move_mask	802e74f4	56
geo_snufit_scale_body	802e752c	64
snufit_act_idle	802e756c	232
snufit_act_shoot	802e7654	256
bhv_snufit_loop	802e7754	692
bhv_snufit_balls_loop	802e7a08	348
bhv_horizontal_grindel_init	802e7b64	20
bhv_horizontal_grindel_update	802e7b78	428
bhv_eyerok_boss_loop	802e82e0	140
bhv_eyerok_hand_loop	802e93f8	572
bhv_klepto_init	802e9870	140
obj_set_speed_to_zero	802ea41c	40
bhv_klepto_update	802ea444	644
bhv_bird_update	802ea94c	88
bhv_racing_penguin_init	802ea9a4	96
bhv_racing_penguin_update	802eafc4	228
bhv_penguin_race_finish_line_update	802eb0a8	104
bhv_penguin_race_shortcut_check_update	802eb110	56
bhv_coffin_spawner_loop	802eb148	268
coffin_act_idle	802eb254	540
coffin_act_stand_up	802eb470	240
bhv_coffin_loop	802eb560	148
clam_act_0	802eb5f4	216
clam_act_1	802eb6cc	324
bhv_clam_loop	802eb810	140
bhv_skeeter_update	802ebdc0	200
bhv_skeeter_wave_update	802ebe88	116
bhv_swing_platform_init	802ebefc	24
bhv_swing_platform_update	802ebf14	136
bhv_donut_platform_spawner_update	802ebf9c	380
bhv_donut_platform_update	802ec118	364
bhv_ddd_pole_init	802ec284	116
bhv_ddd_pole_update	802ec2f8	136
bhv_red_coin_star_marker_init	802ec380	24
bhv_triplet_butterfly_update	802eca34	196
bubba_act_0	802ecaf8	364
bubba_act_1	802ecc64	624
bhv_bubba_loop	802eced4	932
prepare_reverb_ring_buffer	802ed280	660
synthesis_load_reverb_ring_buffer	802ed514	152
synthesis_save_reverb_ring_buffer	802ed5ac	152
func_sh_802ed644	802ed644	144
synthesis_load_note_subs_eu	802ed6d4	208
synthesis_execute	802ed7a4	516
synthesis_resample_and_mix_reverb	802ed9a8	904
synthesis_load_reverb_samples	802edd30	196
synthesis_save_reverb_samples	802eddf4	304
func_sh_802EDF24	802edf24	196
synthesis_do_one_audio_update	802edfe8	1528
synthesis_process_note	802ee5e0	3320
load_wave_samples	802ef2d8	144
final_resample	802ef368	156
process_envelope	802ef404	1144
note_apply_headset_pan_effects	802ef87c	736
reset_bank_and_seq_load_status	802efb60	200
discard_bank	802efc28	236
discard_sequence	802efd14	112
soundAlloc	802efd84	128
sound_alloc_uninitialized	802efe04	88
sound_alloc_pool_init	802efe5c	40
persistent_pool_clear	802efe84	20
temporary_pool_clear	802efe98	48
unused_803160F8	802efec8	16
sound_init_main_pools	802efed8	92
session_pools_init	802eff34	124
seq_and_bank_pool_init	802effb0	124
persistent_pools_init	802f002c	188
temporary_pools_init	802f00e8	188
alloc_bank_or_seq	802f01a4	1756
get_bank_or_seq	802f0880	88
get_bank_or_seq_inner	802f08d8	268
func_eu_802e27e4_unused	802f09e4	980
fill_zero_filter	802f0db8	48
func_sh_802F0DE8	802f0de8	88
func_sh_802F0E40	802f0e40	88
fill_filter	802f0e98	180
decrease_reverb_gain	802f0f4c	436
clear_curr_ai_buffer	802f1100	120
audio_shut_down_and_reset_step	802f1178	932
audio_reset_session	802f151c	1868
unk_pool1_lookup	802f1c68	88
unk_pool1_alloc	802f1cc0	128
func_sh_802f1d40	802f1d40	80
func_sh_802f1d90	802f1d90	80
func_sh_802f1de0	802f1de0	80
unk_pools_init	802f1e30	148
func_sh_802f1ec4	802f1ec4	660
func_sh_802f2158	802f2158	456
func_sh_802F2320	802f2320	68
unk_pool2_alloc	802f2364	136
func_sh_802f23ec	802f23ec	516
decrease_sample_dma_ttls	802f25f0	272
dma_sample_data	802f2700	796
init_sample_dma_buffers	802f2a1c	936
patch_seq_file	802f2dc4	96
load_banks_immediate	802f2e24	172
preload_sequence	802f2ed0	104
func_sh_802f2f38	802f2f38	236
func_sh_802f3024	802f3024	208
func_sh_802f30f4	802f30f4	100
func_sh_802f3158	802f3158	200
func_sh_802f3220	802f3220	104
func_sh_802f3288	802f3288	224
func_sh_802f3368	802f3368	168
load_sequence	802f3410	32
load_sequence_internal	802f3430	308
func_sh_802f3564	802f3564	52
func_sh_802f3598	802f3598	240
func_sh_802f3688	802f3688	220
func_sh_802f3764	802f3764	572
canonicalize_index	802f39a0	60
get_bank_or_seq_wrapper	802f39dc	84
get_audio_file_header	802f3a30	68
patch_audio_bank	802f3a74	452
func_sh_802f3c38	802f3c38	320
func_sh_802f3d78	802f3d78	88
func_sh_802f3dd0	802f3dd0	244
func_sh_802f3ec4	802f3ec4	16
func_sh_802f3ed4	802f3ed4	20
func_sh_802f3ee8	802f3ee8	32
func_802f3f08	802f3f08	732
func_sh_802f41e4	802f41e4	48
audio_init	802f4214	1460
func_sh_802f47c8	802f47c8	432
func_sh_802f4978	802f4978	100
stub_sh_802f49dc	802f49dc	8
func_sh_802f49e4	802f49e4	104
func_sh_802f4a4c	802f4a4c	396
func_sh_802f4bd8	802f4bd8	132
func_sh_802f4c5c	802f4c5c	88
func_sh_802f4cb4	802f4cb4	280
func_sh_802f4dcc	802f4dcc	132
func_sh_802f4e50	802f4e50	668
func_sh_802f50ec	802f50ec	144
func_sh_802f517c	802f517c	88
patch_sound	802f51d4	316
func_sh_802f5310	802f5310	1068
func_sh_802f573c	802f573c	452
func_sh_802f5900	802f5900	72
func_sh_802f5948	802f5948	308
create_next_audio_frame_task	802f5a80	1336
eu_process_audio_cmd	802f5fb8	720
seq_player_fade_to_zero_volume	802f6288	88
func_8031D690	802f62e0	80
port_eu_init_queues	802f6330	200
func_802ad6f0	802f63f8	88
func_802ad728	802f6450	36
func_802ad74c	802f6474	36
func_802ad770	802f6498	48
func_sh_802F64C8	802f64c8	120
func_sh_802f6540	802f6540	20
func_802ad7ec	802f6554	804
func_sh_802f6878	802f6878	104
func_sh_802f68e0	802f68e0	32
func_sh_802f6900	802f6900	88
func_sh_802f6958	802f6958	116
func_sh_802f69cc	802f69cc	60
func_sh_802f6a08	802f6a08	100
func_sh_802f6a6c	802f6a6c	48
port_eu_init	802f6a9c	32
note_set_vel_pan_reverb	802f6ac0	980
note_set_resampling_rate	802f6e94	184
note_init	802f6f4c	160
note_disable	802f6fec	92
process_notes	802f7048	1220
instrument_get_audio_bank_sound	802f750c	60
get_instrument_inner	802f7548	176
get_drum	802f75f8	188
seq_channel_layer_decay_release_internal	802f76b4	596
seq_channel_layer_note_decay	802f7908	32
seq_channel_layer_note_release	802f7928	32
build_synthetic_wave	802f7948	260
init_synthetic_wave	802f7a4c	164
init_note_list	802f7af0	16
init_note_lists	802f7b00	80
init_note_free_list	802f7b50	176
note_pool_clear	802f7c00	352
note_pool_fill	802f7d60	316
audio_list_push_front	802f7e9c	64
audio_list_remove	802f7edc	44
pop_node_with_lower_prio	802f7f08	128
note_init_for_layer	802f7f88	316
func_80319728	802f80c4	52
note_release_and_take_ownership	802f80f8	44
alloc_note_from_disabled	802f8124	76
alloc_note_from_decaying	802f8170	80
alloc_note_from_active	802f81c0	248
alloc_note	802f82b8	716
note_init_all	802f8584	288
sequence_channel_process_sound	802f86b0	424
sequence_player_process_sound	802f8858	352
get_portamento_freq_scale	802f89b8	212
get_vibrato_pitch_change	802f8a8c	68
get_vibrato_freq_scale	802f8ad0	504
note_vibrato_update	802f8cc8	108
note_vibrato_init	802f8d34	232
adsr_init	802f8e1c	36
adsr_update	802f8e40	776
sequence_channel_init	802f9150	304
seq_channel_set_layer	802f9280	272
seq_channel_layer_disable	802f9390	60
seq_channel_layer_free	802f93cc	80
sequence_channel_disable	802f941c	108
allocate_sequence_channel	802f9488	124
sequence_player_init_channels	802f9504	300
sequence_player_disable_channels	802f9630	208
sequence_channel_enable	802f9700	164
sequence_player_disable	802f97a4	216
audio_list_push_back	802f987c	64
audio_list_pop_back	802f98bc	64
init_layer_freelist	802f98fc	132
m64_read_u8	802f9980	20
m64_read_s16	802f9994	48
m64_read_compressed_u16	802f99c4	68
seq_channel_layer_process_script	802f9a08	260
seq_channel_layer_process_script_part1	802f9b0c	140
seq_channel_layer_process_script_part5	802f9b98	284
seq_channel_layer_process_script_part2	802f9cb4	1140
seq_channel_layer_process_script_part4	802fa128	872
seq_channel_layer_process_script_part3	802fa490	668
get_instrument	802fa72c	112
set_instrument	802fa79c	148
sequence_channel_set_volume	802fa830	36
sequence_channel_process_script	802fa854	3352
sequence_player_process_sequence	802fb56c	1992
process_sequences	802fbd34	120
init_sequence_player	802fbdac	196
init_sequence_players	802fbe70	400
osDriveRomInit	802fc000	256
unused_8031E4F0	802fc100	120
unused_8031E568	802fc178	16
audio_reset_session_eu	802fc188	120
maybe_tick_game_sound	802fc3a4	64
func_eu_802e9bec	802fc3e4	72
play_sound	802fc42c	48
audio_signal_game_loop_tick	802fd6b0	48
seq_player_fade_out	802fe224	80
fade_volume_scale	802fe274	120
process_level_music_dynamics	802fe52c	1156
unused_8031FED0	802fe9b0	220
seq_player_lower_volume	802fea8c	152
seq_player_unlower_volume	802feb24	196
set_audio_muted	802fed1c	128
sound_init	802fed9c	620
get_currently_playing_sound	802ff008	220
stop_sound	802ff0e4	272
stop_sounds_from_source	802ff1f4	228
stop_sounds_in_continuous_banks	802ff38c	48
sound_banks_disable	802ff3bc	92
sound_banks_enable	802ff47c	88
unused_803209D8	802ff4d4	132
set_sound_moving_speed	802ff558	28
play_dialog_sound	802ff574	184
play_music	802ff62c	508
stop_background_music	802ff828	312
fadeout_background_music	802ff960	84
drop_queued_background_music	802ff9b4	36
get_current_background_music	802ff9d8	64
func_80320ED8	802ffa18	204
play_secondary_music	802ffae4	256
func_80321080	802ffbe4	84
func_803210D4	802ffc38	220
play_course_clear	802ffd14	72
play_peachs_jingle	802ffd5c	72
play_puzzle_jingle	802ffda4	72
play_star_fanfare	802ffdec	72
play_power_star_jingle	802ffe34	92
play_race_fanfare	802ffe90	72
play_toads_jingle	802ffed8	72
sound_reset	802fff20	212
audio_set_sound_mode	802ffff4	44
memcpy	80300020	44
strlen	8030004c	40
strchr	80300074	64
_Printf	80300730	1608
__ull_rshift	80300d80	44
__ull_rem	80300dac	60
__ull_div	80300de8	60
__ll_lshift	80300e24	44
__ll_rem	80300e50	60
__ll_div	80300e8c	92
__ll_mul	80300ee8	48
__ull_divremi	80300f18	96
__ll_mod	80300f78	156
__ll_rshift	80301014	44
osInitialize	80301040	652
osSetTime	803012d0	36
osGetTime	80301300	132
osWritebackDCacheAll	80301390	48
osViBlack	803013c0	112
osViSwapBuffer	80301430	80
__osGetCurrFaultedThread	80301480	12
osSetEventMesg	80301490	104
osRecvMesg	80301500	312
osCreateMesgQueue	803016a0	44
osCreateThread	803016d0	324
osStartThread	80301820	336
osMapTLB	80301970	192
osUnmapTLBAll	80301a30	80
proutSprintf	80301a80	36
sprintf	80301aa4	88
osViSetEvent	80301b00	108
_VirtualToPhysicalTask	80301b70	284
osSpTaskLoad	80301c8c	400
osSpTaskStartGo	80301e1c	64
osSpTaskYield	80301e60	32
osSendMesg	80301e80	332
osSpTaskYielded	80301fd0	128
osCreateViManager	80302050	392
viMgrMain	803021d8	460
osViSetMode	803023b0	104
osViSetSpecialFeatures	80302420	440
osCreatePiManager	803025e0	392
osSetThreadPri	80302770	224
sqrtf	80302850	16
osContStartReadData	80302860	196
osContGetReadData	80302924	168
__osPackReadData	803029cc	236
osContInit	80302ac0	504
__osContGetInitData	80302cb8	208
__osPackRequestData	80302d88	244
osEepromProbe	80302e80	108
osMotorStop	80302ef0	416
osMotorStart	80303090	416
_MakeMotorData	80303230	380
osMotorInit	803033ac	732
osInvalDCache	80303690	176
osPiStartDma	80303740	268
bzero	80303850	160
osInvalICache	803038f0	128
osEepromLongRead	80303970	316
osEepromLongWrite	80303ab0	316
bcopy	80303bf0	784
guOrthoF	80303f00	340
guOrtho	80304054	104
guPerspectiveF	803040c0	560
guPerspective	803042f0	88
__d_to_ll	80304350	28
__f_to_ll	8030436c	28
__d_to_ull	80304388	160
__f_to_ull	80304428	156
__ll_to_d	803044c4	24
__ll_to_f	803044dc	24
__ull_to_d	803044f4	52
__ull_to_f	80304528	48
cosf	80304560	360
sinf	803046d0	448
guTranslateF	80304890	72
guTranslate	803048d8	84
guRotateF	80304930	404
guRotate	80304ac4	80
guScaleF	80304b20	84
guScale	80304b74	72
osAiSetFrequency	80304bc0	352
osCartRomInit	80304d20	236
osEPiStartDma	80304e10	212
osAiGetLength	80304ef0	12
osAiSetNextBuffer	80304f00	168
osGetCount	80304fb0	16
__osDisableInt	80304fc0	32
__osRestoreInt	80304fe0	32
_Litob	80305000	664
_Ldtob	80305810	1356
__osSetSR	80305d60	16
__osGetSR	80305d70	16
__osSetFpcCsr	80305d80	16
__osSiRawReadIo	80305d90	80
__osSiRawWriteIo	80305de0	76
__osExceptionPreamble	80305e30	16
__osException	80305e40	296
savercp	80305f68	56
endrcp	80305fa0	160
next_interrupt	80306040	56
IP6_Hdlr	80306078	12
IP7_Hdlr	80306084	12
counter	80306090	32
cart	803060b0	84
rcp	80306104	96
sp_other_break	80306164	16
vi	80306174	36
ai	80306198	44
si	803061c4	36
pi	803061e8	44
dp	80306214	36
no_more_rcp_ints	80306238	12
prenmi	80306244	44
firstnmi	80306270	48
sw2	803062a0	32
sw1	803062c0	32
handle_break	803062e0	24
redispatch	803062f8	52
enqueue_running	8030632c	24
panic	80306344	48
send_mesg	80306374	180
handle_CpU	80306428	52
__osEnqueueAndYield	8030645c	256
__osEnqueueThread	8030655c	72
__osPopThread	803065a4	16
__osDispatchThread	803065b4	380
__osCleanupThread	80306730	16
osWritebackDCache	80306740	128
osMapTLBRdb	803067c0	96
osPiRawReadIo	80306820	84
__osTimerServicesInit	80306880	140
__osTimerInterrupt	8030690c	376
__osSetTimerIntr	80306a84	116
__osInsertTimer	80306af8	392
__osViInit	80306c80	316
__osDequeueThread	80306dc0	64
osVirtualToPhysical	80306e00	124
__osSpSetStatus	80306e80	12
__osSpSetPc	80306e90	52
__osSpRawStartDma	80306ed0	140
__osSpDeviceBusy	80306f60	44
__osSpGetStatus	80306f90	12
osGetThreadPri	80306fa0	24
__osViGetCurrentContext	80306fc0	12
__osViSwapContext	80306fd0	860
osLeoDiskInit	80307330	248
__osPiCreateAccessQueue	80307430	80
__osPiGetAccess	80307480	68
__osPiRelAccess	803074c4	44
osPiRawStartDma	803074f0	224
osEPiRawStartDma	803075d0	548
__osDevMgrMain	80307800	1168
__osSiCreateAccessQueue	80307c90	80
__osSiGetAccess	80307ce0	68
__osSiRelAccess	80307d24	44
__osSiRawStartDma	80307d50	172
osSetTimer	80307e00	212
osEepromWrite	80307ee0	432
__osPackEepWriteData	80308090	268
__osEepStatus	8030819c	548
osPfsIsPlug	803083c0	416
__osPfsRequestData	80308560	252
__osPfsGetInitData	8030865c	208
__osContAddressCrc	80308730	176
__osContDataCrc	803087e0	208
__osContRamWrite	803088b0	516
__osPackRamWriteData	80308ab4	380
__osContRamRead	80308c30	540
__osPackRamReadData	80308e4c	360
osJamMesg	80308fc0	336
osPiGetCmdQueue	80309110	40
osEepromRead	80309140	496
__osPackEepReadData	80309330	260
guMtxF2L	80309440	256
guMtxIdentF	80309540	136
guMtxIdent	803095c8	48
guMtxL2F	803095f8	180
guNormalize	803096b0	132
__osAiDeviceBusy	80309740	48
lldiv	80309770	256
ldiv	80309870	132
__osSiDeviceBusy	80309900	44
__osLeoInterrupt	80309930	1700
osSetIntMask	8030a1b0	160
osDestroyThread	8030a250	248
__osSetCompare	8030a350	16
__osProbeTLB	8030a360	192
__osResetGlobalIntMask	8030a420	88
osEPiRawWriteIo	8030a480	76
osEPiRawReadIo	8030a4d0	80
__osSetGlobalIntMask	8030a520	76
osYieldThread	8030a570	76
__osPfsGetStatus	8030a5c0	268
rspF3DBootStart	8030a6d0	208
rspF3DBootEnd	8030a7a0	5112
rspF3DStart	8030a7a0	5112
rspF3DEnd	8030bb98	8
rspAspMainStart	8030bba0	3844
rspAspMainEnd	8030caa4	12
gCrashScreenCharToGlyph	8030cab0	128
gCrashScreenFont	8030cb30	253
gCauseDesc	8030cc30	72
gFpcsrDesc	8030cc78	24
gVblankHandler1	8030cc90	4
gVblankHandler2	8030cc94	4
gActiveSPTask	8030cc98	4
sCurrentAudioSPTask	8030cc9c	4
sCurrentDisplaySPTask	8030cca0	4
sNextAudioSPTask	8030cca4	4
sNextDisplaySPTask	8030cca8	4
sAudioEnabled	8030ccac	1
gNumVblanks	8030ccb0	4
gResetTimer	8030ccb4	1
gNmiResetBarsTimer	8030ccb8	1
gDebugLevelSelect	8030ccbc	1
D_8032C650	8030ccc0	1
gShowProfiler	8030ccc4	1
gShowDebugText	8030ccc8	1
sProfilerKeySequence	8030cccc	16
sDebugTextKeySequence	8030ccdc	16
sProfilerKey	8030ccec	4
sDebugTextKey	8030ccf0	16
sUnusedGameInitValue	8030cd00	4
gGlobalTimer	8030cd04	4
sRenderedFramebuffer	8030cd08	2
sRenderingFramebuffer	8030cd0c	2
gGoddardVblankCallback	8030cd10	4
gPlayer1Controller	8030cd14	4
gPlayer2Controller	8030cd18	4
gPlayer3Controller	8030cd1c	4
gCurrDemoInput	8030cd20	4
gDemoInputListID	8030cd24	2
gRecordedDemoInput	8030cd28	2
sMusicVolume	8030cd30	4
sBgMusicDisabled	8030cd34	4
sCurrentMusic	8030cd38	4
sCurrentShellMusic	8030cd3c	4
sCurrentCapMusic	8030cd40	4
sPlayingInfiniteStairs	8030cd44	4
unused8032C6D8	8030cd48	16
sSoundMenuModeToSoundMode	8030cd58	8
sMenuSoundsExtra	8030cd60	144
sPaintingEjectSoundPlayed	8030cdf0	16
sRumblePakThreadActive	8030ce00	4
sRumblePakActive	8030ce04	4
sRumblePakErrorCount	8030ce08	4
gRumblePakTimer	8030ce0c	4
credits01	8030ce10	8
credits02	8030ce18	12
credits03	8030ce24	12
credits04	8030ce30	16
credits05	8030ce40	8
credits06	8030ce48	8
credits07	8030ce50	12
credits08	8030ce5c	12
credits09	8030ce68	16
credits10	8030ce78	8
credits11	8030ce80	16
credits12	8030ce90	12
credits13	8030ce9c	8
credits14	8030cea4	16
credits15	8030ceb4	8
credits16	8030cebc	12
credits17	8030cec8	16
credits18	8030ced8	16
credits19	8030cee8	8
credits20	8030cef0	8
sCreditsSequence	8030cef8	345
gMarioState	8030d068	4
unused1	8030d06c	2
sWarpCheckpointActive	8030d070	1
sInteractionHandlers	8030d080	248
sForwardKnockbackActions	8030d178	36
sBackwardKnockbackActions	8030d19c	36
sDisplayingDoorText	8030d1c0	4
sJustTeleported	8030d1c4	4
sPSSSlideStarted	8030d1c8	8
sTerrainSounds	8030d1d0	42
sSquishScaleOverTime	8030d1fc	16
sCapFlickerFrames	8030d210	8
sMovingSandSpeeds	8030d220	8
gWaterSurfacePseudoFloor	8030d228	48
sEndCutsceneVp	8030d260	16
sDispCreditsEntry	8030d270	4
D_8032CBE4	8030d274	4
D_8032CBE8	8030d278	4
D_8032CBEC	8030d27c	8
sStarsNeededForDialog	8030d284	8
sJumboStarKeyframes	8030d28c	216
sSparkleGenTheta	8030d364	4
sSparkleGenPhi	8030d368	4
sMarioBlinkOverride	8030d36c	20
sJumpLandAction	8030d380	24
sFreefallLandAction	8030d398	24
sSideFlipLandAction	8030d3b0	24
sHoldJumpLandAction	8030d3c8	24
sHoldFreefallLandAction	8030d3e0	24
sLongJumpLandAction	8030d3f8	24
sDoubleJumpLandAction	8030d410	24
sTripleJumpLandAction	8030d428	24
sBackflipLandAction	8030d440	24
sWasAtSurface	8030d460	4
sSwimStrength	8030d464	4
sWaterCurrentSpeeds	8030d468	8
sPunchingForwardVelocities	8030d470	8
gMarioBlinkAnimation	8030d480	8
gMarioAttackScaleAnimation	8030d488	20
sMarioAttackAnimCounter	8030d49c	4
gMainPoolState	8030d4a0	16
gLastCompletedCourseNum	8030d4b0	1
gLastCompletedStarNum	8030d4b4	1
sUnusedGotGlobalCoinHiScore	8030d4b8	1
gGotFileCoinHiScore	8030d4bc	1
gCurrCourseStarFlags	8030d4c0	1
gSpecialTripleJump	8030d4c4	1
gLevelToCourseNumTable	8030d4c8	38
gMarioSpawnInfo	8030d4f0	4
gLoadedGraphNodes	8030d4f4	4
gAreas	8030d4f8	4
gCurrentArea	8030d4fc	4
gCurrCreditsEntry	8030d500	4
D_8032CE74	8030d504	4
D_8032CE78	8030d508	4
gWarpTransDelay	8030d50c	2
gFBSetColor	8030d510	4
gWarpTransFBSetColor	8030d514	4
gWarpTransRed	8030d518	1
gWarpTransGreen	8030d51c	1
gWarpTransBlue	8030d520	1
gCurrSaveFileNum	8030d524	2
gCurrLevelNum	8030d528	2
sWarpBhvSpawnTable	8030d52c	80
sSpawnTypeFromWarpBhv	8030d57c	20
D_8032CF00	8030d590	16
renderModeTable_1Cycle	8030d5a0	64
renderModeTable_2Cycle	8030d5e0	64
gCurGraphNodeRoot	8030d620	4
gCurGraphNodeMasterList	8030d624	4
gCurGraphNodeCamFrustum	8030d628	4
gCurGraphNodeCamera	8030d62c	4
gCurGraphNodeObject	8030d630	4
gCurGraphNodeHeldObject	8030d634	4
gAreaUpdateCounter	8030d638	2
gProfilerMode	8030d640	2
gCurrentFrameIndex1	8030d644	2
gCurrentFrameIndex2	8030d648	2
unused8032CFC0	8030d650	4
gCutsceneFocus	8030d654	4
unused8032CFC8	8030d658	4
unused8032CFCC	8030d65c	4
gSecondCameraFocus	8030d660	4
sYawSpeed	8030d664	2
gCurrLevelArea	8030d668	4
gPrevLevel	8030d66c	4
unused8032CFE0	8030d670	4
unused8032CFE4	8030d674	4
unused8032CFE8	8030d678	4
gCameraZoomDist	8030d67c	4
sObjectCutscene	8030d680	1
gRecentCutscene	8030d684	1
sFramesSinceCutsceneEnded	8030d688	1
sCutsceneDialogResponse	8030d68c	1
sMarioCamState	8030d690	4
sLuigiCamState	8030d694	4
unused8032D008	8030d698	4
sFixedModeBasePosition	8030d69c	12
sUnusedModeBasePosition_2	8030d6a8	12
sUnusedModeBasePosition_3	8030d6b4	12
sUnusedModeBasePosition_4	8030d6c0	12
sUnusedModeBasePosition_5	8030d6cc	12
sModeTransitions	8030d6d8	72
unused8032D0A8	8030d738	8
unused8032D0B0	8030d740	8
sDanceCutsceneTable	8030d748	10
unusedDanceInfo1	8030d754	20
unusedDanceType	8030d768	4
unusedDanceInfo2	8030d76c	20
sBBHLibraryParTrackPath	8030d780	69
sCamSL	8030d7c8	63
sCamTHI	8030d810	63
sCamHMC	8030d858	147
sCamSSL	8030d900	105
sCamRR	8030d978	147
sCamBOB	8030da20	63
sCamCotMC	8030da68	42
sCamCCM	8030da98	63
sCamCastle	8030dae0	735
sCamBBH	8030de28	1281
sCameraTriggers	8030e3e0	157
sIntroStartToPipePosition	8030e480	184
sIntroStartToPipeFocus	8030e538	184
sIntroPipeToDialogPosition	8030e5f0	112
sIntroPipeToDialogFocus	8030e660	112
sEndingFlyToWindowPos	8030e6d0	80
sEndingFlyToWindowFocus	8030e720	88
sEndingPeachDescentCamPos	8030e778	160
sEndingMarioToPeachPos	8030e818	72
sEndingMarioToPeachFocus	8030e860	72
sEndingLookUpAtCastle	8030e8a8	64
sEndingLookAtSkyFocus	8030e8e8	56
gIntroLakituStartToPipeFocus	8030e944	280
gIntroLakituStartToPipeOffsetFromCamera	8030ea5c	280
gEndWavingPos	8030eb74	72
gEndWavingFocus	8030ebbc	72
sCutsceneEnding	8030ec04	84
sCutsceneGrandStar	8030ec64	14
sCutsceneUnused	8030ec74	14
sCutsceneDoorWarp	8030ec84	14
sCutsceneEndWaving	8030ec94	7
sCutsceneCredits	8030ec9c	7
sCutsceneDoorPull	8030eca4	35
sCutsceneDoorPush	8030eccc	35
sCutsceneDoorPullMode	8030ecf4	21
sCutsceneDoorPushMode	8030ed0c	21
sCutsceneEnterCannon	8030ed24	21
sCutsceneStarSpawn	8030ed3c	21
sCutsceneRedCoinStarSpawn	8030ed54	14
sCutsceneEnterPainting	8030ed64	7
sCutsceneDeathExit	8030ed6c	14
sCutsceneExitPaintingSuccess	8030ed7c	14
sCutsceneUnusedExit	8030ed8c	21
sCutsceneIntroPeach	8030eda4	35
sCutscenePrepareCannon	8030edcc	14
sCutsceneExitWaterfall	8030eddc	14
sCutsceneFallToCastleGrounds	8030edec	14
sCutsceneEnterPyramidTop	8030edfc	14
sCutscenePyramidTopExplode	8030ee0c	21
sCutsceneStandingDeath	8030ee24	7
sCutsceneEnterPool	8030ee2c	14
sCutsceneDeathStomach	8030ee3c	7
sCutsceneDeathOnBack	8030ee44	7
sCutsceneQuicksandDeath	8030ee4c	7
sCutsceneWaterDeath	8030ee54	7
sCutsceneSuffocation	8030ee5c	7
sCutsceneEnterBowserArena	8030ee64	21
sCutsceneDanceDefaultRotate	8030ee7c	7
sCutsceneDanceFlyAway	8030ee84	7
sCutsceneDanceCloseup	8030ee8c	7
sCutsceneKeyDance	8030ee94	7
sCutsceneCapSwitchPress	8030ee9c	7
sCutsceneSlidingDoorsOpen	8030eea4	14
sCutsceneUnlockKeyDoor	8030eeb4	14
sCutsceneExitBowserSuccess	8030eec4	14
sCutsceneExitBowserDeath	8030eed4	14
sCutsceneExitSpecialSuccess	8030eee4	14
sCutsceneNonPaintingDeath	8030eef4	14
sCutsceneDialog	8030ef04	21
sCutsceneReadMessage	8030ef1c	21
sDanceCutsceneIndexTable	8030ef34	108
sZoomOutAreaMasks	8030efa0	20
sBoBCreditsSplinePositions	8030efb4	40
sBoBCreditsSplineFocus	8030efdc	40
sWFCreditsSplinePositions	8030f004	40
sWFCreditsSplineFocus	8030f02c	40
sJRBCreditsSplinePositions	8030f054	40
sJRBCreditsSplineFocus	8030f07c	40
sCCMSlideCreditsSplinePositions	8030f0a4	40
sCCMSlideCreditsSplineFocus	8030f0cc	40
sBBHCreditsSplinePositions	8030f0f4	32
sBBHCreditsSplineFocus	8030f114	32
sHMCCreditsSplinePositions	8030f134	40
sHMCCreditsSplineFocus	8030f15c	40
sTHIWigglerCreditsSplinePositions	8030f184	24
sTHIWigglerCreditsSplineFocus	8030f19c	24
sVolcanoCreditsSplinePositions	8030f1b4	48
sVolcanoCreditsSplineFocus	8030f1e4	48
sSSLCreditsSplinePositions	8030f214	48
sSSLCreditsSplineFocus	8030f244	48
sDDDCreditsSplinePositions	8030f274	56
sDDDCreditsSplineFocus	8030f2ac	56
sSLCreditsSplinePositions	8030f2e4	32
sSLCreditsSplineFocus	8030f304	32
sWDWCreditsSplinePositions	8030f324	32
sWDWCreditsSplineFocus	8030f344	32
sTTMCreditsSplinePositions	8030f364	48
sTTMCreditsSplineFocus	8030f394	48
sTHIHugeCreditsSplinePositions	8030f3c4	56
sTHIHugeCreditsSplineFocus	8030f3fc	56
sTTCCreditsSplinePositions	8030f434	32
sTTCCreditsSplineFocus	8030f454	32
sRRCreditsSplinePositions	8030f474	32
sRRCreditsSplineFocus	8030f494	32
sSACreditsSplinePositions	8030f4b4	40
sSACreditsSplineFocus	8030f4dc	40
sCotMCCreditsSplinePositions	8030f504	40
sCotMCCreditsSplineFocus	8030f52c	40
sDDDSubCreditsSplinePositions	8030f554	40
sDDDSubCreditsSplineFocus	8030f57c	40
sCCMOutsideCreditsSplinePositions	8030f5a4	32
sCCMOutsideCreditsSplineFocus	8030f5c4	32
sObjectListUpdateOrder	8030f5f0	11
sParticleTypes	8030f5fc	266
sBBHStairJiggleOffsets	8030f730	4
sPowersOfTwo	8030f734	16
sLevelsWithRooms	8030f744	12
sCapSaveFlags	8030f750	12
sBooHitRotations	8030f75c	64
sMrIParticleActions	8030f79c	8
sMrIActions	8030f7a4	16
sMrIHitbox	8030f7b4	16
sTHITopPuffs	8030f7c4	20
sCapSwitchText	8030f7d8	3
sCapSwitchActions	8030f7dc	16
sKingBobombActions	8030f7ec	36
sKingBobombSoundStates	8030f810	96
sOpenedCannonActions	8030f870	28
sUnusedChuckyaData	8030f88c	50
sChuckyaActions	8030f8c8	16
sRotatingPlatformData	8030f8d8	22
sKoopaShellUnderwaterHitbox	8030f8f0	16
sMistParticles	8030f900	20
sSparkleSpawnStarHitbox	8030f914	16
sYellowCoinHitbox	8030f924	16
sCoinArrowPositions	8030f934	32
sCoinInsideBooActions	8030f954	8
sTinyTriMovementParams	8030f95c	24
sTinyStarMovementParams	8030f974	28
sDoorActions	8030f990	40
sDoorOpenSounds	8030f9b8	8
sDoorCloseSounds	8030f9c0	8
sGrindelThwompActions	8030f9c8	20
sTumblingBridgeData	8030f9dc	48
sTumblingBridgeActions	8030fa0c	16
sElevatorHeights	8030fa1c	44
sElevatorActions	8030fa48	20
sGlobalMistParticles	8030fa5c	20
sSandParticles	8030fa70	20
sSmokeMovementParams	8030fa84	8
sSnowParticles	8030fa8c	20
sUkikiCageActions	8030faa0	16
sBowserShockwaveHitPoints	8030fab0	16
sSpindriftHitbox	8030fac0	16
sMetalBoxHitbox	8030fad0	16
sBreakableBoxHitbox	8030fae0	16
D_8032F460	8030faf0	40
sHeaveHoActions	8030fb18	16
sJumpingBoxHitbox	8030fb28	16
sJumpingBoxActions	8030fb38	8
sBooCageHitbox	8030fb40	16
sBetaBooKeyActions	8030fb50	12
sBowserKeyHitbox	8030fb5c	16
sBulletBillActions	8030fb6c	20
sBowserTailAnchorActions	8030fb80	12
sBowserDebugActions	8030fb8c	16
sBowserVelYAir	8030fb9c	2
sBowserFVelAir	8030fba0	2
sBowserDanceStepNoises	8030fba4	4
sBowserDefeatedDialogText	8030fba8	6
sBowsertiltPlatformData	8030fbb0	72
sBowserActions	8030fbf8	80
sBowserSoundStates	8030fc48	216
sBowserRainbowLight	8030fd20	3
sBowserHealth	8030fd24	3
sBowserFallingPlatform	8030fd28	121
sFallingBowserPlatformActions	8030fdac	12
sGrowingBowserFlameHitbox	8030fdb8	16
sBowserFlameHitbox	8030fdc8	16
sFlameFloatingYLimit	8030fdd8	12
D_8032F754	8030fde4	40
sCageUkikiPath	8030fe0c	92
sUkikiSoundStates	8030fe68	104
sUkikiActions	8030fed0	32
D_8032F860	8030fef0	52
D_8032F894	8030ff24	52
D_8032F8C8	8030ff58	8
sRotatingCwFireBarsActions	8030ff60	16
sKoopaShellHitbox	8030ff70	16
sToxBoxActionTable1	8030ff80	52
sToxBoxActionTable2	8030ffb4	35
sToxBoxActionTable3	8030ffd8	36
sToxBoxActionTables	8030fffc	12
sToxBoxActions	80310008	32
sPiranhaPlantBiteSoundFrames	80310028	8
TablePiranhaPlantActions	80310030	36
sPieceActions01	80310054	28
sPieceActions02	80310070	28
sPieceActions05	8031008c	28
sPieceActions06	803100a8	28
sPieceActions10	803100c4	28
sPieceActions09	803100e0	28
sPieceActions13	803100fc	28
sPieceActions12	80310118	28
sPieceActions08	80310134	28
sPieceActions07	80310150	28
sPieceActions03	8031016c	28
sPieceActions04	80310188	28
sPieceActions11	803101a4	28
sPieceActions14	803101c0	28
sBowserPuzzlePieces	803101dc	112
sBowserPuzzlePieceActions	8031024c	28
sTuxiesMotherActions	80310268	12
sSmallPenguinActions	80310274	24
sFishSpawnerActions	8031028c	12
sFishActions	80310298	12
sBirdChirpChirpActions	803102a4	16
sCheepCheepActions	803102b4	12
sExclamationBoxHitbox	803102c0	16
sExclamationBoxContents	803102d0	128
sExclamationBoxActions	80310350	24
sSkullSlidingBoxHitbox	80310368	16
gOpenableGrills	80310378	16
sTweesterHitbox	80310388	16
sTweesterActions	80310398	12
sBooGivingStarHitbox	803103a4	16
sCourtyardBooTripletPositions	803103b4	20
sBooActions	803103c8	24
sBooGivingStarActions	803103e0	20
sBooWithCageActions	803103f4	16
sScuttlebugHitbox	80310404	16
sWhompActions	80310414	40
sWaterSplashDropletParams	8031043c	36
gShallowWaterSplashDropletParams	80310460	36
sWaterDropletFishParams	80310484	36
gShallowWaterWaveDropletParams	803104a8	36
sStrongWindParticleHitbox	803104cc	16
sSLWalkingPenguinErraticSteps	803104dc	112
D_8032FEC0	80310550	2
unused_8032FEC4	80310554	5
gMarioPlatform	80310564	4
sDebugEffectStringInfo	80310570	36
sDebugEnemyStringInfo	80310594	36
sDebugInfoDPadMask	803105b8	4
sDebugInfoDPadUpdID	803105bc	4
sDebugLvSelectCheckFlag	803105c0	1
sDebugPage	803105c4	1
sNoExtraDebug	803105c8	1
sDebugStringArrPrinted	803105cc	1
sDebugSysCursor	803105d0	1
sDebugInfoButtonSeqID	803105d4	1
sDebugInfoButtonSeq	803105d8	10
sTransitionColorFadeCount	803105f0	2
sTransitionTextureFadeCount	803105f4	3
sTextureTransitionID	803105f8	16
rectangles	80310610	20
sSkyboxTextures	80310630	40
sSkyboxColors	80310658	6
gMovtexCounter	80310660	2
gMovtexCounterPrev	80310664	2
gMovtexVtxColor	80310668	1
gPaintingMarioYEntry	8031066c	4
gWDWWaterLevelSet	80310670	4
gMovtexIdToTexture	80310674	32
gMovtexNonColored	80310694	576
gMovtexColored	803108d4	216
gMovtexColored2	803109ac	108
sCurAreaTimer	80310a20	4
sPrevAreaTimer	80310a24	4
sFlyingCarpetRippleTimer	80310a28	8
sHMCPaintings	80310a30	8
sInsideCastlePaintings	80310a38	60
sTTMPaintings	80310a74	8
sPaintingGroups	80310a7c	12
gPaintingUpdateCounter	80310a88	2
gLastPaintingUpdateCounter	80310a8c	2
sTextLabelsCount	80310a90	2
gMenuState	80310aa0	1
gDialogBoxAngle	80310aa4	4
gDialogBoxScale	80310aa8	4
gDialogScrollOffsetY	80310aac	2
gDialogBoxType	80310ab0	1
gDialogID	80310ab4	2
gNextDialogPageStartStrIndex	80310ab8	2
gDialogPageStartStrIndex	80310abc	2
gMenuLineNum	80310ac0	1
gDialogWithChoice	80310ac4	1
gMenuHoldKeyIndex	80310ac8	1
gMenuHoldKeyTimer	80310acc	1
gDialogResponse	80310ad0	4
gHudSymCoin	80310ad4	2
gHudSymX	80310ad8	2
gMenuMode	80310b10	2
gEndCutsceneStrEn0	80310b14	6
gEndCutsceneStrEn1	80310b1c	18
gEndCutsceneStrEn2	80310b30	17
gEndCutsceneStrEn3	80310b44	11
gEndCutsceneStrEn4	80310b50	16
gEndCutsceneStrEn5	80310b60	7
gEndCutsceneStrEn6	80310b68	16
gEndCutsceneStrEn7	80310b78	12
gEndCutsceneStrEn8	80310b84	5
gEndCutsceneStringsEn	80310b8c	40
gCutsceneMsgFade	80310bb4	2
gCutsceneMsgIndex	80310bb8	2
gCutsceneMsgDuration	80310bbc	2
gCutsceneMsgTimer	80310bc0	2
gDialogCameraAngleIndex	80310bc4	1
gDialogCourseActNum	80310bc8	1
gCourseCompleteCoinsEqual	80310c54	1
gCourseCompleteScreenTimer	80310c58	4
gCourseCompleteCoins	80310c5c	4
gHudFlash	80310c60	1
gEnvFxMode	80310cd0	1
D_80330644	80310cd4	4
gSnowTempVtx	80310cd8	48
gSnowFlakeVertex1	80310d08	6
gSnowFlakeVertex2	80310d10	6
gSnowFlakeVertex3	80310d18	6
D_80330690	80310d20	4
D_80330694	80310d24	4
gBubbleTempVtx	80310d28	48
sMacroObjectPresets	80310d60	2928
sSpecialObjectPresets	803118d0	672
sPowerMeterHUD	80311b70	12
sPowerMeterVisibleTimer	80311b7c	4
sUnusedHUDValue1	80311b80	4
sUnusedHUDValue2	80311b84	4
sCameraHUDStatus	80311b88	8
sOrientObjWithFloor	80311b90	4
sPrevCheckMarioRoom	80311b94	2
sYoshiDead	80311b98	1
sDebugSequenceTracker	80311b9c	1
sDebugTimer	80311ba0	1
sMovingYellowCoinHitbox	80311ba4	16
sMovingBlueCoinHitbox	80311bb4	16
sBobombHitbox	80311bc4	16
sWhirlpoolHitbox	80311bd4	16
sAmpHitbox	80311be4	16
sSmallBullyHitbox	80311bf4	16
sBigBullyHitbox	80311c04	16
sMoneybagHitbox	80311c14	16
sMoneybagHiddenHitbox	80311c24	16
sBowlingBallHitbox	80311c34	16
sTHIHugeMetalBallTraj	80311c44	84
sTHITinyMetalBallTraj	80311c98	76
sRollingSphereHitbox	80311ce4	16
sCapHitbox	80311cf4	16
sCollectStarHitbox	80311d04	16
sRedCoinHitbox	80311d14	16
D_80331694	80311d24	4
sBreakableBoxSmallHitbox	80311d28	16
sMantaRayTraj	80311d38	68
sMantaRayHitbox	80311d7c	16
sFallingPillarHitbox	80311d8c	16
sTreasureChestBottomHitbox	80311d9c	16
sYoshiHomeLocations	80311dac	20
sKoopaHitbox	80311dc0	16
sKoopaUnshelledAttackHandlers	80311dd0	8
sKoopaShelledAttackHandlers	80311dd8	8
sKoopaTheQuickProperties	80311de0	32
sPokeyBodyPartHitbox	80311e00	16
sPokeyBodyPartAttackHandlers	80311e10	8
sSwoopHitbox	80311e18	16
sFlyGuyHitbox	80311e28	16
sFlyGuyJitterAmounts	80311e38	8
sGoombaHitbox	80311e40	16
sGoombaProperties	80311e50	36
sGoombaAttackHandlers	80311e74	12
sChainChompHitbox	80311e80	16
sWigglerBodyPartHitbox	80311e90	16
sWigglerHitbox	80311ea0	16
sWigglerAttackHandlers	80311eb0	8
sWigglerSpeeds	80311eb8	28
sSpinyHitbox	80311ed4	16
sSpinyWalkAttackHandlers	80311ee4	8
sEnemyLakituHitbox	80311eec	16
sCloudPartHeights	80311efc	8
montyMoleRiseFromGroundParticles	80311f04	20
sMontyMoleHitbox	80311f18	16
sMontyMoleRockHitbox	80311f28	16
sMontyMoleRockBreakParticles	80311f38	20
sPlatformOnTrackCollisionModels	80311f4c	16
sPlatformOnTrackPaths	80311f5c	36
sSeesawPlatformCollisionModels	80311f80	32
sFerrisWheelProperties	80311fa0	24
sWaterBombHitbox	80311fb8	16
waterBombExplodeParticles	80311fc8	20
waterBombCannonParticle	80311fdc	20
sTTCRotatingSolidCollisionModels	80311ff0	8
sTTCRotatingSolidInitialDelays	80311ff8	4
sTTCPendulumInitialAccels	80311ffc	16
sTTCTreadmillCollisionModels	8031200c	8
sTTCTreadmillSpeeds	80312014	8
sTTCMovingBarDelays	8031201c	8
sTTCMovingBarRandomDelays	80312024	4
sTTCCogCollisionModels	80312028	8
sTTCCogDirections	80312030	4
sTTCCogNormalSpeeds	80312034	4
sTTCPitBlockCollisionModels	80312038	8
sTTCPitBlockProperties	80312040	32
sTTCElevatorSpeeds	80312060	4
sTTC2DRotatorSpeeds	80312064	4
sTTC2DRotatorTimeBetweenTurns	80312068	16
sTTCSpinnerSpeeds	80312078	8
sMrBlizzardHitbox	80312080	16
D_80331A00	80312090	20
sMrBlizzardSnowballHitbox	803120a4	16
sSlidingPlatform2CollisionData	803120b4	32
sOctagonalPlatformCollision	803120d4	8
sOctagonalPlatformAngularVelocities	803120dc	8
D_80331A54	803120e4	105
D_80331ACC	8031215c	6
sActivatedBackAndForthPlatformCollisionModels	80312164	12
sRecoveryHeartHitbox	80312170	16
sUnagiHitbox	80312180	16
sHauntedChairHitbox	80312190	16
sMadPianoHitbox	803121a0	16
sFlyingBookendHitbox	803121b0	16
D_80331B30	803121c0	12
sBookSwitchHitbox	803121cc	16
sFirePiranhaPlantHitbox	803121dc	16
D_80331B5C	803121ec	8
sPiranhaPlantFireHitbox	803121f4	16
sSnufitHitbox	80312204	16
sSnufitBulletHitbox	80312214	16
sEyerokHitbox	80312224	16
D_80331BA4	80312234	6
sKleptoHitbox	8031223c	16
sKleptoTargetPositions	8031224c	36
sKleptoAttackHandlers	80312270	8
sRacingPenguinData	80312278	24
coffinRelativePos	80312290	24
sClamShellHitbox	803122a8	16
sSkeeterHitbox	803122b8	16
D_80331C38	803122c8	16
sDonutPlatformPositions	803122d8	188
sTripletButterflyExplodeHitbox	80312394	16
sTripletButterflyActivationData	803123a4	24
sBubbaHitbox	803123bc	20
sSawtoothWaves	803123d0	512
sTriangleWaves	803125d0	512
sSineWaves	803127d0	512
sSquareWaves	803129d0	512
sEuUnknownWave6	80312bd0	512
gEuUnknownWave7	80312dd0	512
gWaveSamples	80312fd0	24
unk_sh_data_0	80312fe8	8
gPitchBendFrequencyScale	80312ff0	1024
unk_sh_data_1	803133f0	1024
gNoteFrequencies	803137f0	512
gDefaultShortNoteVelocityTable	803139f0	16
gDefaultShortNoteDurationTable	80313a00	16
gDefaultEnvelope	80313a10	12
unk_sh_data2	80313a1c	4
gZeroNoteSub	80313a20	2
gDefaultNoteSub	80313a34	20
gHeadsetPanQuantization	80313a48	128
euUnknownData_80301950	80313ac8	128
gHeadsetPanVolume	80313b48	512
gStereoPanVolume	80313d48	512
gDefaultPanVolume	80313f48	512
unk_sh_data_3	80314148	240
unk_sh_data_4	80314238	264
shindouDebugPrint1	80314340	40
shindouDebugPrint2	80314368	8
shindouDebugPrint3	80314370	8
shindouDebugPrint4	80314378	44
shindouDebugPrintPadding1	803143a4	12
shindouDebugPrint5	803143b0	24
shindouDebugPrint6	803143c8	28
shindouDebugPrint7	803143e4	48
shindouDebugPrint8	80314414	12
shindouDebugPrint9	80314420	48
shindouDebugPrint10	80314450	12
shindouDebugPrint11	8031445c	48
shindouDebugPrint12	8031448c	40
shindouDebugPrint13	803144b4	28
shindouDebugPrint14	803144d0	28
shindouDebugPrint15	803144ec	28
shindouDebugPrint16	80314508	20
shindouDebugPrint17	8031451c	16
shindouDebugPrint18	8031452c	20
shindouDebugPrint19	80314540	16
shindouDebugPrint20	80314550	32
shindouDebugPrint21	80314570	32
shindouDebugPrint22	80314590	40
shindouDebugPrint23	803145b8	36
shindouDebugPrint24	803145dc	36
shindouDebugPrint25	80314600	20
shindouDebugPrint26	80314614	16
shindouDebugPrint27	80314624	44
shindouDebugPrint28	80314650	40
shindouDebugPrint29	80314678	40
shindouDebugPrint30	803146a0	40
shindouDebugPrint31	803146c8	48
shindouDebugPrint32	803146f8	28
shindouDebugPrint33	80314714	28
shindouDebugPrint34	80314730	52
shindouDebugPrint35	80314764	8
shindouDebugPrint36	8031476c	8
shindouDebugPrint37	80314774	12
shindouDebugPrint38	80314780	12
shindouDebugPrint39	8031478c	12
shindouDebugPrint40	80314798	24
shindouDebugPrint41	803147b0	12
shindouDebugPrint42	803147bc	12
shindouDebugPrint43	803147c8	12
shindouDebugPrint44	803147d4	20
shindouDebugPrint45	803147e8	24
shindouDebugPrint46	80314800	32
shindouDebugPrint47	80314820	20
shindouDebugPrint48	80314834	16
shindouDebugPrint49	80314844	32
shindouDebugPrint50	80314864	24
shindouDebugPrint51	8031487c	28
shindouDebugPrint52	80314898	16
shindouDebugPrint53	803148a8	16
shindouDebugPrint54	803148b8	20
shindouDebugPrint55	803148cc	20
shindouDebugPrint56	803148e0	16
shindouDebugPrint57	803148f0	32
shindouDebugPrint58	80314910	16
shindouDebugPrint59	80314920	16
shindouDebugPrint60	80314930	20
shindouDebugPrintPadding	80314944	12
shindouDebugPrint61	80314950	28
shindouDebugPrint62	8031496c	12
shindouDebugPrint63	80314978	32
shindouDebugPrint64	80314998	16
shindouDebugPrint65	803149a8	24
shindouDebugPrint66	803149c0	16
shindouDebugPrint67	803149d0	16
shindouDebugPrint68	803149e0	12
shindouDebugPrint69	803149ec	12
shindouDebugPrint70	803149f8	16
shindouDebugPrint71	80314a08	8
shindouDebugPrint72	80314a10	44
shindouDebugPrint73	80314a3c	36
shindouDebugPrint74	80314a60	28
shindouDebugPrint75	80314a7c	12
shindouDebugPrint76	80314a88	16
shindouDebugPrint77	80314a98	24
shindouDebugPrint78	80314ab0	16
shindouDebugPrint79	80314ac0	24
shindouDebugPrint80	80314ad8	16
shindouDebugPrint81	80314ae8	12
shindouDebugPrint82	80314af4	12
shindouDebugPrint83	80314b00	32
shindouDebugPrint84	80314b20	40
shindouDebugPrint85	80314b48	32
shindouDebugPrint86	80314b68	12
shindouDebugPrint87	80314b74	16
shindouDebugPrint88	80314b84	32
shindouDebugPrint89	80314ba4	20
shindouDebugPrint90	80314bb8	32
shindouDebugPrint91	80314bd8	16
shindouDebugPrint92	80314be8	24
shindouDebugPrint93	80314c00	40
shindouDebugPrint94	80314c28	44
shindouDebugPrint95	80314c54	20
shindouDebugPrint96	80314c68	20
shindouDebugPrint97	80314c7c	20
shindouDebugPrint98	80314c90	44
shindouDebugPrint99	80314cbc	16
shindouDebugPrint100	80314ccc	20
shindouDebugPrint101	80314ce0	20
shindouDebugPrint102	80314cf4	12
shindouDebugPrint103	80314d00	48
shindouDebugPrint104	80314d30	16
shindouDebugPrint105	80314d40	20
shindouDebugPrint106	80314d54	20
shindouDebugPrint107	80314d68	12
shindouDebugPrint108	80314d74	28
shindouDebugPrint109	80314d90	28
shindouDebugPrint110	80314dac	8
shindouDebugPrint111	80314db4	44
shindouDebugPrint112	80314de0	32
shindouDebugPrint113	80314e00	24
shindouDebugPrint114	80314e18	28
shindouDebugPrint115	80314e34	28
shindouDebugPrint116	80314e50	16
shindouDebugPrint117	80314e60	24
shindouDebugPrint118	80314e78	12
shindouDebugPrint119	80314e84	52
shindouDebugPrint120	80314eb8	16
shindouDebugPrint121	80314ec8	12
shindouDebugPrint122	80314ed4	40
shindouDebugPrint123	80314efc	20
shindouDebugPrint124	80314f10	16
shindouDebugPrint125	80314f20	20
shindouDebugPrint126	80314f34	32
shindouDebugPrint127	80314f54	32
shindouDebugPrint128	80314f74	36
shindouDebugPrint129	80314f98	48
D_SH_80314FC8	80314fc8	4
D_SH_80314FCC	80314fcc	4
shindouDebugPrint130	80314fd0	20
shindouDebugPrint131	80314fe4	32
shindouDebugPrint132	80315004	28
shindouDebugPrint133	80315020	28
D_SH_8031503C	8031503c	4
shindouDebugPrint134	80315040	16
shindouDebugPrint135	80315050	12
shindouDebugPrint136	8031505c	32
shindouDebugPrint137	8031507c	28
D_SH_80315098	80315098	4
D_SH_8031509C	8031509c	4
shindouDebugPrint138	803150a0	44
shindouDebugPrint139	803150cc	36
shindouDebugPrint140	803150f0	32
shindouDebugPrint141	80315110	36
shindouDebugPrint142	80315134	44
shindouDebugPrint143	80315160	48
shindouDebugPrint144	80315190	44
shindouDebugPrint145	803151bc	40
shindouDebugPrint146	803151e4	28
shindouDebugPrint147	80315200	28
shindouDebugPrint148	8031521c	36
shindouDebugPrint149	80315240	44
shindouDebugPrint150	8031526c	12
shindouDebugPrint151	80315278	44
shindouDebugPrint152	803152a4	36
shindouDebugPrint153	803152c8	44
shindouDebugPrint154	803152f4	72
shindouDebugPrint155	8031533c	44
shindouDebugPrint156	80315368	8
shindouDebugPrint157	80315370	48
shindouDebugPrint158	803153a0	24
euUnknownData_8030194c	803153b8	4
shindouDebugPrint159	803153bc	36
shindouDebugPrint160	803153e0	40
shindouDebugPrint161	80315408	32
shindouDebugPrint162	80315428	24
shindouDebugPrint163	80315440	16
shindouDebugPrint164	80315450	36
shindouDebugPrint165	80315474	32
shindouDebugPrint166	80315494	32
shindouDebugPrint167	803154b4	24
D_SH_803154CC	803154cc	4
shindouDebugPrint168	803154d0	28
D_SH_803154EC	803154ec	4
shindouDebugPrint169	803154f0	40
shindouDebugPrint170	80315518	16
shindouDebugPrint171	80315528	64
shindouDebugPrint172	80315568	20
shindouDebugPrint173	8031557c	32
shindouDebugPrint174	8031559c	16
shindouDebugPrint175	803155ac	24
shindouDebugPrint176	803155c4	16
shindouDebugPrint177	803155d4	28
shindouDebugPrint178	803155f0	28
shindouDebugPrint179	8031560c	36
shindouDebugPrint180	80315630	44
shindouDebugPrint181	8031565c	28
shindouDebugPrint182	80315678	8
shindouDebugPrint183	80315680	20
shindouDebugPrint184	80315694	20
shindouDebugPrint185	803156a8	32
shindouDebugPrint186	803156c8	44
shindouDebugPrint187	803156f4	44
shindouDebugPrint188	80315720	32
shindouDebugPrint189	80315740	32
shindouDebugPrint190	80315760	48
shindouDebugPrint191	80315790	16
shindouDebugPrint192	803157a0	8
shindouDebugPrint193	803157a8	56
shindouDebugPrint194	803157e0	36
shindouDebugPrint195	80315804	32
shindouDebugPrint196	80315824	16
shindouDebugPrint197	80315834	28
shindouDebugPrint198	80315850	28
shindouDebugPrint199	8031586c	40
shindouDebugPrint200	80315894	28
gAudioErrorFlags2	803158b0	4
sGameLoopTicked	803158b4	4
sDialogSpeaker	803158b8	170
sDialogSpeakerVoice	80315964	44
sNumProcessedSoundRequests	80315990	1
sSoundRequestCount	80315994	1
sDynBBH	80315998	12
sDynDDD	803159a4	24
sDynJRB	803159bc	26
sDynWDW	803159d8	14
sDynHMC	803159e8	16
sDynUnk38	803159f8	16
sDynNone	80315a08	4
sCurrentMusicDynamic	80315a0c	1
sBackgroundMusicForDynamics	80315a10	1
sLevelDynamics	80315a14	156
sMusicDynamics	80315ab0	96
sLevelAreaReverbs	80315b10	117
sLevelAcousticReaches	80315b88	78
sBackgroundMusicDefaultVolume	80315bd8	35
sCurrentBackgroundMusicSeqId	80315bfc	1
sMusicDynamicDelay	80315c00	1
sSoundBankUsedListBack	80315c04	10
sSoundBankFreeListFront	80315c10	10
sNumSoundsInBank	80315c1c	10
sMaxChannelsForSoundBank	80315c28	10
sNumSoundsPerBank	80315c34	10
gGlobalSoundSource	80315c40	12
sUnusedSoundArgs	80315c4c	12
sSoundBankDisabled	80315c58	2
D_80332108	80315c68	1
sHasStartedFadeOut	80315c6c	1
sSoundBanksThatLowerBackgroundMusic	80315c70	2
sUnused80332114	80315c74	1
sUnused80332118	80315c78	2
sBackgroundMusicMaxTargetVolume	80315c7c	1
D_80332120	80315c80	1
D_80332124	80315c84	1
D_EU_80300558	80315c88	1
sBackgroundMusicQueueSize	80315c8c	1
sUnused8033323C	80315c90	1
sReverbSettings	80315d00	96
gAudioSessionPresets	80315d60	384
gUnusedCount80333EE8	80315ee0	1
gTatumsPerBeat	80315ee4	2
gAudioHeapSize	80315ee8	4
gAudioInitPoolSize	80315eec	4
D_SH_80315EF0	80315ef0	4
D_SH_80315EF4	80315ef4	2
D_SH_80315EF8	80315ef8	2
D_SH_80315EFC	80315efc	2
spaces	80315f00	36
zeroes	80315f24	44
osClockRate	80315f50	8
osViClock	80315f58	4
__osShutdown	80315f5c	4
__OSGlobalIntMask	80315f60	4
osDDActive	80315f64	4
EU_unusedZeroes	80315f68	2
viMgrMainArgs	80315f70	5
osViModeTable	80315f90	3276
__osPiDevMgr	80316cb0	5
__osPiTable	80316ccc	4
__osCurrentHandle	80316cd0	8
_osContInitialized	80316ce0	4
__osMotorinitialized	80316cf0	16
__osHwIntTable	80316d40	32
__osTimerList	80316d60	4
sViContexts	80316d70	3
__osViCurr	80316dd0	4
__osViNext	80316dd4	4
__osThreadTail	80316de0	4
D_80334894	80316de4	4
__osRunQueue	80316de8	4
__osActiveQueue	80316dec	4
__osRunningThread	80316df0	4
__osFaultedThread	80316df4	4
gOsPiAccessQueueCreated	80316e00	4
gOsSiAccessQueueCreated	80316e10	4
osViModePalLan1	80316e20	78
osViModeMpalLan1	80316e70	78
osViModeNtscLan1	80316ec0	78
unusedErrorStr1	8031ac18	36
unusedErrorStr2	8031ac3c	164
pows	8031aeb0	72
__osIntOffTable	8031af10	32
__osIntTable	8031af30	80
NAN	8031af80	4
__osRcpImTable	8031af90	128
gShindouSoundBanksHeader	8031b010	624
gBankSetsData	8031b280	160
gShindouSampleBanksHeader	8031b320	192
gShindouSequencesHeader	8031b3e0	576
rspF3DDataStart	8031b620	2048
rspAspMainDataStart	8031be20	816
rspF3DDataEnd	8031be20	816
_mainSegmentEnd	8031c150	2528
_mainSegmentNoloadStart	8031c150	2528
gCrashScreen	8031c150	2520
rspAspMainDataEnd	8031c150	2528
D_80339210	8031cb30	432
gIdleThread	8031cce0	432
gMainThread	8031ce90	432
gGameLoopThread	8031d040	432
gSoundThread	8031d1f0	432
gDmaIoMesg	8031d3a0	24
gMainReceivedMesg	8031d3b8	4
gDmaMesgQueue	8031d3c0	24
gSIEventMesgQueue	8031d3d8	24
gPIMesgQueue	8031d3f0	24
gIntrMesgQueue	8031d408	24
gSPTaskMesgQueue	8031d420	24
gDmaMesgBuf	8031d438	4
gPIMesgBuf	8031d440	128
gSIEventMesgBuf	8031d4c0	4
gIntrMesgBuf	8031d4c8	64
gUnknownMesgBuf	8031d508	64
gControllers	8031d550	96
gGfxSPTask	8031d5b0	4
gDisplayListHead	8031d5b4	4
gGfxPoolEnd	8031d5b8	4
gGfxPool	8031d5bc	4
gControllerStatuses	8031d5c0	16
gControllerPads	8031d5d0	24
gControllerBits	8031d5e8	1
gEepromProbe	8031d5e9	1
gGameVblankQueue	8031d5f0	24
gGfxVblankQueue	8031d608	24
gGameMesgBuf	8031d620	4
gGfxMesgBuf	8031d624	4
gGameVblankHandler	8031d628	8
gPhysicalFramebuffers	8031d630	12
gPhysicalZBuffer	8031d63c	4
gMarioAnimsMemAlloc	8031d640	4
gDemoInputsMemAlloc	8031d644	4
gMarioAnimsBuf	8031d648	12
gDemoInputsBuf	8031d658	12
sfillerGameInit	8031d668	152
unused80339DC0	8031d700	16
sSoundMesgQueue	8031d710	24
sSoundMesgBuf	8031d728	8
sSoundVblankHandler	8031d730	16
gRumblePakThread	8031d740	432
gRumblePakPfs	8031d8f0	104
gRumblePakSchedulerMesgBuf	8031d958	4
gRumblePakSchedulerMesgQueue	8031d960	24
gRumbleThreadVIMesgBuf	8031d978	4
gRumbleThreadVIMesgQueue	8031d980	24
gRumbleDataQueue	8031d998	18
gCurrRumbleSettings	8031d9b0	16
gMarioStates	8031d9c0	200
gHudDisplay	8031da88	14
sCurrPlayMode	8031da96	2
D_80339ECA	8031da98	2
sTransitionTimer	8031da9a	2
sTransitionUpdate	8031da9c	4
sWarpDest	8031daa0	8
D_80339EE0	8031daa8	2
sDelayedWarpOp	8031daaa	2
sDelayedWarpTimer	8031daac	2
sSourceWarpNodeId	8031daae	2
sDelayedWarpArg	8031dab0	4
sUnusedLevelUpdateBss	8031dab4	2
sTimerRunning	8031dab6	1
gNeverEnteredCastle	8031dab7	1
unused2	8031dab8	4
sDelayInvincTimer	8031dac0	1
sInvulnerable	8031dac2	2
unused80339F10	8031dad0	4
unused80339F1C	8031dad8	20
sIntroWarpPipeObj	8031daf0	4
sEndPeachObj	8031daf4	4
sEndRightToadObj	8031daf8	4
sEndLeftToadObj	8031dafc	4
sEndJumboStarObj	8031db00	4
sUnused	8031db04	4
sEndPeachAnimation	8031db08	4
sEndToadAnims	8031db0c	4
sFloorAlignMatrix	8031db10	128
sBobTimer	8031db90	2
sBobIncrement	8031db92	2
sBobHeight	8031db94	12
gBodyStates	8031dba0	80
gMirrorMario	8031dbf0	96
gEffectsMemoryPool	8031dc50	4
sSegmentTable	8031dc58	128
sPoolFreeSpace	8031dcd8	4
sPoolStart	8031dcdc	4
sPoolEnd	8031dce0	4
sPoolListHeadL	8031dce4	4
sPoolListHeadR	8031dce8	4
gWarpCheckpoint	8031dcf0	5
gMainMenuDataModified	8031dcf5	1
gSaveFileModified	8031dcf6	1
gPlayerSpawnInfos	8031dd00	32
D_8033A160	8031dd20	1024
gAreaData	8031e120	480
gWarpTransition	8031e300	22
gCurrCourseNum	8031e316	2
gCurrActNum	8031e318	2
gCurrAreaIndex	8031e31a	2
gSavedCourseNum	8031e31c	2
gMenuOptSelectIndex	8031e31e	2
gSaveOptSelectIndex	8031e320	2
gMatStackIndex	8031e330	2
gMatStack	8031e338	2048
gMatStackFixed	8031eb38	128
gGeoTempState	8031ebb8	16
gCurrAnimType	8031ebc8	1
gCurrAnimEnabled	8031ebc9	1
gCurrAnimFrame	8031ebca	2
gCurrAnimTranslationMultiplier	8031ebcc	4
gCurrAnimAttribute	8031ebd0	4
gCurrAnimData	8031ebd4	4
gDisplayListHeap	8031ebd8	4
gProfilerFrameData	8031ebe0	400
gPlayerCameraState	8031ed70	72
sOldPosition	8031edb8	12
sOldFocus	8031edc8	12
sPlayer2FocusOffset	8031edd8	12
sCreditsPlayer2Pitch	8031ede4	2
sCreditsPlayer2Yaw	8031ede6	2
sFramesPaused	8031ede8	1
gLakituState	8031edf0	192
sFOVState	8031eeb0	28
sModeTransition	8031eed0	36
sMarioGeometry	8031eef8	52
gCamera	8031ef2c	4
unusedFreeRoamWallYaw	8031ef30	2
sAvoidYawVel	8031ef32	2
sCameraYawAfterDoorCutscene	8031ef34	2
sCurCreditsSplinePos	8031ef38	256
sCurCreditsSplineFocus	8031f038	256
unusedSplinePitch	8031f138	2
unusedSplineYaw	8031f13a	2
sCutsceneSplineSegmentProgress	8031f13c	4
sCutsceneSplineSegment	8031f140	2
unused8033B6E8	8031f142	2
sHandheldShakeSpline	8031f148	64
sHandheldShakeMag	8031f188	2
sHandheldShakeTimer	8031f18c	4
sHandheldShakeInc	8031f190	4
sHandheldShakePitch	8031f194	2
sHandheldShakeYaw	8031f196	2
sHandheldShakeRoll	8031f198	2
gCutsceneObjSpawn	8031f19c	4
gObjCutsceneDone	8031f1a0	4
unused8033B30C	8031f1a4	4
unused8033B310	8031f1a8	4
sSelectionFlags	8031f1ac	2
gCameraMovementFlags	8031f1ae	2
unused8033B316	8031f1b0	2
sStatusFlags	8031f1b2	2
s2ndRotateFlags	8031f1b4	2
unused8033B31A	8031f1b6	2
sCameraSoundFlags	8031f1b8	2
sCButtonsPressed	8031f1ba	2
sCutsceneDialogID	8031f1bc	2
sCutsceneShot	8031f1be	2
gCutsceneTimer	8031f1c0	2
unused8033B3E8	8031f1c2	2
unused8033B3E82	8031f1c4	2
sAreaYaw	8031f1c6	2
sAreaYawChange	8031f1c8	2
sLakituDist	8031f1ca	2
sLakituPitch	8031f1cc	2
sZoomAmount	8031f1d0	4
sCSideButtonYaw	8031f1d4	2
sBehindMarioSoundTimer	8031f1d6	2
sZeroZoomDist	8031f1d8	4
sCUpCameraPitch	8031f1dc	2
sModeOffsetYaw	8031f1de	2
sSpiralStairsYawOffset	8031f1e0	2
s8DirModeBaseYaw	8031f1e2	2
s8DirModeYawOffset	8031f1e4	2
sPanDistance	8031f1e8	4
sCannonYOffset	8031f1ec	4
sCutsceneVars	8031f1f0	360
sModeInfo	8031f358	72
sCastleEntranceOffset	8031f3a0	12
sParTrackIndex	8031f3ac	4
sParTrackPath	8031f3b0	4
sParTrackTransOff	8031f3b8	32
sCameraStoreCUp	8031f3d8	32
sCameraStoreCutscene	8031f3f8	32
gDebugInfoFlags	8031f420	4
gNumFindFloorMisses	8031f424	4
unused_8033BEF8	8031f428	4
gUnknownWallCount	8031f42c	4
gObjectCounter	8031f430	4
gNumCalls	8031f434	6
gDebugInfo	8031f440	256
gDebugInfoOverwrite	8031f540	256
gTimeStopState	8031f640	4
gObjectPool	8031f648	145920
gMacroObjectDefaultParent	80343048	608
gObjectLists	803432a8	4
gFreeObjectList	803432b0	104
gMarioObject	80343318	4
gLuigiObject	8034331c	4
gCurrentObject	80343320	4
gCurBhvCommand	80343324	4
gPrevFrameObjectCount	80343328	2
gSurfaceNodesAllocated	8034332c	4
gSurfacesAllocated	80343330	4
gNumStaticSurfaceNodes	80343334	4
gNumStaticSurfaces	80343338	4
gObjectMemoryPool	8034333c	4
gCheckingSurfaceCollisionsForCamera	80343340	2
gFindFloorIncludeSurfaceIntangible	80343342	2
gEnvironmentRegions	80343344	4
gEnvironmentLevels	80343348	80
gDoorAdjacentRooms	80343398	120
gMarioCurrentRoom	80343410	2
D_8035FEE2	80343412	2
D_8035FEE4	80343414	2
gTHIWaterDrained	80343416	2
gTTCSpeedSetting	80343418	2
gMarioShotFromCannon	8034341a	2
gCCMEnteredSlide	8034341c	2
gNumRoomedObjectsInMarioRoom	8034341e	2
gNumRoomedObjectsNotInMarioRoom	80343420	2
gWDWWaterLevelChanging	80343422	2
gMarioOnMerryGoRound	80343424	2
gObjectListArray	80343428	1664
grabReleaseState	80343ab0	16
D_8035FF10	80343ac0	16
gDebugPrintState1	80343ad0	12
gDebugPrintState2	80343ae0	12
gShadowAboveWaterOrLava	80343af0	1
gMarioOnIceOrCarpet	80343af1	1
sMarioOnFlyingCarpet	80343af2	1
sSurfaceTypeBelowShadow	80343af4	2
sSkyBoxInfo	80343b00	32
gMovetexLastTextureId	80343b20	2
gFlyingCarpetState	80343b30	1
gPaintingMarioFloorType	80343b40	2
gPaintingMarioXPos	80343b44	4
gPaintingMarioYPos	80343b48	4
gPaintingMarioZPos	80343b4c	4
gPaintingMesh	80343b50	4
gPaintingTriNorms	80343b54	4
gRipplingPainting	80343b58	4
gDDDPaintingStatus	80343b5c	1
sTextLabels	80343b60	208
gMenuTextColorTransTimer	80343c30	2
gLastDialogLineNum	80343c32	1
gDialogVariable	80343c34	4
gMenuTextAlpha	80343c38	2
gCutsceneMsgXOffset	80343c3a	2
gCutsceneMsgYOffset	80343c3c	2
gRedCoinsCollected	80343c3e	1
gEnvFxBuffer	80343c40	4
gSnowCylinderLastPos	80343c48	12
gSnowParticleCount	80343c54	2
gSnowParticleMaxCount	80343c56	2
gEnvFxBubbleConfig	80343c60	20
sGfxCursor	80343c74	4
sBubbleParticleCount	80343c78	4
sBubbleParticleMaxCount	80343c7c	4
sPowerMeterStoredHealth	80343c80	16
sObjFloor	80343c90	16
sMasterTreadmill	80343ca0	4
sObjSavedPosX	80343ca4	4
sObjSavedPosY	80343ca8	4
sObjSavedPosZ	80343cac	4
sMontyMoleHoleList	80343cb0	4
sMontyMoleKillStreak	80343cb4	4
sMontyMoleLastKilledPosX	80343cb8	4
sMontyMoleLastKilledPosY	80343cbc	4
sMontyMoleLastKilledPosZ	80343cc0	4
sNumActiveFirePiranhaPlants	80343cc4	4
sNumKilledFirePiranhaPlants	80343cc8	4
D_SH_80343CD0_pad	80343cd0	32
D_SH_80343CF0	80343cf0	4
D_SH_80343CF8_pad	80343cf8	8
D_SH_80343D00	80343d00	196
D_SH_8034DC8_pad	80343dc8	8
DriveRomHandle	80343dd0	116
D_SH_80343E48_pad	80343e48	8
sSoundRequests	80343e50	2048
D_80360928	80344650	768
sUsedChannelsForSoundBank	80344950	10
sCurrentSound	80344960	10
sSoundBanks	80344970	11200
sSoundMovingSpeed	80347530	10
sBackgroundMusicTargetVolume	8034753a	1
sLowerBackgroundMusicVolume	8034753b	5
sBackgroundMusicQueue	80347540	12
unk_sh_8034754C	8034754c	4
gAudioGlobalsStartMarker	80347550	8
gSynthesisReverbs	80347560	1088
sAudioSynthesisPad	803479a0	16
gVolume	803479b0	2
gUseReverb	803479b2	1
gNumSynthesisReverbs	803479b3	1
D_SH_803479B4	803479b4	2
gNoteSubsEu	803479b8	4
gAudioSessionPool	803479c0	16
gAudioInitPool	803479d0	16
gNotesAndBuffersPool	803479e0	16
sAudioHeapPad	803479f0	32
gSeqAndBankPool	80347a10	16
gPersistentCommonPool	80347a20	16
gTemporaryCommonPool	80347a30	16
gSeqLoadedPool	80347a40	464
gBankLoadedPool	80347c10	464
gUnusedLoadedPool	80347de0	464
gUnkPool1	80347fb0	400
gUnkPool2	80348140	1304
gUnkPool3	80348658	1304
sSessionPoolSplit	80348b70	16
sSeqAndBankPoolSplit	80348b80	8
sPersistentCommonPoolSplit	80348b88	16
sTemporaryCommonPoolSplit	80348b98	16
gUnkLoadStatus	80348ba8	64
gBankLoadStatus	80348be8	64
gSeqLoadStatus	80348c28	256
gAudioResetStatus	80348d28	1
gAudioResetPresetIdToLoad	80348d29	1
gAudioResetFadeOutFramesLeft	80348d2c	4
gAudioUnusedBuffer	80348d30	4096
gNotes	80349d30	4
pad	80349d34	4
gSequencePlayers	80349d38	1328
gSequenceChannels	8034a268	9984
gSequenceLayers	8034c968	8192
gSequenceChannelNone	8034e968	208
gLayerFreeList	8034ea38	16
gNoteFreeLists	8034ea48	64
D_SH_8034EA88	8034ea88	512
D_SH_8034EC88	8034ec88	2560
D_SH_8034F688	8034f688	4
D_SH_8034F68C	8034f68c	4
sPendingDmaAudioBanks	8034f690	1344
gUnkQueue1	8034fbd0	24
gUnkMesgBufs1	8034fbe8	64
gUnkQueue2	8034fc28	24
gUnkMesgBufs2	8034fc40	64
gCurrAudioFrameDmaQueue	8034fc80	24
gCurrAudioFrameDmaMesgBufs	8034fc98	256
gCurrAudioFrameDmaIoMesgBufs	8034fd98	1536
gAudioDmaMesgQueue	80350398	24
gAudioDmaMesg	803503b0	4
gAudioDmaIoMesg	803503b8	24
sSampleDmas	803503d0	4
gSampleDmaNumListItems	803503d4	4
sSampleDmaListSize1	803503d8	4
sUnused80226B40	803503dc	4
sSampleDmaReuseQueue1	803503e0	256
sSampleDmaReuseQueue2	803504e0	256
sSampleDmaReuseQueueTail1	803505e0	1
sSampleDmaReuseQueueTail2	803505e1	1
sSampleDmaReuseQueueHead1	803505e2	1
sSampleDmaReuseQueueHead2	803505e3	1
gSeqFileHeader	803505e4	4
gAlCtlHeader	803505e8	4
gAlTbl	803505ec	4
gAlBankSets	803505f0	4
gSequenceCount	803505f4	2
gCtlEntries	803505f8	4
gAudioBufferParameters	80350600	32
sDmaBufSize	80350620	4
gMaxAudioCmds	80350624	4
gMaxSimultaneousNotes	80350628	4
gTempoInternalToExternal	8035062c	2
gSoundMode	8035062e	1
gAudioUpdatesPerFrame	8035062f	1
gAudioFrameCount	80350630	4
gCurrAudioFrameDmaCount	80350634	4
gAudioTaskIndex	80350638	4
gCurrAiBufferIndex	8035063c	4
gAudioCmdBuffers	80350640	8
gAudioCmd	80350648	4
gAudioTask	8035064c	4
gAudioTasks	80350650	160
D_EU_802298D0	803506f0	4
gRefreshRate	803506f4	4
gAiBuffers	803506f8	12
gAiBufferLengths	80350704	6
gAudioRandom	8035070c	4
gAudioErrorFlags	80350710	4
gAudioLoadLockSH	80350714	4
sAudioCmd	80350718	2048
D_SH_80350F18	80350f18	1
D_SH_80350F19	80350f19	1
D_SH_80350F1C	80350f1c	4
D_SH_80350F20	80350f20	24
D_SH_80350F38	80350f38	4
D_SH_80350F40	80350f40	16
D_SH_80350F50	80350f50	24
D_SH_80350F68	80350f68	4
D_SH_80350F6C	80350f6c	4
D_SH_80350F70	80350f70	24
D_SH_80350F88	80350f88	4
D_SH_80350F8C	80350f8c	4
D_SH_80350F90	80350f90	24
D_SH_80350FA8	80350fa8	4
gAudioGlobalsEndMarker	80350fb0	8
__osFinalrom	80350fc0	4
EU_D_80336C40	80350fc4	4
EU_D_80336C44	80350fc8	4
__osEventStateTab	80350fd0	120
tmpTask	80351050	64
piMgrThread	803522b0	432
piMgrStack	80352460	4096
piEventQueue	80353460	24
piEventBuf	80353478	8
__osContPifRam	80353480	64
__osContLastCmd	803534c0	1
__osMaxControllers	803534c1	1
__osEepromTimer	803534c8	32
__osEepromTimerQ	803534e8	24
__osEepromTimerMsg	80353500	16
_MotorStopData	80353510	256
_MotorStartData	80353610	256
_motorstopbuf	80353710	32
_motorstartbuf	80353730	32
__Dom1SpeedParam	80353760	116
__osBaseTimer	803537e0	32
__osCurrentTime	80353800	8
__osBaseCounter	80353808	4
__osViIntrCount	8035380c	4
__osTimerCounter	80353810	4
__Dom2SpeedParam	80353820	116
__osDiskHandle	80353894	4
osPiMesgBuff	803538a0	8
gOsPiMessageQueue	803538a8	24
osSiMesgBuff	803538c0	8
gOsSiMessageQueue	803538c8	24
__osPfsPifRam	803538e0	64
__osEepPifRam	80353920	64
__osThreadSave	80353960	432
leoDiskStack	80353b10	4096
_mainSegmentNoloadEnd	80354b10	146672
_engineSegmentStart	80378800	44
vec3f_copy	80378800	44
vec3f_set	8037882c	48
vec3f_add	8037885c	68
vec3f_sum	803788a0	68
vec3s_copy	803788e4	44
vec3s_set	80378910	44
vec3s_add	8037893c	68
vec3s_sum	80378980	68
vec3s_sub	803789c4	68
vec3s_to_vec3f	80378a08	80
vec3f_to_vec3s	80378a58	212
find_vector_perpendicular_to_plane	80378b2c	188
vec3f_cross	80378be8	116
vec3f_normalize	80378c5c	132
mtxf_copy	80378ce0	72
mtxf_identity	80378d28	64
mtxf_translate	80378d68	68
mtxf_lookat	80378dac	856
mtxf_rotate_zxy_and_translate	80379104	312
mtxf_rotate_xyz_and_translate	8037923c	324
mtxf_billboard	80379380	288
mtxf_align_terrain_normal	803794a0	284
mtxf_align_terrain_triangle	803795bc	788
mtxf_mul	803798d0	592
mtxf_scale_vec3f	80379b20	288
mtxf_mul_vec3s	80379c40	216
mtxf_to_mtx	80379d18	408
mtxf_rotate_xy	80379eb0	108
get_pos_from_transform_mtx	80379f1c	296
vec3f_get_dist_and_angle	8037a044	176
vec3f_set_dist_and_angle	8037a0f4	148
approach_s32	8037a188	64
approach_f32	8037a1c8	84
atan2s	8037a27c	404
atan2f	8037a410	72
spline_get_weights	8037a458	856
anim_spline_init	8037a7b0	36
anim_spline_poll	8037a7d4	740
init_scene_graph_node_links	8037aac0	32
init_graph_node_root	8037aae0	128
init_graph_node_ortho_projection	8037ab60	88
init_graph_node_perspective	8037abb8	140
init_graph_node_start	8037ac44	72
init_graph_node_master_list	8037ac8c	100
init_graph_node_render_range	8037acf0	92
init_graph_node_switch_case	8037ad4c	132
init_graph_node_camera	8037add0	148
init_graph_node_translation_rotation	8037ae64	132
init_graph_node_translation	8037aee8	120
init_graph_node_rotation	8037af60	120
init_graph_node_scale	8037afd8	116
init_graph_node_object	8037b04c	164
init_graph_node_culling_radius	8037b0f0	84
init_graph_node_animated_part	8037b144	120
init_graph_node_billboard	8037b1bc	120
init_graph_node_display_list	8037b234	108
init_graph_node_shadow	8037b2a0	100
init_graph_node_object_parent	8037b304	84
init_graph_node_generated	8037b358	116
init_graph_node_background	8037b3cc	140
init_graph_node_held_object	8037b458	136
geo_add_child	8037b4e0	72
geo_remove_child	8037b528	76
geo_make_first_child	8037b574	104
geo_call_global_function_nodes_helper	8037b5dc	308
geo_call_global_function_nodes	8037b710	76
geo_reset_object_node	8037b75c	108
geo_obj_init	8037b7c8	168
geo_obj_init_spawninfo	8037b870	224
geo_obj_init_animation	8037b950	116
geo_obj_init_animation_accel	8037b9c4	136
retrieve_animation_index	8037ba4c	60
geo_update_animation_frame	8037ba88	312
geo_retreive_animation_translation	8037bbc0	272
geo_find_root	8037bcd0	60
read_vec3s_to_vec3f	8037bd10	68
read_vec3s	8037bd54	32
read_vec3s_angle	8037bd74	188
register_scene_graph_node	8037be30	128
geo_layout_cmd_branch_and_link	8037beb0	148
geo_layout_cmd_end	8037bf44	136
geo_layout_cmd_branch	8037bfcc	96
geo_layout_cmd_return	8037c02c	56
geo_layout_cmd_open_node	8037c064	68
geo_layout_cmd_close_node	8037c0a8	44
geo_layout_cmd_assign_as_view	8037c0d4	96
geo_layout_cmd_update_node_flags	8037c134	188
geo_layout_cmd_node_root	8037c1f0	252
geo_layout_cmd_node_ortho_projection	8037c2ec	104
geo_layout_cmd_node_perspective	8037c354	140
geo_layout_cmd_node_start	8037c3e0	64
geo_layout_cmd_nop3	8037c420	24
geo_layout_cmd_node_master_list	8037c438	76
geo_layout_cmd_node_level_of_detail	8037c484	80
geo_layout_cmd_node_switch_case	8037c4d4	92
geo_layout_cmd_node_camera	8037c530	148
geo_layout_cmd_node_translation_rotation	8037c5c4	368
geo_layout_cmd_node_translation	8037c734	148
geo_layout_cmd_node_rotation	8037c7c8	148
geo_layout_cmd_node_scale	8037c85c	168
geo_layout_cmd_nop2	8037c904	24
geo_layout_cmd_node_animated_part	8037c91c	116
geo_layout_cmd_node_billboard	8037c990	148
geo_layout_cmd_node_display_list	8037ca24	80
geo_layout_cmd_node_shadow	8037ca74	88
geo_layout_cmd_node_object_parent	8037cacc	72
geo_layout_cmd_node_generated	8037cb14	80
geo_layout_cmd_node_background	8037cb64	84
geo_layout_cmd_nop	8037cbb8	24
geo_layout_cmd_copy_view	8037cbd0	132
geo_layout_cmd_node_held_obj	8037cc54	116
geo_layout_cmd_node_culling_radius	8037ccc8	76
process_geo_layout	8037cd14	204
level_script_execute	8037ebf0	180
f32_find_wall_collision	8037f184	124
find_wall_collisions	8037f200	332
find_ceil	8037f510	436
unused_obj_find_floor_height	8037f6c4	44
find_floor_height_and_data	8037f6f0	124
find_floor_height	8037f930	36
unused_find_dynamic_floor	8037f954	232
find_floor	8037fa3c	564
find_water_level	8037fc70	228
find_poison_gas_level	8037fd54	280
debug_surface_list_info	8037fe8c	540
unused_resolve_floor_or_ceil_collisions	803800a8	340
alloc_surface_pools	80380dc4	104
load_area_terrain	80380e2c	472
clear_dynamic_surfaces	80381004	84
transform_object_vertices	80381060	444
load_object_surfaces	8038121c	376
load_object_collision_model	80381394	352
random_u16	80381508	160
random_float	803815a8	80
random_sign	803815f8	48
obj_update_gfx_pos_and_angle	80381628	60
stub_behavior_script_2	803829c0	8
cur_obj_update	803829c8	692
identityMtx	80382c80	32
zeroMtx	80382ca0	32
gVec3fZero	80382cc0	12
gVec3sZero	80382ccc	6
gVec3fOne	80382cd4	12
gVec3sOne	80382ce0	6
gSineTable	80382cf0	4096
gCosineTable	80383cf0	16384
gArctanTable	80387cf0	2050
GeoLayoutJumpTable	80388500	132
unused_8038B894	80388584	5
sLevelPool	80388590	4
sDelayFrames	80388594	4
sDelayFrames2	80388598	4
sCurrAreaIndex	8038859c	4
sStackTop	803885a0	4
sStackBase	803885a4	4
LevelScriptJumpTable	803885a8	248
BehaviorCmdTable	803886a0	224
_engineSegmentEnd	80388970	4
_engineSegmentNoloadStart	80388970	4
gSplineKeyframe	80388970	4
gSplineKeyframeFraction	80388974	4
gSplineState	80388978	4
gObjParentGraphNode	80388980	20
gGraphNodePool	80388994	4
gCurRootGraphNode	80388998	4
D_8038BCA8	8038899c	4
gGeoViews	803889a0	4
gGeoNumViews	803889a4	2
gGeoLayoutStack	803889a8	64
gCurGraphNodeList	803889e8	128
gCurGraphNodeIndex	80388a68	2
gGeoLayoutStackIndex	80388a6a	2
D_8038BD7C	80388a6c	2
gGeoLayoutReturnIndex	80388a6e	2
gGeoLayoutCommand	80388a70	4
sStack	80388a80	128
sScriptStatus	80388b00	4
sRegister	80388b04	4
sCurrentCmd	80388b08	8
sFloorGeo	80388b10	32
unused8038BE50	80388b30	64
unused8038BE90	80388b70	4
gStaticSurfacePartition	80388b78	6144
gDynamicSurfacePartition	8038a378	6144
sSurfaceNodePool	8038bb78	4
sSurfacePool	8038bb7c	4
sSurfacePoolSize	8038bb80	2
unused8038EEA8	8038bb88	48
gRandomSeed16	8038bbc0	16
_engineSegmentNoloadEnd	8038bbd0	15408
_framebuffersSegmentNoloadStart	8038f800	153600
gFramebuffer0	8038f800	153600
gFramebuffer1	803b5000	153600
gFramebuffer2	803da800	153600
_framebuffersSegmentNoloadEnd	80400000	4
K1BASE	a0000000	4
SP_DMEM	a4000000	4
SP_DMEM_UNK0	a40004c0	4
SP_DMEM_UNK1	a4000774	4
SP_IMEM	a4001000	4
SP_STATUS_REG	a4040010	4
SP_PC	a4080000	4
MI_MODE_REG	a4300000	4
MI_VERSION_REG	a4300004	4
MI_INTR_REG	a4300008	4
MI_INTR_MASK_REG	a430000c	4
VI_CURRENT_REG	a4400010	4
AI_STATUS_REG	a450000c	4
PI_DRAM_ADDR_REG	a4600000	4
PI_CART_ADDR_REG	a4600004	4
PI_WR_LEN_REG	a460000c	4
PI_STATUS_REG	a4600010	4
PI_BSD_DOM1_LAT_REG	a4600014	4
PI_BSD_DOM1_PWD_REG	a4600018	4
PI_BSD_DOM1_PGS_REG	a460001c	4
PI_BSD_DOM1_RLS_REG	a4600020	4
RI_MODE_REG	a4700000	4
RI_REFRESH_REG	a4700010	4
SI_STATUS_REG	a4800018	4
D_B0000008	b0000008	4
D_B0000010	b0000010	4
D_B0000014	b0000014	4
D_C0000000	c0000000	4
K2BASE	c0000000	4
D_C0000008	c0000008	4
D_C000000C	c000000c	4
