EXCEPTION_TLB_MISS	80000000	768
K0BASE	80000000	768
osTvType	80000300	4
osRomType	80000304	4
osRomBase	80000308	4
osResetType	8000030c	4
osCiCId	80000310	4
osVersion	80000314	4
osMemSize	80000318	4
osAppNmiBuffer	8000031c	64
__osBbEepromAddress	8000035c	4
__osBbEepromSize	80000360	4
__osBbFlashAddress	80000364	4
__osBbFlashSize	80000368	4
__osBbSramAddress	8000036c	4
__osBbSramSize	80000370	4
__osBbPakAddress	80000374	16
__osBbPakSize	80000384	4
__osBbIsBb	80000388	4
__osBbHackFlags	8000038c	116
_zbufferSegmentNoloadStart	80000400	153600
gZBuffer	80000400	153600
_goddardSegmentStart	8016f000	296
run_level_id_or_demo	8016f000	296
intro_level_select	8016f128	676
intro_regular	8016f3cc	228
intro_game_over	8016f4b0	180
intro_play_its_a_me_mario	8016f564	76
lvl_intro_update	8016f5b0	192
geo_intro_super_mario_64_logo	8016f670	788
geo_intro_tm_copyright	8016f984	556
geo_intro_regular_backdrop	8016fe70	396
geo_intro_gameover_backdrop	8016fffc	640
beh_yellow_background_menu_init	80170280	56
beh_yellow_background_menu_loop	801702b8	48
check_clicked_button	801702e8	416
bhv_menu_button_init	80170aec	48
bhv_menu_button_loop	80170b1c	408
exit_score_file_to_score_menu	80170cb4	172
render_score_menu_buttons	80170d60	1032
check_score_menu_clicked_buttons	80171168	532
render_copy_menu_buttons	8017137c	1032
copy_action_file_button	80171784	680
check_copy_menu_clicked_buttons	80171a2c	480
render_erase_menu_buttons	80171c0c	1032
erase_action_file_button	80172014	408
check_erase_menu_clicked_buttons	801721ac	448
render_sound_mode_menu_buttons	8017236c	332
check_sound_mode_menu_clicked_buttons	801724b8	356
load_main_menu_save_file	8017261c	40
return_to_main_menu	80172644	468
load_score_menu_from_submenu	80172818	456
load_copy_menu_from_submenu	801729e0	456
load_erase_menu_from_submenu	80172ba8	456
bhv_menu_button_manager_init	80172d70	1080
check_main_menu_clicked_buttons	801731a8	648
bhv_menu_button_manager_loop	80173430	848
handle_cursor_button_input	80173780	384
handle_controller_cursor_input	80173900	480
print_menu_cursor	80173ae0	396
print_hud_lut_string_fade	80173c6c	248
print_generic_string_fade	80173d64	240
update_text_fade_out	80173e54	144
print_save_file_star_count	80173ee4	240
print_main_menu_strings	80173fd4	848
score_menu_display_message	80174324	136
print_score_menu_strings	801743ac	844
copy_menu_display_message	801746f8	268
copy_menu_update_message	80174804	428
print_copy_menu_strings	801749b0	760
print_erase_menu_prompt	80174ca8	1424
erase_menu_display_message	80175238	460
erase_menu_update_message	80175404	420
print_erase_menu_strings	801755a8	760
print_sound_mode_menu_strings	801758a0	628
print_score_file_castle_secret_stars	80175b14	124
print_score_file_course_coin_score	80175b90	412
print_score_file_star_score	80175d2c	208
print_save_file_scores	80175dfc	1764
geo_file_select_strings_and_menu_cursor	80176688	84
lvl_init_menu_values_and_cursor_pos	801766dc	452
lvl_update_obj_and_load_file_selected	801768a0	60
bhv_act_selector_star_type_loop	801768e0	404
render_100_coin_star	80176a74	172
bhv_act_selector_init	80176b20	720
bhv_act_selector_loop	80176df0	468
print_course_number	80176fc4	384
print_act_selector_strings	80177144	980
geo_act_selector_strings	80177518	72
lvl_init_act_selector_values_and_stars	80177560	176
lvl_update_obj_and_load_act_button_actions	80177610	256
__main__	80177710	272
empty_mem_block	80177820	260
into_free_memblock	80177924	184
make_mem_block	801779dc	476
gd_free_mem	80177bb8	160
gd_request_mem	80177c58	548
gd_add_mem_to_heap	80177e7c	144
init_mem_block_lists	80177f0c	40
print_list_stats	80177f34	380
mem_stats	801780b0	300
gd_reset_sfx	801781e0	32
gd_new_sfx_to_play	80178200	44
gd_sfx_update	8017822c	40
gd_play_sfx	80178254	36
setup_lights	80178280	156
Unknown801781DC	8017831c	704
draw_shape	801785dc	880
draw_shape_2d	8017894c	244
draw_light	80178a40	540
draw_material	80178c5c	308
create_mtl_gddl_if_empty	80178d90	92
check_face_bad_vtx	80178dec	236
gd_get_colour	80178ed8	308
Unknown80178ECC	8017900c	276
draw_face	80179120	584
draw_rect_fill	80179368	100
draw_rect_stroke	801793cc	100
Unknown801792F0	80179430	96
draw_label	80179490	728
draw_net	80179768	324
draw_gadget	801798ac	256
draw_camera	801799ac	608
Unknown80179ACC	80179c0c	152
func_80179B64	80179ca4	56
world_pos_to_screen_coords	80179cdc	300
check_grabbable_click	80179e08	520
drawscene	8017a010	820
draw_nothing	8017a344	20
draw_shape_faces	8017a358	244
draw_particle	8017a44c	580
draw_bone	8017a690	340
draw_joint	8017a7e4	284
draw_group	8017a900	88
draw_plane	8017a958	136
apply_obj_draw_fn	8017a9e0	124
register_light	8017aa5c	148
Proc8017A980	8017aaf0	1000
update_shaders	8017aed8	240
create_shape_mtl_gddls	8017afc8	84
unref_8017AEDC	8017b01c	108
create_shape_gddl	8017b088	224
create_gddl_for_shapes	8017b168	60
map_face_materials	8017b1a4	180
map_vertices	8017b538	208
unpick_obj	8017b608	76
find_closest_pickable_obj	8017b654	220
set_view_update_camera	8017b730	52
update_view	8017b764	1648
stub_draw_objects_1	8017bdd4	16
reset_bounding_box	8017bdf0	112
add_obj_pos_to_bounding_box	8017be60	320
get_some_bounding_box	8017bfa0	112
stub_objects_1	8017c010	36
make_object	8017c300	1296
make_zone	8017c810	208
func_8017C7A0	8017c8e0	96
make_link_to_obj	8017c940	192
make_vtx_link	8017ca00	196
make_valptr	8017cac4	136
reset_plane	8017cb4c	1072
make_plane	8017cf7c	148
make_camera	8017d010	540
make_material	8017d22c	168
make_light	8017d2d4	276
make_view	8017d3e8	660
make_animator	8017d67c	120
make_weight	8017d6f4	120
make_group_of_type	8017d76c	204
format_object_id	8017d838	460
make_group	8017da04	528
addto_group	8017dc14	236
addto_groupfirst	8017dd00	252
group_contains_obj	8017ddfc	132
show_details	8017de80	1192
stub_objects_2	8017e328	36
make_scene	8017e34c	36
menu_cb_reset_positions	8017e3f8	56
func_8017E2F0	8017e430	240
apply_to_obj_types_in_group	8017e520	420
func_8017E584	8017e6c4	692
func_8017E838	8017e978	436
func_8017E9EC	8017eb2c	168
func_8017EA94	8017ebd4	144
func_8017EB24	8017ec64	476
is_obj_xz_in_bounding_box	8017ee40	204
is_point_xz_in_bounding_box	8017ef0c	144
gd_plane_point_within	8017ef9c	504
transform_child_objects_recursive	8017f194	444
func_8017F210	8017f350	444
func_8017F3CC	8017f50c	56
stub_objects_3	8017f544	32
interpolate_animation_transform	8017f564	416
move_animator	8017f704	4192
drag_picked_object	80180764	768
move_animators	80180a64	80
find_and_drag_picked_object	80180ab4	60
move_camera	80180af0	1572
move_cameras_in_grp	80181114	56
func_8018100C	8018114c	876
move_lights_in_grp	801814b8	56
move_group_members	801814f0	172
proc_view_movement	8018159c	152
reset_nets_and_gadgets	80181634	68
null_obj_lists	80181678	160
func_801815E0	80181720	384
scale_verts	801818a0	220
move_skin	8018197c	88
func_80181894	801819d4	316
reset_weight_vtx	80181b10	272
reset_weight	80181c20	168
reset_joint_weights	80181cc8	112
Unknown80181D14	80181e54	412
func_80181EB0	80181ff0	472
func_80182088	801821c8	792
func_801823A0	801824e0	336
make_particle	80182630	268
make_connection	8018273c	380
func_80182778	801828b8	656
func_80182A08	80182b48	636
move_particle	80182dc4	2284
move_particles_in_grp	801836b0	88
Unknown801835C8	80183708	680
stub_particles_1	801839b0	20
stub_particles_2	801839c4	20
stub_particles_3	801839d8	28
stub_particles_4	801839f4	28
func_801838D0	80183a10	56
d_stash_dynobj	80183a50	48
d_unstash_dynobj	80183a80	48
reset_dynlist	80183ab0	112
proc_dynlist	80183b20	2108
d_set_name_suffix	8018435c	164
d_append_to_name_suffix	80184400	168
reset_dynamic_objs	80184630	92
d_add_net_with_subgroup	8018468c	180
d_end_net_with_subgroup	80184740	108
d_attach_joint_to_net	801847ac	124
d_make_netfromshapeid	80184828	120
d_make_netfromshape_ptrptr	801848a0	72
add_to_dynobj_list	801848e8	668
d_makeobj	80184bf8	772
d_attach	80184efc	200
d_attach_to	80184fc4	936
d_attachto_dynid	8018536c	164
copy_bytes	80185410	76
alloc_animdata	8018545c	1468
chk_shapegen	80185a18	1944
d_set_nodegroup	801861b0	416
d_set_matgroup	80186350	240
d_set_texture_st	80186440	156
d_use_texture	801864dc	172
d_set_skinshape	80186588	228
d_map_materials	8018666c	140
d_map_vertices	801866f8	140
d_set_planegroup	80186784	288
d_set_shapeptrptr	801868a4	444
d_set_shapeptr	80186a60	412
d_use_obj	80186bfc	136
set_cur_dynobj	80186c84	40
d_start_group	80186cac	48
d_end_group	80186cdc	260
d_addto_group	80186de0	124
d_use_integer_names	80186e5c	24
d_set_init_pos	80186e74	664
d_set_velocity	8018710c	312
d_get_velocity	80187244	344
d_set_torque	8018739c	228
d_get_init_pos	80187480	392
d_get_init_rot	80187608	396
d_set_rel_pos	80187794	796
d_addto_rel_pos	80187ab0	464
d_get_rel_pos	80187c80	504
d_get_att_objgroup	80187e78	220
d_get_att_to_obj	80187f54	220
d_get_scale	80188030	392
d_set_att_offset	801881b8	452
d_set_att_to_offset	8018837c	340
d_get_att_offset	801884d0	340
d_get_att_flags	80188624	276
d_set_world_pos	80188738	624
d_set_normal	801889a8	264
d_get_world_pos_ptr	80188ab0	204
d_get_world_pos	80188b7c	1656
d_make_vertex	801891f4	76
d_set_scale	80189240	540
d_set_rotation	8018945c	296
d_center_of_gravity	80189584	220
d_set_shape_offset	80189660	220
d_add_valptr	8018973c	412
d_add_valproc	801898d8	184
d_link_with_ptr	80189990	840
d_link_with	80189cd8	208
d_set_flags	80189da8	524
d_clear_flags	80189fb4	376
d_set_parm_f	8018a12c	556
d_set_parm_ptr	8018a358	472
d_set_obj_draw_flag	8018a530	96
d_set_type	8018a590	368
d_set_id	8018a700	296
d_set_colour_num	8018a828	452
d_set_material	8018a9ec	176
d_friction	8018aa9c	220
d_set_spring	8018ab78	172
d_set_ambient	8018ac24	220
d_set_diffuse	8018ad00	304
d_set_control_type	8018ae30	172
d_get_bounding_box	8018aedc	212
d_get_matrix	8018afb0	332
d_set_matrix	8018b0fc	276
d_set_rot_mtx	8018b210	216
d_get_rot_mtx_ptr	8018b2e8	188
d_set_i_matrix	8018b3a4	304
d_get_matrix_ptr	8018b4d4	276
d_get_i_mtx_ptr	8018b5e8	212
d_calc_world_dist_btwn	8018b6bc	156
d_set_skin_weight	8018b758	216
get_objvalue	8018b830	184
Unknown8018B7A8	8018b8e8	148
create_gui_menu	8018ba40	192
make_label	8018bb00	192
make_gadget	8018bbc0	220
set_objvalue	8018bc9c	184
set_static_gdgt_value	8018bd54	164
adjust_gadget	8018be40	692
reset_gadget	8018c0f4	444
reset_gadgets_in_grp	8018c2b0	56
new_memtracker	8018c2f0	180
get_memtracker	8018c3a4	168
start_memtracker	8018c44c	260
print_most_recent_memtracker_name	8018c550	72
stop_memtracker	8018c598	364
remove_all_memtrackers	8018c704	140
get_memtracker_by_index	8018c790	36
print_all_memtrackers	8018c7b4	184
print_all_timers	8018c86c	180
deactivate_timing	8018c920	24
activate_timing	8018c938	28
remove_all_timers	8018c954	308
get_timer	8018cb34	192
get_timernum	8018cc54	108
split_timer_ptr	8018ccc0	220
split_all_timers	8018cd9c	112
start_all_timers	8018ce0c	148
start_timer	8018cea0	208
restart_timer	8018cf70	188
split_timer	8018d02c	92
stop_timer	8018d088	216
get_scaled_timer_total	8018d160	72
get_timer_total	8018d1a8	80
fatal_print	8018d1f8	48
print_stack_trace	8018d228	112
fatal_printf	8018d298	712
imin	8018d560	144
imout	8018d5f0	176
gd_rand_float	8018d6a0	328
gd_atoi	8018d7e8	352
gd_lazy_atof	8018d948	64
format_number_hex	8018d988	96
format_number_decimal	8018d9e8	252
sprint_val_withspecifiers	8018db38	672
gd_strcpy	8018ddd8	68
ascii_to_uppercase	8018de1c	128
gd_strdup	8018de9c	124
gd_strlen	8018df18	84
gd_strcat	8018df6c	132
gd_str_not_equal	8018dff0	168
gd_str_contains	8018e098	144
gd_feof	8018e128	36
gd_set_feof	8018e14c	32
gd_fopen	8018e16c	528
gd_fread	8018e37c	300
gd_fclose	8018e4a8	28
gd_get_file_size	8018e4c4	28
is_newline	8018e4e0	56
gd_fread_line	8018e518	328
grabbable_joint_update_func	8018e660	1736
eye_joint_update_func	8018ed28	628
func_8018EE5C	8018ef9c	284
set_joint_vecs	8018f0b8	208
make_joint	8018f188	512
make_grabber_joint	8018f388	224
func_8018F328	8018f468	420
func_8018F4CC	8018f60c	84
func_8018F520	8018f660	892
func_8018F89C	8018f9dc	460
func_8018FA68	8018fba8	96
set_skin_weight	8018fc08	144
func_8018FB58	8018fc98	332
add_joint2bone	8018fde4	248
make_bone	8018fedc	376
stub_joints_1	80190054	20
func_8018FF28	80190068	96
print_some_spaces	801900c8	96
func_8018FFE8	80190128	384
func_80190168	801902a8	640
func_801903E8	80190528	396
func_80190574	801906b4	1088
func_801909B4	80190af4	108
func_80190A20	80190b60	308
func_80190B54	80190c94	788
func_80190E68	80190fa8	212
func_80190F3C	8019107c	620
func_801911A8	801912e8	120
func_80191220	80191360	416
func_801913C0	80191500	48
func_801913F0	80191530	264
stub_joints_2	80191638	20
func_8019150C	8019164c	248
reset_joint	80191744	544
func_80191824	80191964	208
func_801918F4	80191a34	296
func_80191A1C	80191b5c	476
func_80191BF8	80191d38	360
func_80191D60	80191ea0	244
func_80191E54	80191f94	52
func_80191E88	80191fc8	96
reset_joint_counts	80192028	40
compute_net_bounding_box	80192050	436
reset_net	80192204	464
func_80192294	801923d4	104
func_801922FC	8019243c	184
make_net	801924f4	372
func_80192528	80192668	380
collision_something_801926A4	801927e4	1068
func_80192AD0	80192c10	396
move_bonesnet	80192d9c	112
func_80192CCC	80192e0c	716
convert_gd_verts_to_Vn	801930d8	844
convert_gd_verts_to_Vtx	80193424	280
convert_net_verts	8019353c	212
move_net	801936dc	296
move_nets	80193804	120
func_8019373C	8019387c	268
func_80193848	80193988	116
gd_print_net	801939fc	596
reset_net_count	80193c50	24
gd_sqrt_f	80193c70	56
gd_mat4f_lookat	80193ca8	1524
gd_scale_mat4f_by_vec3f	8019429c	196
gd_rot_mat_about_vec	80194360	196
gd_add_vec3f_to_mat4f_offset	80194424	116
gd_create_origin_lookat	80194498	976
gd_clamp_f32	80194868	72
gd_clamp_vec3f	801948b0	272
gd_rot_2d_vec	801949c0	268
gd_rot_mat_about_row	80194acc	200
gd_absrot_mat4	80194b94	324
gd_vec3f_magnitude	80194cd8	92
gd_normalize_vec3f	80194d34	288
gd_cross_vec3f	80194e54	164
gd_dot_vec3f	80194ef8	68
gd_invert_elements_mat4f	80194f3c	128
gd_inverse_mat4f	80194fbc	276
gd_adjunct_mat4f	801950d0	1512
gd_mat4f_det	801956b8	716
gd_3x3_det	80195984	200
gd_2x2_det	80195a4c	68
gd_create_neg_vec_zero_first_mat_row	80195a90	144
gd_broken_quat_to_vec3f	80195b20	292
gd_quat_rotation	80195c44	372
gd_shift_mat_up	80195db8	288
gd_create_quat_rot_mat	80195ed8	572
gd_create_rot_matrix	80196114	544
gd_create_rot_mat_angular	80196334	140
gd_set_identity_mat4	801963c0	224
gd_copy_mat4f	801964a0	208
gd_rotate_and_translate_vec3f	80196570	272
gd_mat4f_mult_vec3f	80196680	212
gd_mult_mat4f	80196754	2424
gd_print_vec	801970cc	28
gd_print_bounding_box	801970e8	28
gd_print_mtx	80197104	164
gd_print_quat	801971a8	136
gd_rot_mat_offset	80197230	392
func_80197280	801973c0	64
calc_face_normal	80197400	588
gd_make_vertex	8019764c	280
make_face_with_colour	80197764	172
make_face_with_material	80197810	108
add_4_vertices_to_face	8019787c	136
add_3_vtx_to_face	80197904	120
make_shape	8019797c	408
clear_buf_to_cr	80197b14	48
get_current_buf_char	80197b44	44
get_and_advance_buf	80197b70	100
load_next_line_into_buf	80197bd4	128
is_line_end	80197c54	56
is_white_space	80197c8c	56
scan_to_next_non_whitespace	80197cc4	236
is_next_buf_word	80197db0	224
getfloat	80197e90	408
getint	80198028	384
Unknown80198068	801981a8	20
func_8019807C	801981bc	108
func_801980E8	80198228	108
Unknown80198154	80198294	48
Unknown80198184	801982c4	108
scale_obj_position	80198330	200
translate_obj_position	801983f8	148
scale_verts_in_shape	8019848c	136
translate_verts_in_shape	80198514	112
Unknown80198444	80198584	224
Unknown80198524	80198664	196
Unknown801985E8	80198728	284
get_3DG1_shape	80198844	1276
get_OBJ_shape	80198d40	912
group_faces_in_mtl_grp	801990d0	292
find_or_add_new_mtl	801991f4	316
read_ARK_shape	80199330	1136
get_shape_from_file	801997a0	328
make_grid_shape	801998e8	1692
Unknown80199E44	80199f84	68
Unknown80199E88	80199fc8	92
make_netfromshape	8019a024	188
animate_mario_head_gameover	8019a0e0	200
animate_mario_head_normal	8019a1a8	784
load_mario_head	8019a4b8	1856
load_shapes2	8019abf8	224
Unknown8019AB98	8019acd8	556
Unknown8019ADC4	8019af04	256
Unknown8019AEC4	8019b004	84
get_alloc_mem_amt	8019b060	32
gd_get_ostime	8019b080	48
get_time_scale	8019b0b0	32
dump_disp_list	8019b0d0	136
gd_sin_d	8019b41c	64
gd_cos_d	8019b45c	64
gd_sqrt_d	8019b49c	120
stub_renderer_1	8019b514	40
gd_printf	8019b53c	1488
gd_exit	8019bb0c	56
gd_free	8019bb44	76
gd_allocblock	8019bb90	248
gd_malloc	8019bc88	208
gd_malloc_perm	8019bd58	56
gd_malloc_temp	8019bd90	56
Unknown8019BC88	8019bdc8	76
Unknown8019BCD4	8019be14	56
draw_indexed_dl	8019be4c	188
branch_cur_dl_to_num	8019bf08	120
get_dl_gfx	8019bf80	48
setup_stars	8019bfb0	656
setup_timers	8019c240	368
Unknown8019C270	8019c3b0	24
Unknown8019C288	8019c3c8	80
gd_add_to_heap	8019c418	56
gdm_init	8019c450	156
gdm_setup	8019c4ec	156
stub_renderer_2	8019c588	20
print_gdm_stats	8019c59c	84
make_view_withgrp	8019c5f0	148
gdm_maketestdl	8019c684	420
set_time_scale	8019c828	24
Unknown8019C840	8019c840	52
gd_vblank	8019c874	188
gd_copy_p1_contpad	8019c930	152
gd_sfx_to_play	8019c9c8	48
gdm_gettestdl	8019c9f8	912
gdm_getpos	8019cd88	180
fatal_no_dl_mem	8019cf18	44
alloc_displaylist	8019cf44	216
cpy_remaining_gddl	8019d01c	244
create_child_gdl	8019d110	88
new_gd_dl	8019d168	592
gd_rsp_init	8019d3b8	116
gd_rdp_init	8019d42c	116
gd_draw_rect	8019d4a0	936
gd_draw_border_rect	8019d848	3056
gd_dl_set_fill	8019e438	748
gd_dl_set_z_buffer_area	8019e724	92
gd_set_color_fb	8019e780	284
reset_cur_dl_indices	8019e89c	160
begin_gddl	8019e93c	120
stash_current_gddl	8019e9b4	32
pop_gddl_stash	8019e9d4	32
gd_startdisplist	8019e9f4	336
gd_enddlsplist	8019eb44	104
gd_enddlsplist_parent	8019ebac	352
Unknown8019EBCC	8019ed0c	60
new_gddl_from	8019ed48	128
Unknown8019EC88	8019edc8	108
mat4_to_mtx	8019ee34	376
gd_dl_mul_matrix	8019efac	168
gd_dl_load_matrix	8019f054	172
gd_dl_load_identity_matrix	8019f100	108
gd_dl_push_matrix	8019f16c	108
gd_dl_pop_matrix	8019f1d8	76
gd_dl_mul_trans_matrix	8019f224	184
gd_dl_load_trans_matrix	8019f2dc	188
gd_dl_scale	8019f398	108
func_8019F2C4	8019f404	84
gd_dl_lookat	8019f458	1728
check_tri_display	8019fb18	136
gd_dl_make_vertex	8019fba0	1168
func_8019FEF0	801a0030	100
gd_dl_make_triangle	801a0094	228
func_801A0038	801a0178	56
gd_dl_flush_vertices	801a01b0	380
set_render_alpha	801a03f8	108
set_light_id	801a0464	24
set_light_num	801a047c	24
create_mtl_gddl	801a0494	244
branch_to_gddl	801a0588	48
gd_dl_hilite	801a05b8	1012
gd_dl_material_lighting	801a09ac	3452
set_Vtx_norm_buf_1	801a1728	220
set_Vtx_norm_buf_2	801a1804	236
set_gd_mtx_parameters	801a18f0	92
Unknown801A1B30	801a1c70	832
Unknown801A1E70	801a1fb0	1184
gd_set_one_cycle	801a2450	80
stub_renderer_3	801a24a0	20
gddl_is_loading_stub_dl	801a24b4	20
gddl_is_loading_shine_dl	801a24c8	192
start_view_dl	801a2588	1020
parse_p1_controller	801a2984	2568
stub_renderer_4	801a338c	168
Unknown801A32F4	801a3434	48
func_801A3324	801a3464	76
func_801A3370	801a34b0	136
Unknown801A33F8	801a3538	132
Unknown801A347C	801a35bc	100
border_active_view	801a3620	148
gd_shading	801a36b4	104
gd_getproperty	801a371c	108
gd_setproperty	801a3788	1176
stub_renderer_5	801a3c20	16
gd_create_ortho_matrix	801a3c30	412
gd_create_perspective_matrix	801a3dcc	464
setup_view_buffers	801a3f9c	1228
gd_init_controllers	801a4468	180
stub_renderer_6	801a451c	20
defpup	801a4530	32
menu_cb_control_type	801a4550	20
menu_cb_recalibrate_controller	801a4564	20
func_801A4438	801a4578	104
gd_gentexture	801a45e0	324
load_texture_from_file	801a4724	468
Unknown801A47B8	801a48f8	44
stub_renderer_7	801a4924	16
stub_renderer_8	801a4934	20
func_801A4808	801a4948	64
func_801A4848	801a4988	108
stub_renderer_9	801a49f4	16
stub_renderer_10	801a4a04	20
stub_draw_label_text	801a4a18	24
set_active_view	801a4a30	24
stub_renderer_11	801a4a48	16
func_801A4918	801a4a58	492
Unknown801A4B04	801a4c44	264
update_cursor	801a4d4c	844
Unknown801A4F58	801a5098	440
Proc801A5110	801a5250	88
update_view_and_dl	801a52a8	164
func_801A520C	801a534c	312
Unknown801A5344	801a5484	180
gd_init	801a5538	1304
reverse_string	801a5a50	136
stub_renderer_12	801a5ad8	20
stub_renderer_13	801a5aec	20
stub_renderer_14	801a5b00	20
init_pick_buf	801a5b14	48
store_in_pickbuf	801a5b44	72
get_cur_pickbuf_offset	801a5b8c	52
stub_renderer_15	801a5bc0	20
stub_renderer_16	801a5bd4	20
stub_renderer_17	801a5be8	16
Unknown801A5AB8	801a5bf8	40
Unknown801A5AE0	801a5c20	120
set_vtx_tc_buf	801a5c98	144
add_debug_view	801a5d28	60
cvrt_val_to_kb	801a5d64	92
Unknown801A5C80	801a5dc0	272
Unknown801A5D90	801a5ed0	616
Unknown801A5FF8	801a6138	760
gd_put_sprite	801a6430	828
gd_setup_cursor	801a676c	408
view_proc_print_timers	801a6904	80
make_timer_gadgets	801a6954	1564
stub_renderer_18	801a6f70	20
stub_renderer_19	801a6f84	20
load_dynlist	801a7074	644
stub_renderer_20	801a72f8	20
func_801A71CC	801a730c	1300
stub_renderer_21	801a7820	16
sLevelSelectStageNames	801a7830	1024
sDemoCountdown	801a7c30	4
sPlayMarioGreeting	801a7c34	4
sPlayMarioGameOver	801a7c38	8
introBackgroundDlRows	801a7c70	16
xCoords	801a7c80	48
yCoords	801a7cb0	48
textureTables	801a7ce0	8
introBackgroundIndexTable	801a7ce8	12
introBackgroundTables	801a7cf4	4
gameOverBackgroundTable	801a7cf8	12
flipOrder	801a7d04	12
sSelectedButtonID	801a7d10	4
sCurrentMenuLevel	801a7d14	4
sTextBaseAlpha	801a7d18	4
sCursorPos	801a7d1c	8
sCursorClickingTimer	801a7d24	4
sClickPos	801a7d28	4
sSelectedFileIndex	801a7d2c	4
sFadeOutText	801a7d30	4
sStatusMessageID	801a7d34	4
sTextFadeAlpha	801a7d38	4
sMainMenuTimer	801a7d3c	4
sSoundMode	801a7d40	4
sEraseYesNoHoverState	801a7d44	4
sAllFilesExist	801a7d48	4
sSelectedFileNum	801a7d4c	4
sScoreFileCoinScoreMode	801a7d50	4
textReturn	801a7d54	8
textViewScore	801a7d5c	12
textCopyFileButton	801a7d68	12
textEraseFileButton	801a7d74	12
textSoundModes	801a7d80	24
textMarioA	801a7d98	8
textMarioB	801a7da0	8
textMarioC	801a7da8	8
textMarioD	801a7db0	8
textNew	801a7db8	4
starIcon	801a7dbc	4
xIcon	801a7dc0	4
textSelectFile	801a7dc4	12
textScore	801a7dd0	8
textCopy	801a7dd8	8
textErase	801a7de0	8
textCheckFile	801a7de8	12
textNoSavedDataExists	801a7df4	24
textCopyFile	801a7e0c	12
textCopyItToWhere	801a7e18	20
textNoSavedDataExistsCopy	801a7e2c	24
textCopyCompleted	801a7e44	20
textSavedDataExists	801a7e58	20
textNoFileToCopyFrom	801a7e6c	16
textYes	801a7e7c	4
textNo	801a7e80	104
textStarX	801a7ee8	3
sSelectedActIndex	801a81a0	4
sSelectableStarIndex	801a81a4	4
sActSelectorMenuTimer	801a81a8	24
gGdMoveScene	801a81e0	4
D_801A8058	801a81e8	4
gGdUseVtxNormal	801a81ec	4
gViewUpdateCamera	801a8288	4
sColourPalette	801a8294	20
sWhiteBlack	801a82a8	8
D_801A81C0	801a8350	4
D_801A81C4	801a8354	4
gMarioFaceGrp	801a8470	4
gSpotShape	801a8474	4
gShapeRedSpark	801a847c	4
gShapeSilverSpark	801a8480	4
gShapeRedStar	801a8484	4
gShapeSilverStar	801a8488	4
sSimpleShape	801a8534	4
gGdFrameBufNum	801a8840	4
sGdPerspTimer	801b539c	4
_goddardSegmentEnd	801b99e0	4
_goddardSegmentNoloadStart	801b99e0	4
sGameOverFrameCounter	801b99e0	4
sGameOverTableIndex	801b99e4	4
sIntroFrameCounter	801b99e8	4
sTmCopyrightAlpha	801b99ec	4
sSoundTextX	801b99f0	8
sMainMenuButtons	801b99f8	128
sYesNoColor	801b9a78	8
sStarSelectorModels	801b9a80	32
sLoadedActNum	801b9aa0	1
sObtainedStars	801b9aa1	1
sVisibleStars	801b9aa2	1
sInitSelectedActNum	801b9aa3	13
gGdCtrl	801b9ab0	244
gGdCtrlPrev	801b9ba8	244
gUnref_801B9B30	801b9cc0	136
gGdLightGroup	801b9d48	4
gSomeBoundingBox	801b9f30	24
sCurrentMoveCamera	801b9f48	4
sCurrentMoveView	801b9f4c	4
gGdCounter	801b9f50	8
D_801B9DC8	801b9f58	64
D_801B9E08	801b9f98	12
sCurrentMoveGrp	801b9fa4	4
D_801B9E18	801b9fa8	12
D_801B9E28	801b9fb8	12
D_801B9E34	801b9fc4	4
D_801B9E38	801b9fc8	4
D_801B9E3C	801b9fcc	4
D_801B9E40	801b9fd0	4
D_801B9E44	801b9fd4	4
D_801B9E48	801b9fd8	4
gGdCameraList	801b9fdc	4
D_801B9E50	801b9fe0	4
gGdGroupList	801b9fe4	4
gGdObjCount	801b9fe8	4
gGdGroupCount	801b9fec	4
gGdPlaneCount	801b9ff0	4
gGdCameraCount	801b9ff4	4
sGdViewInfo	801b9ff8	24
D_801B9E80	801ba010	4
gGdJointList	801ba014	4
gGdBoneList	801ba018	4
gGdObjectList	801ba01c	4
gGdViewsGroup	801ba020	4
sResetCurWeight	801ba030	4
gGdStreamBuffer	801ba320	4
sResetWeightVtxNum	801baaf0	4
gGdSkinNet	801bac80	4
_goddardSegmentNoloadEnd	801beb30	9424
_buffersSegmentNoloadStart	801c1000	53248
gDecompressionHeap	801c1000	53248
gAudioHeap	801ce000	201216
gUnusedThread2Stack	801ff200	5120
gIdleThreadStack	80200600	2048
gThread3Stack	80200e00	8192
gThread4Stack	80202e00	8192
gThread5Stack	80204e00	8192
gGfxSPTaskYieldBuffer	80206e00	2304
gSaveBuffer	80207700	512
gGfxSPTaskStack	80207900	1024
gGfxPools	80207d00	102560
gAudioGlobalsStartMarker	80220da0	8
gSynthesisReverb	80220db0	204
sAudioSynthesisPad	80220e80	32
gVolume	80220ea0	2
gReverbDownsampleRate	80220ea2	1
sReverbDownsampleRateLog	80220ea3	1
gAudioSessionPool	80220ea8	16
gAudioInitPool	80220eb8	16
gNotesAndBuffersPool	80220ec8	16
sAudioHeapPad	80220ed8	32
gSeqAndBankPool	80220ef8	16
gPersistentCommonPool	80220f08	16
gTemporaryCommonPool	80220f18	16
gSeqLoadedPool	80220f28	464
gBankLoadedPool	802210f8	464
gUnusedLoadedPool	802212c8	464
sSessionPoolSplit	80221498	16
sSeqAndBankPoolSplit	802214a8	8
sPersistentCommonPoolSplit	802214b0	16
sTemporaryCommonPoolSplit	802214c0	16
gBankLoadStatus	802214d0	64
gSeqLoadStatus	80221510	256
gAudioUnusedBuffer	80221610	4096
gNotes	80222610	4
gSequencePlayers	80222618	960
gSequenceChannels	802229d8	6144
gSequenceLayers	802241d8	6656
gSequenceChannelNone	80225bd8	192
gLayerFreeList	80225c98	16
gNoteFreeLists	80225ca8	64
gCurrAudioFrameDmaQueue	80225ce8	24
gCurrAudioFrameDmaMesgBufs	80225d00	256
gCurrAudioFrameDmaIoMesgBufs	80225e00	1280
gAudioDmaMesgQueue	80226300	24
gAudioDmaMesg	80226318	4
gAudioDmaIoMesg	80226320	20
sSampleDmas	80226338	1536
gSampleDmaNumListItems	80226938	4
sSampleDmaListSize1	8022693c	4
sUnused80226B40	80226940	4
sSampleDmaReuseQueue1	80226948	256
sSampleDmaReuseQueue2	80226a48	256
sSampleDmaReuseQueueTail1	80226b48	1
sSampleDmaReuseQueueTail2	80226b49	1
sSampleDmaReuseQueueHead1	80226b4a	1
sSampleDmaReuseQueueHead2	80226b4b	1
gSeqFileHeader	80226b4c	4
gAlCtlHeader	80226b50	4
gAlTbl	80226b54	4
gAlBankSets	80226b58	4
gSequenceCount	80226b5c	2
gCtlEntries	80226b60	4
gAiFrequency	80226b64	4
sDmaBufSize	80226b68	4
gMaxAudioCmds	80226b6c	4
gMaxSimultaneousNotes	80226b70	4
gSamplesPerFrameTarget	80226b74	4
gMinAiBufferLength	80226b78	4
gTempoInternalToExternal	80226b7c	2
gAudioUpdatesPerFrame	80226b7e	1
gSoundMode	80226b7f	1
gAudioFrameCount	80226b80	4
gCurrAudioFrameDmaCount	80226b84	4
gAudioTaskIndex	80226b88	4
gCurrAiBufferIndex	80226b8c	4
gAudioCmdBuffers	80226b90	8
gAudioCmd	80226b98	4
gAudioTask	80226b9c	4
gAudioTasks	80226ba0	160
gAiBuffers	80226c40	12
gAiBufferLengths	80226c4c	6
gUnused80226E58	80226c58	64
gUnused80226E98	80226c98	32
gAudioRandom	80226cb8	4
gAudioGlobalsEndMarker	80226cc0	8
gGfxSPTaskOutputBuffer	80227000	126976
_buffersSegmentNoloadEnd	80246000	80
_mainSegmentStart	80246000	80
entry_point	80246000	80
handle_debug_key_sequences	80246050	288
unknown_main_func	80246170	92
stub_main_1	802461cc	16
stub_main_2	802461dc	16
stub_main_3	802461ec	16
setup_mesg_queues	802461fc	228
alloc_pool	802462e0	88
create_thread	80246338	100
handle_nmi_request	8024639c	80
receive_new_tasks	802463ec	304
start_sptask	8024651c	128
interrupt_gfx_sptask	8024659c	80
start_gfx_sptask	802465ec	92
pretend_audio_sptask_done	80246648	84
handle_vblank	8024669c	352
handle_sp_complete	802467fc	336
handle_dp_complete	8024694c	108
thread3_main	802469b8	348
set_vblank_handler	80246b14	96
send_sp_task_message	80246b74	64
dispatch_audio_sptask	80246bb4	92
exec_display_list	80246c10	140
turn_on_audio	80246c9c	28
turn_off_audio	80246cb8	56
thread1_idle	80246cf0	264
main_func	80246df8	112
init_rdp	80246e70	820
init_rsp	802471a4	224
init_z_buffer	80247284	324
select_framebuffer	802473c8	240
clear_framebuffer	802474b8	360
clear_viewport	80247620	556
draw_screen_borders	8024784c	368
make_viewport_clip_rect	802479bc	384
create_gfx_task_structure	80247b3c	400
init_rcp	80247ccc	72
end_master_display_list	80247d14	160
draw_reset_bars	80247db4	340
render_init	80247f08	212
select_gfx_pool	80247fdc	180
display_and_vsync	80248090	336
adjust_analog_stick	80248304	404
run_demo_inputs	80248498	416
read_controller_inputs	80248638	492
init_controllers	80248824	320
setup_game_memory	80248964	396
thread5_game_loop	80248af0	332
reset_volume	80248c40	24
lower_background_noise	80248c58	144
raise_background_noise	80248ce8	144
disable_background_sound	80248d78	72
enable_background_sound	80248dc0	72
set_sound_mode	80248e08	76
play_menu_sounds	80248e54	408
play_painting_eject_sound	80248fec	132
play_infinite_stairs_music	80249070	264
set_background_music	80249178	180
fadeout_music	8024922c	80
fadeout_level_music	8024927c	84
play_cutscene_music	802492d0	64
play_shell_music	80249310	60
stop_shell_music	8024934c	76
play_cap_music	80249398	108
fadeout_cap_music	80249404	68
stop_cap_music	80249448	76
play_menu_sounds_extra	80249494	68
audio_game_loop_tick	802494d8	40
thread4_sound	80249500	220
level_control_timer	802495e0	216
pressed_pause	802496b8	172
set_play_mode	80249764	40
warp_special	8024978c	44
fade_into_special_warp	802497b8	116
stub_level_update_1	8024982c	16
load_level_init_text	8024983c	288
init_door_warp	8024995c	180
set_mario_initial_cap_powerup	80249a10	164
set_mario_initial_action	80249ab4	548
init_mario_after_warp	80249cd8	1100
warp_area	8024a124	104
warp_level	8024a18c	76
warp_credits	8024a1d8	412
check_instant_warp	8024a374	528
music_changed_through_warp	8024a584	380
initiate_warp	8024a700	180
get_painting_warp_node	8024a7b4	168
initiate_painting_warp	8024a85c	368
level_trigger_warp	8024a9cc	1296
initiate_delayed_warp	8024aedc	608
update_hud_values	8024b13c	596
basic_update	8024b390	84
play_mode_normal	8024b3e4	496
play_mode_paused	8024b5d4	248
play_mode_frame_advance	8024b6cc	204
level_set_transition	8024b798	40
play_mode_change_area	8024b7c0	192
play_mode_change_level	8024b880	192
update_level	8024b9b8	212
init_level	8024ba8c	588
lvl_init_or_update	8024bcd8	132
lvl_init_from_save_file	8024bd5c	184
lvl_set_current_level	8024be14	396
lvl_play_the_end_screen_sound	8024bfa0	68
get_mario_cap_flag	8024bff0	200
object_facing_mario	8024c0b8	180
mario_obj_angle_to_object	8024c16c	108
determine_interaction	8024c1d8	836
attack_object	8024c51c	252
mario_stop_riding_object	8024c618	84
mario_grab_used_object	8024c66c	84
mario_drop_held_object	8024c6c0	192
mario_throw_held_object	8024c780	276
mario_stop_riding_and_holding	8024c894	104
does_mario_have_normal_cap_on_head	8024c8fc	44
mario_blow_off_cap	8024c928	320
mario_lose_cap_to_enemy	8024ca68	144
mario_retrieve_cap	8024caf8	96
able_to_grab_object	8024cb58	164
mario_get_collided_object	8024cbfc	128
mario_check_object_grab	8024cc7c	396
bully_knock_back_mario	8024ce08	684
bounce_off_object	8024d0b4	124
hit_object_from_below	8024d130	60
determine_knockback_action	8024d2bc	700
push_mario_out_of_object	8024d578	436
bounce_back_from_attack	8024d72c	216
should_push_or_pull_door	8024d804	172
take_damage_from_interact_object	8024d8b0	232
take_damage_and_knock_back	8024d998	276
reset_mario_pitch	8024daac	128
interact_coin	8024db2c	196
interact_water_ring	8024dbf0	56
interact_star_or_key	8024dc28	548
interact_bbh_entrance	8024de4c	196
interact_warp	8024df10	436
interact_warp_door	8024e0c4	568
get_door_save_file_flag	8024e2fc	292
interact_door	8024e420	716
interact_cannon_base	8024e6ec	140
interact_igloo_barrier	8024e778	92
interact_tornado	8024e7d4	284
interact_whirlpool	8024e8f0	224
interact_strong_wind	8024e9d0	264
interact_flame	8024ead8	380
interact_snufit_bullet	8024ec54	304
interact_clam_or_bubba	8024ed84	192
interact_bully	8024ee44	436
interact_shock	8024eff8	316
interact_mr_blizzard	8024f170	112
interact_hit_from_below	8024f1e0	372
interact_bounce_top	8024f354	344
interact_unknown_08	8024f4ac	176
interact_damage	8024f55c	112
interact_breakable	8024f5cc	216
interact_koopa_shell	8024f6a4	260
check_object_grab_mario	8024f7a8	276
interact_pole	8024f8bc	420
interact_hoot	8024fa60	208
interact_cap	8024fb30	508
interact_grabbable	8024fd2c	320
mario_can_talk	8024fe6c	152
check_read_sign	8024ff04	404
check_npc_talk	80250098	256
interact_text	80250198	152
check_kick_or_punch_wall	80250230	448
mario_process_interactions	802503f0	472
check_death_barrier	802505c8	148
check_lava_boost	8025065c	200
pss_begin_slide	80250724	84
pss_end_slide	80250778	132
mario_handle_special_floors	802507fc	320
is_anim_at_end	80250940	60
is_anim_past_end	8025097c	60
set_mario_animation	802509b8	332
set_mario_anim_with_accel	80250b04	376
set_anim_to_frame	80250c7c	188
is_anim_past_frame	80250d38	284
find_mario_anim_flags_and_translation	80250e54	460
update_mario_pos_for_anim	80251020	188
return_mario_anim_y_translation	802510dc	68
play_sound_if_no_flag	80251120	108
play_mario_jump_sound	8025118c	232
adjust_sound_for_speed	80251274	156
play_sound_and_spawn_particles	80251310	308
play_mario_action_sound	80251444	104
play_mario_landing_sound	802514ac	100
play_mario_landing_sound_once	80251510	100
play_mario_heavy_landing_sound	80251574	100
play_mario_heavy_landing_sound_once	802515d8	100
play_mario_sound	8025163c	204
mario_set_forward_vel	80251708	116
mario_get_floor_class	8025177c	300
mario_get_terrain_sound_addend	802518a8	416
resolve_and_return_wall_collisions	80251a48	180
vec3f_find_ceil	80251afc	88
mario_facing_downhill	80251b54	128
mario_floor_is_slippery	80251bd4	296
mario_floor_is_slope	80251cfc	296
mario_floor_is_steep	80251e24	256
find_floor_height_relative_polar	80251f24	220
find_floor_slope	80252000	416
update_mario_sound_and_camera	802521a0	252
set_steep_jump_action	8025229c	300
set_mario_action	80252cf4	360
set_jump_from_landing	80252e5c	580
set_jumping_action	802530a0	216
drop_and_set_mario_action	80253178	76
hurt_and_set_mario_action	802531c4	84
check_common_action_exits	80253218	232
check_common_hold_action_exits	80253300	228
transition_submerged_to_walking	802533e4	164
set_water_plunge_action	80253488	256
squish_mario_model	80253588	408
debug_print_speed_action_normal	80253720	280
update_mario_button_inputs	80253838	292
update_mario_joystick_inputs	8025395c	260
update_mario_geometry_inputs	80253a60	760
update_mario_inputs	80253d58	360
set_submerged_cam_preset_and_spawn_bubbles	80253ec0	416
update_mario_health	80254060	596
update_mario_info_for_cam	802542b4	132
mario_reset_bodystate	80254338	88
sink_mario_in_quicksand	80254390	88
update_and_return_cap_flags	802543e8	416
mario_update_hitbox_and_cap_model	80254588	480
execute_mario_action	80254830	752
init_mario	80254b20	1060
init_mario_from_save_file	80254f44	312
get_additive_y_vel_for_jumps	80255080	28
stub_mario_step_1	8025509c	20
stub_mario_step_2	802550b0	16
transfer_bully_speed	802550c0	376
init_bully_collision_data	80255238	196
mario_bonk_reflection	802552fc	280
mario_update_quicksand	80255414	576
mario_push_off_steep_floor	80255654	184
mario_update_moving_sand	8025570c	256
mario_update_windy_ground	8025580c	420
stop_and_set_height_to_floor	802559b0	132
stationary_ground_step	80255a34	208
perform_ground_step	80255d88	316
check_ledge_grab	80255ec4	488
perform_air_quarter_step	802560ac	1076
apply_twirl_gravity	802564e0	164
should_strengthen_gravity_for_jump_ascent	80256584	152
apply_gravity	8025661c	988
apply_vertical_wind	802569f8	300
perform_air_step	80256b24	436
set_vel_from_pitch_and_yaw	80256cd8	180
set_vel_from_yaw	80256d8c	112
get_credits_str_width	80256e00	136
print_displaying_credits_entry	80256e88	472
bhv_end_peach_loop	80257060	124
bhv_end_toad_loop	802570dc	188
geo_switch_peach_eyes	80257198	216
get_star_collection_dialog	802572b0	140
handle_save_menu	8025733c	276
spawn_obj_at_mario_rel_yaw	80257450	152
cutscene_take_cap_off	802574e8	96
cutscene_put_cap_on	80257548	96
mario_ready_to_speak	802575a8	152
set_mario_npc_dialog	80257640	264
act_reading_npc_dialog	80257748	568
act_waiting_for_dialog	80257980	140
act_disappeared	80257a0c	164
act_reading_automatic_dialog	80257ab0	564
act_reading_sign	80257ce4	456
act_debug_free_move	80257eac	728
general_star_dance_handler	80258184	668
act_star_dance	80258420	188
act_star_dance_water	802584dc	228
act_fall_after_star_grab	802585c0	268
common_death_handler	802586cc	120
act_standing_death	80258744	168
act_electrocution	802587ec	80
act_suffocation	8025883c	80
act_death_on_back	8025888c	108
act_death_on_stomach	802588f8	108
act_quicksand_death	80258964	280
act_eaten_by_bubba	80258a7c	168
launch_mario_until_land	80258b24	132
act_unlocking_key_door	80258ba8	516
act_unlocking_star_door	80258dac	488
act_entering_star_door	80258f94	720
act_going_through_door	80259264	360
act_warp_door_spawn	802593cc	264
act_emerge_from_pipe	802594d4	308
act_spawn_spin_airborne	80259608	312
act_spawn_spin_landing	80259740	108
act_exit_airborne	802597ac	168
act_falling_exit_airborne	80259854	124
act_exit_land_save_dialog	802598d0	864
act_death_exit	80259c30	184
act_unused_death_exit	80259ce8	140
act_falling_death_exit	80259d74	140
act_special_exit_airborne	80259e00	248
act_special_death_exit	80259ef8	212
act_spawn_no_spin_airborne	80259fcc	116
act_spawn_no_spin_landing	8025a040	124
act_bbh_enter_spin	8025a0bc	984
act_bbh_enter_jump	8025a494	380
act_teleport_fade_out	8025a610	236
act_teleport_fade_in	8025a6fc	348
act_shocked	8025a858	340
act_squished	8025a9ac	1120
act_putting_on_cap	8025ae0c	156
stuck_in_ground_handler	8025aea8	340
act_head_stuck_in_ground	8025affc	84
act_butt_stuck_in_ground	8025b050	84
act_feet_stuck_in_ground	8025b0a4	84
generate_yellow_sparkles	8025bc80	568
mario_execute_cutscene_action	8025d798	1488
add_tree_leaf_particles	8025dd70	172
play_climbing_sounds	8025de1c	232
set_pole_position	8025df04	792
act_holding_pole	8025e21c	908
act_climbing_pole	8025e5a8	508
act_grab_pole_slow	8025e7a4	140
act_grab_pole_fast	8025e830	256
act_top_of_pole_transition	8025e930	256
act_top_of_pole	8025ea30	288
perform_hanging_step	8025eb50	428
update_hang_moving	8025ecfc	468
update_hang_stationary	8025eed0	136
act_start_hanging	8025ef58	348
act_hanging	8025f0b4	304
act_hang_moving	8025f1e4	416
let_go_of_ledge	8025f384	304
climb_up_ledge	8025f4b4	172
update_ledge_climb_camera	8025f560	228
update_ledge_climb	8025f644	124
act_ledge_grab	8025f6c0	688
act_ledge_climb_slow	8025f970	244
act_ledge_climb_down	8025fa64	132
act_ledge_climb_fast	8025fae8	168
act_grabbed	8025fb90	220
act_in_cannon	8025fc6c	1256
act_tornado_twirling	80260154	1044
check_common_automatic_cancels	80260568	104
mario_execute_automatic_action	802605d0	732
check_common_idle_cancels	802608b0	508
check_common_hold_idle_cancels	80260aac	520
act_idle	80260cb4	736
play_anim_sound	80260f94	108
act_start_sleeping	80261000	616
act_sleeping	80261268	660
act_waking_up	802614fc	400
act_shivering	8026168c	588
act_coughing	802618d8	248
act_hold_idle	802619d0	256
act_hold_heavy_idle	80261ad0	296
act_standing_against_wall	80261bf8	244
act_in_quicksand	80261cec	200
act_crouching	80261db4	444
act_panting	80261f70	272
act_hold_panting_unused	80262080	252
stopping_step	8026217c	96
act_braking_stop	802621dc	256
act_butt_slide_stop	802622dc	188
act_hold_butt_slide_stop	80262398	248
act_slide_kick_slide_stop	80262490	160
act_start_crouching	80262530	288
act_stop_crouching	80262650	288
act_start_crawling	80262770	288
act_stop_crawling	80262890	240
act_shockwave_bounce	80262980	580
landing_step	80262bc4	112
check_common_landing_cancels	80262c34	308
act_jump_land_stop	80262d68	92
act_double_jump_land_stop	80262dc4	92
act_side_flip_land_stop	80262e20	116
act_freefall_land_stop	80262e94	92
act_triple_jump_land_stop	80262ef0	96
act_backflip_land_stop	80262f50	156
act_lava_boost_land	80262fec	112
act_long_jump_land_stop	8026305c	156
act_hold_jump_land_stop	802630f8	248
act_hold_freefall_land_stop	802631f0	248
act_air_throw_land	802632e8	204
act_twirl_land	802633b4	344
act_ground_pound_land	8026350c	220
act_first_person	802635e8	412
check_common_stationary_cancels	80263784	276
mario_execute_stationary_action	80263898	1476
tilt_body_running	80263e60	132
play_step_sound	80263ee4	320
align_with_floor	80264024	120
begin_walking_action	8026409c	96
check_ledge_climb_down	802640fc	440
slide_bonk	802642b4	140
set_triple_jump_action	80264340	204
update_sliding_angle	8026440c	820
update_sliding	80264740	1044
apply_slope_accel	80264b54	556
apply_landing_accel	80264d80	152
update_shell_speed	80264e18	616
apply_slope_decel	80265080	304
update_decelerating_speed	802651b0	148
update_walking_speed	80265244	532
should_begin_sliding	80265458	188
analog_stick_held_back	80265514	68
check_ground_dive_or_punch	80265558	200
begin_braking_action	80265620	224
anim_and_audio_for_walk	80265700	1052
anim_and_audio_for_hold_walk	80265b1c	628
anim_and_audio_for_heavy_walk	80265d90	104
push_or_sidle_wall	80265df8	576
tilt_body_walking	80266038	404
tilt_body_ground_shell	802661cc	392
act_walking	80266354	608
act_move_punching	802665b4	384
act_hold_walking	80266734	616
act_hold_heavy_walking	8026699c	348
act_turning_around	80266af8	596
act_finish_turning_around	80266d4c	252
act_braking	80266e48	384
act_decelerating	80266fc8	632
act_hold_decelerating	80267240	708
act_riding_shell_ground	80267504	548
act_crawling	80267728	564
act_burning_ground	8026795c	712
tilt_body_butt_slide	80267c24	192
common_slide_action	80267ce4	704
common_slide_action_with_jump	80267fa4	208
act_butt_slide	80268074	96
act_hold_butt_slide	802680d4	148
act_crouch_slide	80268168	464
act_slide_kick_slide	80268338	372
stomach_slide_action	802684ac	276
act_stomach_slide	802685c0	72
act_hold_stomach_slide	80268608	124
act_dive_slide	80268684	308
common_ground_knockback_action	802687b8	576
act_hard_backward_ground_kb	802689f8	228
act_hard_forward_ground_kb	80268adc	136
act_backward_ground_kb	80268b64	76
act_forward_ground_kb	80268bb0	76
act_soft_backward_ground_kb	80268bfc	76
act_soft_forward_ground_kb	80268c48	76
act_ground_bonk	80268c94	112
act_death_exit_land	80268d04	200
common_landing_action	80268dcc	428
common_landing_cancels	80268f78	400
act_jump_land	80269108	104
act_freefall_land	80269170	104
act_side_flip_land	802691d8	140
act_hold_jump_land	80269264	156
act_hold_freefall_land	80269300	156
act_long_jump_land	8026939c	224
act_double_jump_land	8026947c	104
act_triple_jump_land	802694e4	164
act_backflip_land	80269588	184
quicksand_jump_land_action	80269640	328
act_quicksand_jump_land	80269788	84
act_hold_quicksand_jump_land	802697dc	84
check_common_moving_cancels	80269830	292
mario_execute_moving_action	80269954	1508
play_flip_sounds	80269f40	128
play_far_fall_sound	80269fc0	208
play_knockback_sound	8026a090	156
lava_boost_on_wall	8026a12c	248
check_fall_damage	8026a224	476
check_kick_or_dive_in_air	8026a400	148
should_get_stuck_in_ground	8026a494	260
check_fall_damage_or_get_stuck	8026a598	148
check_horizontal_wind	8026a62c	492
update_air_with_turn	8026a818	560
update_air_without_turn	8026aa48	656
update_lava_boost_or_twirling	8026acd8	388
update_flying_yaw	8026ae5c	424
update_flying_pitch	8026b004	376
update_flying	8026b17c	712
common_air_action_step	8026b444	604
act_jump	8026b6a0	160
act_double_jump	8026b740	212
act_triple_jump	8026b814	248
act_backflip	8026b90c	160
act_freefall	8026b9ac	268
act_hold_jump	8026bab8	252
act_hold_freefall	8026bbb4	268
act_side_flip	8026bcc0	268
act_wall_kick_air	8026bdcc	172
act_long_jump	8026be78	200
act_riding_shell_air	8026bf40	244
act_twirling	8026c034	428
act_dive	8026c1e0	728
act_air_throw	8026c4b8	280
act_water_jump	8026c5d0	360
act_hold_water_jump	8026c738	328
act_steep_jump	8026c880	380
act_ground_pound	8026c9fc	784
act_burning_jump	8026cd0c	324
act_burning_fall	8026ce50	216
act_crazy_box_bounce	8026cf28	648
common_air_knockback_step	8026d1b0	396
check_wall_kick	8026d33c	140
act_backward_air_kb	8026d3c8	116
act_forward_air_kb	8026d43c	116
act_hard_backward_air_kb	8026d4b0	88
act_hard_forward_air_kb	8026d508	88
act_thrown_backward	8026d560	168
act_thrown_forward	8026d608	244
act_soft_bonk	8026d6fc	116
act_getting_blown	8026d770	536
act_air_hit_wall	8026d988	460
act_forward_rollout	8026db54	416
act_backward_rollout	8026dcf4	420
act_butt_slide_air	8026de98	496
act_hold_butt_slide_air	8026e088	556
act_lava_boost	8026e2b4	744
act_slide_kick	8026e59c	628
act_jump_kick	8026e810	344
act_shot_from_cannon	8026e968	664
act_flying	8026ec00	1368
act_riding_hoot	8026f158	404
act_flying_triple_jump	8026f2ec	808
act_top_of_pole_jump	8026f614	76
act_vertical_wind	8026f660	480
act_special_triple_jump	8026f840	472
check_common_airborne_cancels	8026fa18	236
mario_execute_airborne_action	8026fb04	1536
mario_execute_submerged_action	8027499c	1296
animated_stationary_ground_step	80274eb0	96
mario_update_punch_sequence	80274f10	1048
act_punching	80275328	324
act_picking_up	8027546c	400
act_dive_picking_up	802755fc	204
act_placing_down	802756c8	204
act_throwing	80275794	300
act_heavy_throw	802758c0	244
act_stomach_slide_stop	802759b4	204
act_picking_up_bowser	80275a80	180
act_holding_bowser	80275b34	836
act_releasing_bowser	80275e78	148
check_common_object_cancels	80275f0c	212
mario_execute_object_action	80275fe0	496
geo_envfx_main	802761d0	516
geo_skybox_main	802763d4	220
geo_draw_mario_head_goddard	802764b0	204
bhv_toad_message_loop	8027684c	196
bhv_toad_message_init	80276910	400
bhv_unlock_door_star_init	80276bb8	276
bhv_unlock_door_star_loop	80276ccc	708
geo_mirror_mario_set_alpha	802770a4	172
geo_switch_mario_stand_run	80277150	108
geo_switch_mario_eyes	802771bc	216
geo_mario_tilt_torso	80277294	272
geo_mario_head_rotation	802773a4	336
geo_switch_mario_hand	802774f4	216
geo_mario_hand_foot_scaler	802775cc	268
geo_switch_mario_cap_effect	802776d8	104
geo_switch_mario_cap_on_off	80277740	228
geo_mario_rotate_wing_cap_wings	80277824	312
geo_switch_mario_hand_grab_pos	8027795c	440
geo_render_mirror_mario	80277b14	600
geo_mirror_mario_backface_culling	80277d6c	360
set_segment_base_addr	80277ee0	64
get_segment_base_addr	80277f20	48
segmented_to_virtual	80277f50	88
virtual_to_segmented	80277fa8	72
move_segment_table_to_dmem	80277ff0	132
main_pool_init	80278074	172
main_pool_alloc	80278120	280
main_pool_free	80278238	288
main_pool_realloc	80278358	112
main_pool_available	802783c8	32
main_pool_push_state	802783e8	176
main_pool_pop_state	80278498	108
load_segment	8027868c	100
load_to_fixed_pool_addr	802786f0	232
load_segment_decompress	802787d8	220
load_segment_decompress_heap	802788b4	192
load_engine_code_segment	80278974	160
alloc_only_pool_init	80278a14	164
alloc_only_pool_alloc	80278ab8	112
alloc_only_pool_resize	80278b28	112
mem_pool_init	80278b98	192
mem_pool_alloc	80278c58	284
mem_pool_free	80278d74	440
alloc_display_list	80278f2c	116
setup_dma_table_list	80279028	92
load_patchable_table	80279084	212
save_file_do_save	80279840	188
save_file_erase	802798fc	100
save_file_copy	80279960	124
save_file_load_all	802799dc	492
save_file_reload	80279bc8	124
save_file_collect_star_or_key	80279c44	512
save_file_exists	80279e44	60
save_file_get_max_coin_score	80279e80	256
save_file_get_course_star_count	80279f80	144
save_file_get_total_star_count	8027a010	152
save_file_set_flags	8027a0a8	76
save_file_clear_flags	8027a0f4	120
save_file_get_flags	8027a16c	92
save_file_get_star_flags	8027a1c8	116
save_file_set_star_flags	8027a23c	212
save_file_get_course_coin_score	8027a310	48
save_file_is_cannon_unlocked	8027a340	80
save_file_set_cannon_unlocked	8027a390	136
save_file_set_cap_pos	8027a418	148
save_file_get_cap_pos	8027a4ac	184
save_file_set_sound_mode	8027a564	80
save_file_get_sound_mode	8027a5b4	32
save_file_move_cap_to_default_location	8027a5d4	196
disable_warp_checkpoint	8027a698	24
check_if_should_set_warp_checkpoint	8027a6b0	104
check_warp_checkpoint	8027a718	172
override_viewport_and_clip	8027a7d0	108
set_warp_transition_rgb	8027a83c	116
print_intro_text	8027a8b0	140
get_mario_spawn_type	8027a93c	140
area_get_warp_node	8027a9c8	96
area_get_warp_node_from_params	8027aa28	76
load_obj_warp_nodes	8027aa74	144
clear_areas	8027ab04	624
clear_area_graph_nodes	8027ad74	208
load_area	8027ae44	260
unload_area	8027af48	116
load_mario_area	8027afbc	124
unload_mario_area	8027b038	136
change_area	8027b0c0	164
area_update_objects	8027b164	60
play_transition	8027b1a0	444
play_transition_after_delay	8027b35c	88
render_game	8027b3b4	780
geo_set_animation_globals	8027cf38	384
geo_process_held_object	8027da84	996
geo_try_process_children	8027de68	64
geo_process_node_and_siblings	8027dea8	648
geo_process_root	8027e130	684
profiler_log_thread5_time	8027e3e0	176
profiler_log_thread4_time	8027e490	144
profiler_log_gfx_time	8027e520	172
profiler_log_vblank_time	8027e5cc	144
draw_profiler_bar	8027e65c	764
draw_reference_profiler_bars	8027e958	628
draw_profiler_mode_1	8027ebcc	736
draw_profiler_mode_0	8027eeac	1460
draw_profiler	8027f460	116
decompress	8027f4e0	164
set_camera_shake_from_hit	8027f590	808
set_environmental_camera_shake	8027f8b8	312
set_camera_shake_from_point	8027f9f0	388
unused_set_camera_pitch_shake_env	8027fb74	164
calc_y_to_curr_floor	8027fc18	520
focus_on_mario	8027fe20	224
set_camera_height	8027fff8	880
look_down_slopes	80280368	396
pan_ahead_of_player	802804f4	432
find_in_bounds_yaw_wdw_bob_thi	802806a4	364
update_radial_camera	80280810	352
update_8_directions_camera	80280970	400
radial_camera_move	80280b00	1672
lakitu_zoom	80281188	564
radial_camera_input_default	802813bc	48
update_yaw_and_dist_from_c_up	802813ec	128
mode_radial_camera	8028146c	284
mode_8_directions_camera	80281588	280
update_outward_radial_camera	802816a0	348
mode_outward_radial_camera	802817fc	264
update_parallel_tracking_camera	80281904	2428
update_fixed_camera	80282280	1056
update_boss_fight_camera	802826a0	1388
unused_update_mode_5_camera	80282c0c	28
mode_boss_fight_camera	80282c3c	64
mode_parallel_tracking_camera	80282c7c	100
mode_fixed_camera	80282ce0	152
update_behind_mario_camera	80282d78	1480
mode_behind_mario	80283340	568
update_slide_camera	80283578	1132
mode_behind_mario_camera	802839e4	52
nop_update_water_camera	80283a18	28
mode_water_surface_camera	80283a34	52
update_mario_camera	80283a68	144
update_default_camera	80283af8	4544
mode_default_camera	80284cb8	68
mode_lakitu_camera	80284cfc	60
mode_mario_camera	80284d38	60
update_spiral_stairs_camera	80284d74	824
mode_spiral_stairs_camera	802850ac	64
update_slide_or_0f_camera	802850ec	144
mode_slide_camera	802851dc	144
store_lakitu_cam_info_for_c_up	8028526c	136
set_mode_c_up	802852f4	124
exit_c_up	80285370	1176
update_c_up	80285808	156
move_mario_head_c_up	802858a4	392
move_into_c_up	80285a2c	756
mode_c_up_camera	80285d20	440
update_in_cannon	80285ed8	136
mode_cannon_camera	80285f60	220
transition_next_state	8028603c	76
transition_to_camera_mode	80286088	256
set_camera_mode	80286188	664
update_lakitu	80286420	1240
update_camera	802868f8	1648
reset_camera	80286f68	740
init_camera	8028724c	1952
zoom_out_if_paused_and_outside	802879ec	472
select_mario_cam_mode	80287bc4	28
create_camera	80287be0	216
update_graph_node_camera	80287cb8	120
geo_camera_main	80287d30	144
stub_camera_2	80287dc0	20
stub_camera_3	80287dd4	20
vec3f_sub	80287de8	64
object_pos_to_vec3f	80287e28	40
vec3f_to_object_pos	80287e50	40
unused_object_angle_to_vec3s	80287e78	40
evaluate_cubic_spline	80287ea0	1092
move_point_along_spline	802882e4	832
cam_select_alt_mode	80288624	244
set_cam_angle	80288718	368
set_handheld_shake	80288888	296
shake_camera_handheld	802889b0	820
find_c_buttons_pressed	80288ce4	388
update_camera_hud_status	80288e68	244
collide_with_walls	80288f5c	572
vec3f_compare	80289198	124
clamp_pitch	80289214	196
is_within_100_units_of_mario	802892d8	132
set_or_approach_f32_asymptotic	8028935c	152
approach_f32_asymptotic_bool	802893f4	148
approach_f32_asymptotic	80289488	44
approach_s16_asymptotic_bool	802894b4	184
approach_s16_asymptotic	8028956c	164
approach_vec3f_asymptotic	80289610	116
set_or_approach_vec3f_asymptotic	80289684	116
approach_vec3s_asymptotic	802896f8	116
camera_approach_s16_symmetric_bool	8028976c	224
camera_approach_s16_symmetric	8028984c	240
set_or_approach_s16_symmetric	8028993c	144
camera_approach_f32_symmetric_bool	802899cc	320
camera_approach_f32_symmetric	80289b0c	244
random_vec3s	80289c00	288
reduce_by_dist_from_camera	80289d20	616
clamp_positions_and_find_yaw	80289f88	248
calc_avoid_yaw	8028a080	116
is_surf_within_bounding_box	8028a0f4	1016
is_behind_surface	8028a4ec	464
is_range_behind_surface	8028a6bc	304
is_mario_behind_surface	8028a7ec	72
scale_along_line	8028a834	180
is_pos_in_bounds	8028a8e8	320
calculate_pitch	8028aa28	176
calculate_yaw	8028aad8	136
calculate_angles	8028ab60	200
calc_abs_dist	8028ac28	164
calc_hor_dist	8028accc	128
rotate_in_xz	8028ad4c	208
rotate_in_yz	8028ae1c	212
set_camera_pitch_shake	8028aef0	92
set_camera_yaw_shake	8028af4c	192
set_camera_roll_shake	8028b00c	92
set_pitch_shake_from_point	8028b068	180
set_yaw_shake_from_point	8028b11c	180
increment_shake_offset	8028b1d0	72
shake_camera_pitch	8028b218	276
shake_camera_yaw	8028b32c	268
shake_camera_roll	8028b438	212
offset_yaw_outward_radial	8028b50c	536
cutscene_intro_peach_play_message_music	8028b724	48
cutscene_intro_peach_play_lakitu_flying_music	8028b754	48
play_camera_buzz_if_cdown	8028b784	64
play_camera_buzz_if_cbutton	8028b7c4	64
play_camera_buzz_if_c_sideways	8028b804	76
play_sound_cbutton_up	8028b850	52
play_sound_cbutton_down	8028b884	52
play_sound_cbutton_side	8028b8b8	52
play_sound_button_change_blocked	8028b8ec	52
play_sound_rbutton_changed	8028b920	52
play_sound_if_cam_switched_to_lakitu_or_mario	8028b954	112
radial_camera_input	8028b9c4	880
trigger_cutscene_dialog	8028bd34	100
handle_c_button_movement	8028bd98	672
clear_cutscene_vars	8028c038	260
start_cutscene	8028c13c	80
determine_dance_cutscene	8028c18c	224
open_door_cutscene	8028c26c	92
get_cutscene_from_mario_status	8028c2c8	1240
warp_camera	8028c7a0	336
approach_camera_height	8028c8f0	188
stub_camera_4	8028c9ac	32
set_focus_rel_mario	8028c9cc	316
offset_rotated	8028cbf0	420
offset_rotated_coords	8028cd94	88
determine_pushing_or_pulling_door	8028cdec	56
next_lakitu_state	8028ce24	1528
set_camera_mode_fixed	8028d44c	352
set_camera_mode_8_directions	8028d5ac	80
set_camera_mode_boss_fight	8028d5fc	92
set_camera_mode_close_cam	8028d658	64
set_camera_mode_radial	8028d698	260
parallel_tracking_init	8028d79c	236
set_fixed_cam_axis_sa_lobby	8028d888	164
check_blocking_area_processing	8028d92c	236
cam_rr_exit_building_side	8028da18	56
cam_rr_exit_building_top	8028da50	156
cam_rr_enter_building_window	8028daec	76
cam_rr_enter_building	8028db38	124
cam_rr_enter_building_side	8028dbb4	64
cam_cotmc_exit_waterfall	8028dbf4	40
cam_sl_snowman_head_8dir	8028dc1c	84
cam_sl_free_roam	8028dc70	52
move_camera_through_floor_while_descending	8028dca4	164
cam_hmc_enter_maze	8028dd48	228
cam_hmc_elevator_black_hole	8028de2c	48
cam_hmc_elevator_maze_emergency_exit	8028de5c	52
cam_hmc_elevator_lake	8028de90	52
cam_hmc_elevator_maze	8028dec4	52
cam_ssl_enter_pyramid_top	8028def8	44
cam_ssl_pyramid_center	8028df24	72
cam_ssl_boss_room	8028df6c	72
cam_thi_move_cam_through_tunnel	8028dfb4	52
cam_thi_look_through_tunnel	8028dfe8	52
cam_bob_tower	8028e01c	72
cam_bob_default_free_roam	8028e064	52
cam_castle_hmc_start_pool_cutscene	8028e098	84
cam_castle_lobby_entrance	8028e0ec	120
cam_castle_look_upstairs	8028e164	172
cam_castle_basement_look_downstairs	8028e210	136
cam_castle_enter_lobby	8028e298	104
cam_castle_enter_spiral_stairs	8028e300	52
cam_castle_close_mode	8028e38c	44
cam_castle_leave_lobby_sliding_door	8028e3b8	56
cam_castle_enter_lobby_sliding_door	8028e3f0	44
cam_bbh_room_6	8028e41c	52
cam_bbh_fall_off_roof	8028e450	44
cam_bbh_fall_into_pool	8028e47c	168
cam_bbh_room_1	8028e524	56
cam_bbh_leave_front_door	8028e55c	56
cam_bbh_room_2_lower	8028e594	56
cam_bbh_room_4	8028e5cc	56
cam_bbh_room_8	8028e604	56
cam_bbh_room_5_library	8028e63c	56
cam_bbh_room_5_library_to_hidden_transition	8028e674	80
cam_bbh_room_5_hidden_to_library_transition	8028e6c4	80
cam_bbh_room_5_hidden	8028e714	68
cam_bbh_room_3	8028e758	56
cam_bbh_room_7_mr_i	8028e790	56
cam_bbh_room_7_mr_i_to_coffins_transition	8028e7c8	80
cam_bbh_room_7_coffins_to_mr_i_transition	8028e818	80
cam_bbh_elevator_room_lower	8028e868	56
cam_bbh_room_0_back_entrance	8028e8a0	44
cam_bbh_elevator	8028e8cc	100
cam_bbh_room_12_upper	8028e930	68
cam_bbh_enter_front_door	8028e974	44
cam_bbh_room_2_library	8028e9a0	56
cam_bbh_room_2_library_to_trapdoor_transition	8028e9d8	80
cam_bbh_room_2_trapdoor	8028ea28	56
cam_bbh_room_2_trapdoor_transition	8028ea60	80
cam_bbh_room_9_attic	8028eab0	56
cam_bbh_room_9_attic_transition	8028eae8	80
cam_bbh_room_9_mr_i_transition	8028eb38	80
cam_bbh_room_13_balcony	8028eb88	56
cam_bbh_room_0	8028ebc0	68
cam_ccm_enter_slide_shortcut	8028ec04	40
cam_ccm_leave_slide_shortcut	8028ec2c	44
surface_type_modes	8028ec58	216
set_mode_if_not_set_by_surface	8028ed30	104
surface_type_modes_thi	8028ed98	280
camera_course_processing	8028eeb0	1984
resolve_geometry_collisions	8028f670	676
rotate_camera_around_walls	8028f914	904
find_mario_floor_and_ceil	8028fc9c	392
start_object_cutscene	8028fe24	52
start_object_cutscene_without_focus	8028fe58	44
unused_dialog_cutscene_response	8028fe84	128
cutscene_object_with_dialog	8028ff04	196
cutscene_object_without_dialog	8028ffc8	68
cutscene_object	8029000c	140
update_camera_yaw	80290098	72
cutscene_reset_spline	802900e0	36
stop_cutscene_and_retrieve_stored_info	80290104	100
cap_switch_save	80290168	60
init_spline_point	802901a4	88
copy_spline_segment	802901fc	444
cutscene_common_set_dialog_state	802903b8	84
cutscene_intro_peach_start_letter_music	802904a8	60
cutscene_intro_peach_start_flying_music	802904e4	56
reset_pan_distance	8029051c	32
player2_rotate_cam	8029053c	584
store_info_cannon	80290784	112
retrieve_info_cannon	802907f4	112
store_info_star	80290864	132
retrieve_info_star	802908e8	80
pan_camera	802909d0	140
cutscene_shake_explosion	80290a5c	52
rotate_and_move_vec3f	80290abc	152
set_flag_post_door	80290b54	80
cutscene_soften_music	80290ba4	52
cutscene_unsoften_music	80290bd8	48
cutscene_unused_start	80290c1c	20
cutscene_unused_loop	80290c30	20
cutscene_ending_mario_fall_start	80290c44	88
cutscene_ending_mario_fall_focus_mario	80290c9c	244
cutscene_ending_mario_fall	80290d90	112
cutscene_ending_mario_land_closeup	80290e00	116
cutscene_ending_reset_spline	80290e74	60
cutscene_ending_fly_up_to_window	80290eb0	108
cutscene_ending_stars_free_peach	80290f1c	112
cutscene_ending_mario_land	80290f8c	232
cutscene_ending_peach_appear_closeup	80291074	148
cutscene_ending_peach_appears	80291108	192
cutscene_ending_peach_descends_start	802911c8	64
cutscene_ending_follow_peach_descent	80291208	116
cutscene_ending_peach_descent_lower_focus	8029127c	60
cutscene_ending_peach_descent_back_to_mario	802912b8	156
cutscene_ending_peach_descends	80291354	216
cutscene_ending_mario_to_peach	8029142c	160
cutscene_ending_look_up_at_castle	802914cc	72
cutscene_ending_peach_wakeup	80291514	192
cutscene_ending_dialog	802915d4	128
cutscene_ending_kiss_closeup	80291654	100
cutscene_ending_kiss_here_we_go	802916b8	188
cutscene_ending_kiss	80291774	112
cutscene_ending_look_at_sky	802917e4	104
cutscene_ending_zoom_fov	8029184c	36
cutscene_ending_cake_for_mario	80291870	180
cutscene_ending_stop	80291924	64
cutscene_grand_star_start	80291964	120
cutscene_grand_star_front_of_mario	802919dc	216
cutscene_grand_star_mario_jump	80291ab4	100
cutscene_grand_star_accel_cvar2	80291b18	80
cutscene_grand_star_approach_mario	80291b68	140
cutscene_grand_star_move_cvar2	80291bf4	72
cutscene_grand_star_focus_mario	80291c3c	148
cutscene_grand_star	80291cd0	224
cutscene_grand_star_fly_start	80291db0	212
cutscene_grand_star_fly_move_to_mario	80291e84	148
cutscene_grand_star_fly_mario_offscreen	80291f18	288
cutscene_grand_star_fly_app_cvars	80292038	300
cutscene_grand_star_fly	80292164	152
focus_in_front_of_mario	802921fc	144
cutscene_dance_move_to_mario	8029228c	152
cutscene_dance_rotate	80292324	76
cutscene_dance_rotate_move_back	80292370	72
cutscene_dance_rotate_move_towards_mario	802923b8	72
cutscene_dance_default_focus_mario	80292414	56
cutscene_dance_rotate_focus_mario	8029244c	56
cutscene_dance_shake_fov	80292484	52
cutscene_dance_default_rotate	802924b8	368
star_dance_bound_yaw	80292628	180
cutscene_dance_closeup_start	802926dc	244
cutscene_dance_closeup_focus_mario	802927d0	152
cutscene_dance_closeup_fly_above	80292868	268
cutscene_dance_closeup_fly_closer	80292974	172
cutscene_dance_closeup_zoom	80292a20	44
cutscene_dance_closeup_shake_fov	80292a4c	52
cutscene_dance_closeup	80292a80	384
cutscene_dance_fly_away_start	80292c00	384
cutscene_dance_fly_away_approach_mario	80292d80	172
cutscene_dance_fly_away_focus_mario	80292e2c	152
cutscene_pan_cvar9	80292ec4	124
cutscene_dance_fly_rotate_around_mario	80292f40	88
cutscene_dance_fly_away_rotate_while_flying	80292f98	76
cutscene_dance_fly_away_shake_fov	80292fe4	52
cutscene_dance_fly_away	80293018	216
cutscene_key_dance_jump_cvar	802930f0	116
cutscene_key_dance_jump_closeup	80293164	92
cutscene_key_dance_jump_lower_left	802931c0	96
cutscene_key_dance_jump_above	80293220	108
cutscene_key_dance_jump_last	8029328c	104
cutscene_key_dance_shake_fov	802932f4	52
cutscene_key_dance_handheld_shake	80293328	44
cutscene_key_dance_focus_mario	80293354	56
cutscene_key_dance	8029338c	252
cutscene_bowser_area_shake_fov	80293488	44
cutscene_bowser_area_start_bowser_walking	802934b4	36
cutscene_bowser_arena_set_pos	802934d8	112
cutscene_bowser_arena_focus_sine	80293548	152
cutscene_bowser_arena_set_focus	802935e0	68
cutscene_bowser_arena_adjust_offsets	80293624	120
cutscene_bowser_arena_pan_left	8029369c	64
cutscene_bowser_arena_mario_dialog	802936dc	44
cutscene_stop_dialog	80293708	44
cutscene_bowser_arena_start	80293734	180
bowser_fight_intro_dialog	802937e8	132
cutscene_bowser_arena_dialog	8029386c	92
cutscene_bowser_arena_end	802938c8	124
cutscene_bowser_arena	80293944	376
cutscene_star_spawn_store_info	80293abc	44
cutscene_star_spawn_focus_star	80293ae8	136
cutscene_star_spawn_update_boss_fight	80293b70	132
cutscene_star_spawn_fly_back	80293bf4	56
cutscene_star_spawn	80293c2c	132
cutscene_star_spawn_back	80293cb0	172
cutscene_star_spawn_end	80293d5c	52
cutscene_exit_waterfall_warp	80293d90	68
cutscene_exit_to_castle_grounds_focus_mario	80293dd4	168
cutscene_exit_waterfall	80293e7c	92
cutscene_exit_to_castle_grounds_end	80293ed8	84
cutscene_exit_fall_to_castle_grounds_warp	80293f2c	68
cutscene_exit_fall_to_castle_grounds	80293f70	92
cutscene_red_coin_star_start	80293fcc	88
cutscene_red_coin_star_focus_xz	80294024	100
cutscene_red_coin_star_focus_y	80294088	68
cutscene_red_coin_star_look_up_at_star	802940cc	64
cutscene_red_coin_star_warp	8029410c	448
cutscene_red_coin_star_set_fov	802942cc	36
cutscene_red_coin_star	802942f0	228
cutscene_red_coin_star_end	802943d4	84
cutscene_goto_cvar_pos	80294428	752
cutscene_prepare_cannon_start	80294718	140
cutscene_prepare_cannon_fly_to_cannon	802947a4	104
cannon_approach_prev	8029480c	148
cutscene_prepare_cannon_fly_back	802948a0	372
cutscene_prepare_cannon	80294a14	128
cutscene_prepare_cannon_end	80294a94	84
water_death_move_to_mario_side	80294ae8	144
death_goto_mario	80294b78	60
cutscene_death_standing_start	80294bb4	116
cutscene_death_standing_goto_mario	80294c28	52
cutscene_death_standing	80294c5c	104
cutscene_death_stomach_start	80294cc4	132
cutscene_death_stomach_goto_mario	80294d48	64
cutscene_death_stomach	80294db4	112
cutscene_bbh_death_start	80294e24	132
cutscene_bbh_death_goto_mario	80294ea8	64
cutscene_bbh_death	80294ee8	112
cutscene_quicksand_death_start	80294f58	60
cutscene_quicksand_death_goto_mario	80294f94	88
cutscene_quicksand_death	80294fec	196
cutscene_suffocation_fly_away	802950b0	144
cutscene_suffocation_stay_above_gas	80295140	176
cutscene_suffocation_rotate	802951f0	128
cutscene_suffocation	80295270	160
cutscene_enter_pool_start	80295310	204
cutscene_enter_pool_loop	802953dc	60
cutscene_enter_pool	80295418	104
cutscene_pyramid_top_explode_start	80295480	108
cutscene_pyramid_top_explode_zoom_in	802954ec	44
cutscene_pyramid_top_explode_focus	80295518	104
cutscene_pyramid_top_explode_warp	80295580	240
cutscene_pyramid_top_explode_closeup	80295670	208
cutscene_pyramid_top_explode_cam_shake	80295740	44
cutscene_pyramid_top_explode_warp_back	8029576c	92
cutscene_pyramid_top_explode	802957c8	204
cutscene_pyramid_top_explode_end	80295894	64
cutscene_enter_pyramid_top_start	802958d4	92
cutscene_enter_pyramid_top	80295930	156
cutscene_dialog_start	80295a58	408
cutscene_dialog_move_mario_shoulder	80295bf0	564
cutscene_dialog_create_dialog_box	80295e24	104
cutscene_dialog	80295e8c	292
cutscene_dialog_set_flag	80295fb0	40
cutscene_dialog_end	80295fd8	72
cutscene_read_message_start	80296020	144
cutscene_read_message	80296160	360
cutscene_read_message_set_flag	802962c8	40
cutscene_read_message_end	802962f0	40
cutscene_exit_succ_start	80296318	160
cutscene_non_painting_set_cam_pos	802963b8	372
cutscene_non_painting_set_cam_focus	8029652c	304
cutscene_exit_bowser_succ_focus_left	8029665c	64
cutscene_exit_bowser_key_toss_shake	8029669c	72
cutscene_exit_succ_shake_landing	802966e4	44
cutscene_exit_bowser_succ	80296710	180
cutscene_non_painting_end	802967c4	152
cutscene_exit_non_painting_succ_override_cvar	8029685c	68
cutscene_exit_non_painting_succ	802968a0	188
cutscene_non_painting_death_start	8029695c	156
cutscene_exit_bowser_death	802969f8	108
cutscene_non_painting_death_override_offset	80296a64	204
cutscene_non_painting_death	80296b30	152
cutscene_cap_switch_press_start	80296bc8	132
cutscene_cap_switch_press_rotate_around_mario	80296c4c	276
cutscene_cap_switch_press_lower_cam	80296d60	72
cutscene_cap_switch_press_approach_mario	80296da8	268
cutscene_cap_switch_press_pan_left	80296eb4	132
cutscene_cap_switch_press_create_dialog	80296f38	56
cutscene_cap_switch_press	80296fa8	416
cutscene_unlock_key_door_start	80297148	196
cutscene_unlock_key_door_approach_mario	8029720c	132
cutscene_unlock_key_door_focus_lock	80297290	92
cutscene_unlock_key_door_stub	802972ec	20
cutscene_unlock_key_door_fly_back	80297300	132
cutscene_unlock_key_door_fov_shake	80297384	44
cutscene_unlock_key_door	802973b0	180
intro_peach_move_camera_start_to_pipe	80297464	252
peach_letter_text	80297560	44
play_sound_peach_reading_letter	8029758c	56
cutscene_intro_peach_start_to_pipe_spline	802975c4	104
cutscene_intro_peach_dialog	8029762c	144
cutscene_intro_peach_follow_pipe_spline	802976bc	108
cutscene_intro_peach_clear_cutscene_status	80297728	32
cutscene_intro_peach_zoom_fov	80297748	60
cutscene_intro_peach_reset_spline	80297784	68
cutscene_intro_peach_handheld_shake_off	802977c8	44
intro_pipe_exit_text	802977f4	44
play_sound_intro_turn_on_hud	80297820	44
cutscene_intro_peach_fly_to_pipe	8029784c	188
cutscene_intro_peach_mario_appears	80297908	304
cutscene_intro_peach_reset_fov	80297a38	44
cutscene_intro_peach_letter	80297a64	244
cutscene_end_waving_start	80297b58	44
cutscene_end_waving	80297b84	144
cutscene_credits_reset_spline	80297c14	44
cutscene_credits	80297c40	1180
cutscene_sliding_doors_open_start	802980dc	192
cutscene_sliding_doors_open_set_cvars	8029819c	124
cutscene_sliding_doors_go_under_doorway	80298218	60
cutscene_sliding_doors_fly_back_up	80298254	60
cutscene_sliding_doors_follow_mario	80298290	292
cutscene_sliding_doors_open	802983b4	164
cutscene_double_doors_end	80298458	72
cutscene_enter_painting_stub	802984a0	20
cutscene_enter_painting	802984b4	764
cutscene_exit_painting_start	802987b0	412
cutscene_exit_painting_move_to_mario	8029894c	156
cutscene_exit_painting_move_to_floor	802989e8	272
cutscene_exit_painting	80298af8	168
cutscene_unused_exit_start	80298ba0	140
cutscene_unused_exit_focus_mario	80298c2c	160
cutscene_exit_painting_end	80298ccc	120
cutscene_enter_cannon_end	80298d44	88
cutscene_enter_cannon_raise	80298d9c	588
cutscene_enter_cannon_start	80298fe8	280
cutscene_door_start	80299100	84
cutscene_door_fix_cam	80299154	84
cutscene_door_loop	802991a8	72
cutscene_door_move_behind_mario	802991f0	220
cutscene_door_follow_mario	802992cc	148
cutscene_door_end	80299360	164
cutscene_door_mode	80299404	228
play_cutscene	802994e8	3600
cutscene_event	8029a2f8	132
cutscene_spawn_obj	8029a37c	56
set_fov_shake	8029a3b4	104
set_fov_shake_from_point	8029a41c	180
shake_camera_fov	8029a4d0	236
set_fov_30	8029a5e8	36
approach_fov_20	8029a60c	64
set_fov_45	8029a64c	36
set_fov_29	8029a670	36
zoom_fov_30	8029a694	96
fov_default	8029a6f4	296
approach_fov_30	8029a858	60
approach_fov_60	8029a894	60
approach_fov_45	8029a8d0	152
approach_fov_80	8029a968	60
set_fov_bbh	8029a9a4	152
geo_camera_fov	8029aa3c	344
set_fov_function	8029ab94	28
cutscene_set_fov_shake_preset	8029abb0	128
set_fov_shake_from_point_preset	8029ac30	336
obj_rotate_towards_point	8029aef8	160
intro_peach_set_pos_and_opacity	8029af98	244
bhv_intro_peach_loop	8029b08c	512
intro_lakitu_set_offset_from_camera	8029b28c	204
intro_lakitu_set_focus	8029b358	112
intro_lakitu_set_pos_and_focus	8029b3c8	212
bhv_intro_lakitu_loop	8029b49c	2376
bhv_end_birds_1_loop	8029bde4	384
bhv_end_birds_2_loop	8029bf64	384
spawn_child_obj_relative	8029c0e4	368
bhv_intro_scene_loop	8029c254	1296
nop_change_course	8029c770	16
copy_mario_state_to_object	8029c780	588
spawn_particle	8029c9cc	140
bhv_mario_update	8029ca58	220
update_objects_starting_at	8029cb34	148
update_objects_during_time_stop	8029cbc8	352
update_objects_in_list	8029cd28	112
unload_deactivated_objects_in_list	8029cd98	192
set_object_respawn_info_bits	8029ce58	132
unload_objects_from_area	8029cedc	212
spawn_objects_from_info	8029cfb0	552
stub_obj_list_processor_1	8029d1d8	16
clear_objects	8029d1e8	316
update_terrain_objects	8029d324	80
update_non_terrain_objects	8029d374	180
unload_deactivated_objects	8029d428	168
update_objects	8029d690	500
geo_update_projectile_pos_from_parent	8029d890	148
geo_update_layer_transparency	8029d924	548
geo_switch_anim_state	8029db48	140
geo_switch_area	8029dbd4	256
obj_update_pos_from_parent_transformation	8029dcd4	212
obj_apply_scale_to_matrix	8029dda8	216
create_transformation_from_matrices	8029de80	816
obj_set_held_state	8029e1b0	204
lateral_dist_between_objects	8029e27c	124
dist_between_objects	8029e2f8	160
cur_obj_forward_vel_approach_upward	8029e398	80
approach_f32_signed	8029e3e8	172
approach_f32_symmetric	8029e494	156
approach_s16_symmetric	8029e530	188
cur_obj_rotate_yaw_toward	8029e5ec	168
obj_angle_to_object	8029e694	128
obj_turn_toward_object	8029e714	424
obj_set_parent_relative_pos	8029e8bc	88
obj_set_pos	8029e914	88
obj_set_angle	8029e96c	64
spawn_object_abs_with_rot	8029e9ac	120
spawn_object_rel_with_rot	8029ea24	136
spawn_obj_with_transform_flags	8029eaac	88
spawn_water_droplet	8029eb04	540
spawn_object_at_origin	8029ed20	172
spawn_object	8029edcc	88
try_to_spawn_object	8029ee24	148
spawn_object_with_scale	8029eeb8	104
spawn_object_relative	8029ef64	152
spawn_object_relative_with_scale	8029effc	116
cur_obj_move_using_vel	8029f070	88
obj_copy_graph_y_offset	8029f0c8	24
obj_copy_pos_and_angle	8029f0e0	64
obj_copy_pos	8029f120	40
obj_copy_angle	8029f148	64
obj_set_gfx_pos_from_pos	8029f188	40
obj_init_animation	8029f1b0	80
linear_mtxf_mul_vec3f	8029f200	116
linear_mtxf_transpose_mul_vec3f	8029f274	120
obj_apply_scale_to_transform	8029f2ec	188
obj_copy_scale	8029f3a8	40
obj_scale_xyz	8029f3d0	52
obj_scale	8029f404	44
cur_obj_scale	8029f430	52
cur_obj_init_animation	8029f464	80
cur_obj_init_animation_with_sound	8029f4b4	96
cur_obj_init_animation_with_accel_and_sound	8029f514	136
obj_init_animation_with_sound	8029f59c	100
cur_obj_enable_rendering_and_become_tangible	8029f600	32
cur_obj_enable_rendering	8029f620	36
cur_obj_disable_rendering_and_become_intangible	8029f644	40
cur_obj_disable_rendering	8029f66c	40
cur_obj_unhide	8029f694	40
cur_obj_hide	8029f6bc	36
cur_obj_set_pos_relative	8029f6e0	248
cur_obj_set_pos_relative_to_parent	8029f7d8	72
cur_obj_enable_rendering_2	8029f820	40
cur_obj_unused_init_on_floor	8029f848	164
obj_set_face_angle_to_move_angle	8029f8ec	40
get_object_list_from_behavior	8029f914	72
cur_obj_nearest_object_with_behavior	8029f95c	60
cur_obj_dist_to_nearest_object_with_behavior	8029f998	84
cur_obj_find_nearest_object_with_behavior	8029f9ec	304
find_unimportant_object	8029fb1c	76
count_unimportant_objects	8029fb68	116
count_objects_with_behavior	8029fbdc	192
cur_obj_find_nearby_held_actor	8029fc9c	240
cur_obj_change_action	8029fdb4	76
cur_obj_set_vel_from_mario_vel	8029fe00	108
cur_obj_reverse_animation	8029fe6c	56
cur_obj_extend_animation_if_at_end	8029fea4	96
cur_obj_check_if_near_animation_end	8029ff04	160
cur_obj_check_if_at_animation_end	8029ffa4	100
cur_obj_check_anim_frame	802a0008	72
cur_obj_check_anim_frame_in_range	802a0050	92
cur_obj_check_frame_prior_current_frame	802a00ac	104
mario_is_in_air_action	802a0114	64
mario_is_dive_sliding	802a0154	68
cur_obj_set_y_vel_and_animation	802a0198	64
cur_obj_unrender_set_action_and_anim	802a01d8	92
cur_obj_get_thrown_or_placed	802a0380	244
cur_obj_get_dropped	802a0474	76
cur_obj_set_model	802a04c0	48
mario_set_flag	802a04f0	36
cur_obj_clear_interact_status_flag	802a0514	84
obj_mark_for_deletion	802a0568	20
cur_obj_disable	802a057c	56
cur_obj_become_intangible	802a05b4	32
cur_obj_become_tangible	802a05d4	28
obj_become_tangible	802a05f0	20
cur_obj_update_floor_height	802a0604	72
cur_obj_update_floor_height_and_get_floor	802a064c	80
cur_obj_apply_drag_xz	802a079c	76
cur_obj_move_y	802a0e68	632
cur_obj_unused_resolve_wall_collisions	802a113c	108
abs_angle_diff	802a11a8	100
cur_obj_move_xz_using_fvel_and_yaw	802a120c	152
cur_obj_move_y_with_terminal_vel	802a12a4	100
cur_obj_compute_vel_xz	802a1308	104
increment_velocity_toward_range	802a1370	180
obj_check_if_collided_with_object	802a1424	104
cur_obj_set_behavior	802a148c	56
obj_set_behavior	802a14c4	56
cur_obj_has_behavior	802a14fc	88
obj_has_behavior	802a1554	88
cur_obj_lateral_dist_from_mario_to_home	802a15ac	136
cur_obj_lateral_dist_to_home	802a1634	120
cur_obj_outside_home_square	802a16ac	200
cur_obj_outside_home_rectangle	802a1774	216
cur_obj_set_pos_to_home	802a184c	64
cur_obj_set_pos_to_home_and_stop	802a188c	80
cur_obj_shake_y	802a18dc	84
cur_obj_start_cam_event	802a1930	48
set_mario_interact_true_if_in_range	802a1960	76
obj_set_billboard	802a19ac	28
cur_obj_set_hitbox_radius_and_height	802a19c8	40
cur_obj_set_hurtbox_radius_and_height	802a19f0	40
obj_spawn_loot_blue_coins	802a1b34	88
obj_spawn_loot_yellow_coins	802a1b8c	80
cur_obj_spawn_loot_coin_at_mario_pos	802a1bdc	140
cur_obj_abs_y_dist_to_home	802a1c68	92
cur_obj_advance_looping_anim	802a1cc4	184
cur_obj_resolve_wall_collisions	802a1f3c	440
cur_obj_update_floor_and_walls	802a2320	40
cur_obj_move_standard	802a2348	392
cur_obj_move_using_vel_and_gravity	802a25b4	144
cur_obj_move_using_fvel_and_gravity	802a2644	48
obj_set_pos_relative	802a2674	212
cur_obj_angle_to_home	802a2748	104
obj_set_gfx_pos_at_obj_pos	802a27b0	84
obj_translate_local	802a2804	300
obj_build_transform_from_pos_and_angle	802a2930	232
obj_set_throw_matrix_from_transform	802a2a18	108
obj_build_transform_relative_to_parent	802a2a84	164
obj_create_transform_from_self	802a2b28	68
cur_obj_rotate_move_angle_using_vel	802a2b6c	88
cur_obj_rotate_face_angle_using_vel	802a2bc4	88
cur_obj_set_face_angle_to_move_angle	802a2c1c	64
cur_obj_follow_path	802a2c5c	632
chain_segment_init	802a2ed4	64
random_f32_around_zero	802a2f14	72
obj_scale_random	802a2f5c	100
obj_translate_xyz_random	802a2fc0	204
obj_translate_xz_random	802a308c	152
cur_obj_set_pos_via_transform	802a31e0	136
cur_obj_reflect_move_angle_off_wall	802a3268	68
cur_obj_spawn_particles	802a32ac	504
obj_set_hitbox	802a34a4	352
signum_positive	802a3604	48
absf	802a3634	64
absi	802a3674	48
cur_obj_wait_then_blink	802a36a4	176
cur_obj_is_mario_ground_pounding_platform	802a3754	88
spawn_mist_particles	802a37ac	48
spawn_mist_particles_with_sound	802a37dc	60
cur_obj_push_mario_away	802a3818	244
cur_obj_push_mario_away_from_cylinder	802a390c	144
bhv_dust_smoke_loop	802a399c	160
cur_obj_set_action_table	802a3a4c	60
cur_obj_progress_action_table	802a3a88	160
stub_obj_helpers_3	802a3b28	24
cur_obj_scale_over_time	802a3b40	216
cur_obj_set_pos_to_home_with_debug	802a3c18	212
stub_obj_helpers_4	802a3cec	16
cur_obj_is_mario_on_platform	802a3cfc	68
cur_obj_shake_y_until	802a3d40	148
jiggle_bbh_stair	802a3dd4	92
cur_obj_call_action_function	802a3e30	80
spawn_base_star_with_no_lvl_exit	802a3ef8	44
bit_shift_left	802a3f24	36
cur_obj_mario_far_away	802a3f48	260
is_mario_moving_fast_or_in_air	802a404c	108
is_item_in_array	802a40b8	88
bhv_init_room	802a4120	240
cur_obj_enable_rendering_if_mario_in_room	802a4210	336
cur_obj_set_hitbox_and_die_if_attacked	802a4360	224
obj_explode_and_spawn_coins	802a4440	180
obj_set_collision_data	802a44f4	56
cur_obj_if_hit_wall_bounce_away	802a452c	56
cur_obj_hide_if_mario_far_away_y	802a4564	128
geo_offset_klepto_held_object	802a45e4	72
geo_offset_klepto_debug	802a462c	160
obj_is_hidden	802a46cc	56
enable_time_stop	802a4704	36
disable_time_stop	802a4728	40
set_time_stop_flags	802a4750	36
clear_time_stop_flags	802a4774	44
cur_obj_can_mario_activate_textbox	802a47a0	284
cur_obj_can_mario_activate_textbox_2	802a48bc	64
cur_obj_update_dialog	802a4960	644
cur_obj_update_dialog_with_cutscene	802a4be4	800
cur_obj_has_model	802a4f04	84
cur_obj_align_gfx_with_floor	802a4f58	220
mario_is_within_rectangle	802a5034	200
cur_obj_shake_screen	802a50fc	64
obj_attack_collided_from_other_object	802a513c	112
cur_obj_was_attacked_or_ground_pounded	802a51ac	124
obj_copy_behavior_params	802a5228	32
cur_obj_init_animation_and_anim_frame	802a5248	64
cur_obj_init_animation_and_check_if_near_end	802a5288	60
cur_obj_init_animation_and_extend_if_at_end	802a52c4	52
cur_obj_check_grabbed_mario	802a52f8	96
player_performed_grab_escape_action	802a5358	180
cur_obj_unused_play_footstep_sound	802a540c	84
enable_time_stop_including_mario	802a5460	56
disable_time_stop_including_mario	802a5498	64
cur_obj_check_interacted	802a54d8	76
cur_obj_spawn_loot_blue_coin	802a5524	100
cur_obj_spawn_star_at_y_offset	802a5588	144
star_door_update_pos	802a5620	156
bhv_star_door_loop	802a56bc	544
bhv_piranha_particle_loop	802a58dc	160
mr_i_piranha_particle_act_0	802a597c	200
mr_i_piranha_particle_act_1	802a5a44	92
bhv_mr_i_particle_loop	802a5aa0	44
spawn_mr_i_particle	802a5acc	264
bhv_mr_i_body_loop	802a5bd4	376
mr_i_act_3	802a5d4c	1996
mr_i_act_2	802a6518	904
mr_i_act_1	802a68a0	568
mr_i_act_0	802a6ad8	164
bhv_mr_i_loop	802a6b7c	164
bhv_pole_init	802a6c20	84
bhv_giant_pole_loop	802a6c74	128
bhv_thi_huge_island_top_loop	802a6cf4	112
bhv_thi_tiny_island_top_loop	802a6d64	384
cap_switch_act_0	802a6ee4	316
cap_switch_act_1	802a7020	108
cap_switch_act_2	802a708c	212
cap_switch_act_3	802a7160	16
bhv_cap_switch_loop	802a7170	44
geo_update_held_mario_pos	802a719c	148
bhv_bobomb_anchor_mario_loop	802a7230	52
king_bobomb_act_0	802a7264	288
mario_is_far_below_object	802a7384	84
king_bobomb_act_2	802a73d8	448
king_bobomb_act_3	802a7598	620
king_bobomb_act_1	802a7804	212
king_bobomb_act_6	802a78d8	392
king_bobomb_act_7	802a7a60	188
king_bobomb_act_8	802a7b1c	64
king_bobomb_act_4	802a7b5c	440
king_bobomb_act_5	802a7d14	680
king_bobomb_move	802a7fbc	168
bhv_king_bobomb_loop	802a8064	264
bhv_beta_chest_bottom_init	802a816c	124
bhv_beta_chest_bottom_loop	802a81e8	52
bhv_beta_chest_lid_loop	802a821c	340
bhv_water_air_bubble_init	802a8370	48
bhv_water_air_bubble_loop	802a83a0	656
bhv_bubble_wave_init	802a8630	140
scale_bubble_random	802a86bc	80
bhv_bubble_maybe_loop	802a870c	408
bhv_small_water_wave_loop	802a88a4	404
scale_bubble_sin	802a8a38	224
bhv_particle_init	802a8b18	168
bhv_particle_loop	802a8bc0	200
bhv_small_bubbles_loop	802a8c88	84
bhv_fish_group_loop	802a8cdc	108
bhv_water_waves_init	802a8d48	80
bhv_cannon_base_unused_loop	802a8d98	40
opened_cannon_act_0	802a8dc0	384
opened_cannon_act_4	802a8f40	468
opened_cannon_act_6	802a9114	488
opened_cannon_act_5	802a92fc	252
opened_cannon_act_1	802a93f8	72
opened_cannon_act_2	802a9440	32
opened_cannon_act_3	802a9460	56
bhv_cannon_base_loop	802a9498	96
bhv_cannon_barrel_loop	802a94f8	148
common_anchor_mario_behavior	802a958c	380
bhv_chuckya_anchor_mario_loop	802a9708	52
unknown_chuckya_function	802a973c	392
approach_forward_vel	802a98c4	208
chuckya_act_0	802a9994	884
chuckya_act_1	802a9d08	588
chuckya_act_3	802a9f54	116
chuckya_act_2	802a9fc8	100
chuckya_move	802aa02c	128
bhv_chuckya_loop	802aa0ac	268
bhv_wf_breakable_wall_loop	802aa1b8	200
check_mario_attacking	802aa280	328
init_kickable_board_rock	802aa3c8	44
bhv_kickable_board_loop	802aa3f4	780
bhv_tower_door_loop	802aa700	116
bhv_wf_rotating_wooden_platform_loop	802aa774	188
bhv_rotating_platform_loop	802aa830	280
set_koopa_shell_underwater_hitbox	802aa948	52
bhv_koopa_shell_underwater_loop	802aa97c	228
bhv_warp_loop	802aaa60	244
bhv_fading_warp_loop	802aab54	244
bhv_white_puff_exploding_loop	802aac48	580
spawn_mist_particles_variable	802aae8c	188
bhv_spawned_star_init	802aaf48	180
set_sparkle_spawn_star_hitbox	802aaffc	100
set_home_to_mario	802ab060	248
set_y_home_to_pos	802ab158	52
slow_star_rotation	802ab18c	60
bhv_spawned_star_loop	802ab1c8	912
bhv_spawn_star_no_level_exit	802ab558	112
bhv_coin_sparkles_init	802ab5c8	136
bhv_yellow_coin_init	802ab650	188
bhv_yellow_coin_loop	802ab70c	60
bhv_temp_coin_loop	802ab748	92
bhv_spawned_coin_init	802ab7a4	188
bhv_spawned_coin_loop	802ab860	480
bhv_coin_formation_spawn_loop	802aba40	452
spawn_coin_in_formation	802abc04	736
bhv_coin_formation_init	802abee4	40
bhv_coin_formation_loop	802abf0c	348
coin_inside_boo_act_1	802ac068	244
coin_inside_boo_act_0	802ac15c	312
bhv_coin_inside_boo_loop	802ac294	44
bhv_coin_sparkles_loop	802ac2c0	44
bhv_golden_coin_sparkles_loop	802ac2ec	188
bhv_punch_tiny_triangle_loop	802ac3a8	248
bhv_punch_tiny_triangle_init	802ac4a0	276
bhv_wall_tiny_star_particle_loop	802ac5b4	196
bhv_tiny_star_particles_init	802ac678	276
bhv_pound_tiny_star_particle_loop	802ac78c	216
bhv_pound_tiny_star_particle_init	802ac864	172
door_animation_and_reset	802ac910	72
set_door_camera_event	802ac958	120
play_door_open_noise	802ac9d0	156
play_warp_door_open_noise	802aca6c	92
bhv_door_loop	802acac8	372
bhv_door_init	802acc3c	580
bhv_star_door_loop_2	802ace80	504
grindel_thwomp_act_idle_at_bottom	802ad078	148
grindel_thwomp_act_lower	802ad10c	152
grindel_thwomp_act_land	802ad1a4	148
grindel_thwomp_act_idle_at_top	802ad238	152
grindel_thwomp_act_raise	802ad2d0	124
bhv_grindel_thwomp_loop	802ad34c	44
bhv_tumbling_bridge_platform_loop	802ad378	520
tumbling_bridge_act_1	802ad580	492
tumbling_bridge_act_2	802ad76c	136
tumbling_bridge_act_3	802ad7f4	52
tumbling_bridge_act_0	802ad828	104
bhv_tumbling_bridge_loop	802ad890	44
elevator_starting_shake	802ad8bc	52
elevator_act_0	802ad8f0	348
elevator_act_1	802ada4c	316
elevator_act_2	802adb88	348
elevator_act_4	802adce4	140
elevator_act_3	802add70	136
bhv_elevator_init	802addf8	372
bhv_elevator_loop	802adf6c	44
bhv_water_mist_spawn_loop	802adf98	64
bhv_water_mist_loop	802adfd8	244
spawn_triangle_break_particles	802ae0cc	364
bhv_water_mist_2_loop	802ae238	204
bhv_pound_white_puffs_init	802ae304	48
spawn_mist_from_global	802ae334	44
bhv_ground_sand_init	802ae360	52
spawn_smoke_with_velocity	802ae394	200
clear_particle_flags	802ae45c	48
bhv_ground_snow_init	802ae48c	52
spawn_wind_particles	802ae4c0	116
bhv_wind_loop	802ae534	808
bhv_unused_particle_spawn_loop	802ae85c	172
bhv_ukiki_cage_star_loop	802ae908	356
ukiki_cage_act_wait_for_ukiki	802aea6c	76
ukiki_cage_act_spin	802aeab8	100
ukiki_cage_act_fall	802aeb1c	88
ukiki_cage_act_hide	802aeb74	40
bhv_ukiki_cage_loop	802aeb9c	44
bhv_squishable_platform_loop	802aebc8	120
bhv_bitfs_sinking_platform_loop	802aec40	104
bhv_ddd_moving_pole_loop	802aeca8	52
bhv_bitfs_sinking_cage_platform_loop	802aecdc	228
bhv_beta_moving_flames_spawn_loop	802aedc0	228
bhv_beta_moving_flames_loop	802aeea4	120
bhv_flamethrower_flame_loop	802aef1c	716
bhv_flamethrower_loop	802af1e8	532
bhv_rr_rotating_bridge_platform_loop	802af3fc	76
bhv_bouncing_fireball_flame_loop	802af448	432
bhv_bouncing_fireball_loop	802af5f8	460
bhv_bowser_shock_wave_loop	802af7c4	520
bhv_black_smoke_upward_loop	802af9cc	64
bhv_black_smoke_bowser_loop	802afa0c	216
bhv_black_smoke_mario_loop	802afae4	276
bhv_flame_mario_loop	802afbf8	236
bhv_beta_fish_splash_spawner_loop	802afce4	56
bhv_spindrift_loop	802afd1c	460
bhv_wf_solid_tower_platform_loop	802afee8	72
bhv_wf_elevator_tower_platform_loop	802aff30	436
bhv_wf_sliding_tower_platform_loop	802b00e4	352
spawn_and_init_wf_platforms	802b0244	344
spawn_wf_platform_group	802b039c	280
bhv_tower_platform_group_loop	802b04b4	352
bhv_tree_snow_or_leaf_loop	802b0614	864
bhv_snow_leaf_particle_spawn_init	802b0974	552
square_plat_set_yaw_until_timer	802b0b9c	80
bhv_squarish_path_moving_loop	802b0bec	348
bhv_piranha_plant_waking_bubbles_loop	802b0d48	168
bhv_piranha_plant_bubble_loop	802b0df0	1160
bhv_purple_switch_loop	802b1278	636
check_if_moving_over_floor	802b14f4	244
bhv_pushable_loop	802b15e8	300
breakable_box_init	802b1714	224
hidden_breakable_box_actions	802b17f4	484
hidden_wdw_platform_actions	802b19d8	264
bhv_hidden_object_loop	802b1ae0	76
bhv_breakable_box_loop	802b1b2c	132
geo_move_mario_part_from_parent	802b1bb0	164
bhv_heave_ho_throw_mario_loop	802b1c54	296
heave_ho_act_1	802b1d7c	240
heave_ho_act_2	802b1e6c	392
heave_ho_act_3	802b1ff4	172
heave_ho_act_0	802b20a0	180
heave_ho_move	802b2154	292
bhv_heave_ho_loop	802b2278	200
bhv_ccm_touched_star_spawn_loop	802b2340	160
bhv_unused_poundable_platform	802b23e0	180
bhv_beta_trampoline_spring_loop	802b2494	280
bhv_beta_trampoline_top_loop	802b25ac	248
jumping_box_act_0	802b26a4	308
jumping_box_act_1	802b27d8	76
jumping_box_free_update	802b2824	104
bhv_jumping_box_loop	802b288c	300
bhv_boo_cage_loop	802b29b8	528
spawn_sparkle_particles	802b2bc8	328
bhv_alpha_boo_key_loop	802b2d10	156
bhv_beta_boo_key_loop	802b3108	44
arc_to_goal_pos	802b3134	284
grand_star_zero_velocity	802b3250	76
bhv_grand_star_loop	802b329c	868
bhv_bowser_key_loop	802b3600	440
bhv_white_puff_smoke_init	802b37b8	88
bhv_bullet_bill_init	802b3810	32
bullet_bill_act_0	802b3830	136
bullet_bill_act_1	802b38b8	148
bullet_bill_act_2	802b394c	444
bullet_bill_act_3	802b3b08	28
bullet_bill_act_4	802b3b24	188
bhv_bullet_bill_loop	802b3be0	76
bowser_tail_anchor_act_default	802b3c2c	176
bowser_tail_anchor_thrown	802b3cdc	52
bowser_tail_anchor_act_touched_mario	802b3d10	100
bhv_bowser_tail_anchor_loop	802b3d74	128
bhv_bowser_flame_spawn_loop	802b3df4	652
bhv_bowser_body_anchor_loop	802b4080	260
bowser_spawn_shockwave	802b4184	120
bowser_bounce_effects	802b41fc	140
bowser_set_anim_look_up_and_walk	802b4288	120
bowser_set_anim_slow_gait	802b4300	104
bowser_set_anim_look_down_stop_walk	802b4368	116
bowser_init_camera_actions	802b43dc	156
bowser_act_wait	802b4478	68
bowser_act_intro_walk	802b44bc	224
bowser_bitdw_actions	802b45f4	328
bowser_bitfs_actions	802b473c	408
bowser_bits_action_list	802b48d4	328
bowser_set_act_big_jump	802b4a1c	32
bowser_bits_actions	802b4a3c	184
bowser_reset_fallen_off_stage	802b4af4	184
bowser_act_idle	802b4bac	60
bowser_act_default	802b4be8	188
bowser_act_breath_fire	802b4ca4	112
bowser_act_walk_to_mario	802b4d14	492
bowser_act_teleport	802b4f00	516
bowser_act_spit_fire_into_sky	802b5104	276
bowser_act_hit_mine	802b5218	476
bowser_set_anim_jump	802b53f4	80
bowser_land	802b5444	272
bowser_short_second_hop	802b5554	120
bowser_act_big_jump	802b55cc	460
bowser_act_quick_jump	802b5798	292
bowser_act_hit_edge	802b58bc	272
bowser_act_spit_fire_onto_floor	802b59cc	288
bowser_turn_on_timer	802b5aec	276
bowser_act_turn_from_edge	802b5c00	64
bowser_act_charge_mario	802b5c40	812
bowser_check_hit_mine	802b5f6c	128
bowser_act_thrown	802b5fec	304
bowser_set_goal_invisible	802b611c	116
bowser_act_jump_onto_stage	802b6190	984
bowser_act_dance	802b6568	104
bowser_spawn_collectable	802b65d0	160
bowser_fly_back_dead	802b6670	192
bowser_dead_bounce	802b6730	164
bowser_dead_wait_for_mario	802b67d4	164
bowser_dead_twirl_up	802b6878	408
bowser_dead_hide	802b6a10	104
bowser_dead_default_stage_ending	802b6a78	308
bowser_dead_final_stage_ending	802b6bac	324
bowser_act_dead	802b6cf0	336
bowser_tilt_platform	802b6e40	160
bowser_act_tilt_lava_platform	802b6ee0	572
bowser_check_fallen_off_stage	802b711c	200
bowser_free_update	802b71e4	240
bowser_held_update	802b72d4	324
bowser_thrown_dropped_update	802b7418	396
bhv_bowser_loop	802b75a4	724
bhv_bowser_init	802b7878	276
geo_update_body_rot_from_parent	802b798c	148
bowser_open_eye_switch	802b7a20	580
geo_switch_bowser_eyes	802b7c64	224
geo_bits_bowser_coloring	802b7d44	292
falling_bowser_plat_act_start	802b7e68	136
falling_bowser_plat_act_check	802b7ef0	308
falling_bowser_plat_act_fall	802b8024	864
bhv_falling_bowser_platform_loop	802b8384	44
bowser_flame_despawn	802b83b0	132
bowser_flame_should_despawn	802b8434	120
bhv_flame_bowser_init	802b84ac	260
bhv_flame_large_burning_out_init	802b85b0	164
bowser_flame_move	802b8654	224
bhv_flame_bowser_loop	802b8734	556
bhv_flame_moving_forward_growing_init	802b8960	140
bhv_flame_moving_forward_growing_loop	802b89ec	304
bhv_flame_floating_landing_init	802b8b1c	284
bhv_flame_floating_landing_loop	802b8c38	304
bhv_blue_bowser_flame_init	802b8d68	276
bhv_blue_bowser_flame_loop	802b8e7c	440
bhv_flame_bouncing_init	802b9034	184
bhv_flame_bouncing_loop	802b90ec	304
bhv_blue_flames_group_loop	802b921c	320
bhv_blue_fish_movement_loop	802b935c	1076
bhv_tank_fish_group_loop	802b9790	324
vec3f_copy_2	802b98d4	40
bhv_checkerboard_elevator_group_init	802b98fc	380
checkerboard_plat_act_move_y	802b9a78	128
checkerboard_plat_act_rotate	802b9af8	188
bhv_checkerboard_platform_init	802b9bb4	36
bhv_checkerboard_platform_loop	802b9bd8	700
bhv_ddd_warp_loop	802b9e94	104
water_level_pillar_undrained	802b9efc	576
water_level_pillar_drained	802ba13c	96
bhv_water_level_pillar_init	802ba19c	68
bhv_water_level_pillar_loop	802ba1e0	124
bhv_invisible_objects_under_bridge_init	802ba25c	84
geo_scale_bowser_key	802ba2b0	72
bhv_bowser_key_unlock_door_loop	802ba2f8	352
bhv_bowser_key_course_exit_loop	802ba458	356
bhv_moat_grills_loop	802ba5bc	76
bhv_rotating_clock_arm_loop	802ba608	472
handle_cap_ukiki_reset	802ba7e0	136
is_cap_ukiki_and_mario_has_normal_cap_on_head	802ba868	92
geo_update_projectile_pos_from_parent_copy	802ba8c4	148
idle_ukiki_taunt	802ba958	548
ukiki_act_idle	802bab7c	708
ukiki_act_return_home	802bae40	132
ukiki_act_wait_to_respawn	802baec4	76
ukiki_act_unused_turn	802baf10	84
ukiki_act_turn_to_mario	802baf64	280
ukiki_act_run	802bb07c	524
ukiki_act_jump	802bb288	304
ukiki_act_go_to_cage	802bb3b8	992
ukiki_free_loop	802bb798	160
cage_ukiki_held_loop	802bb888	436
cap_ukiki_held_loop	802bba3c	348
bhv_ukiki_init	802bbb98	116
bhv_ukiki_loop	802bbc0c	352
lll_octagonal_mesh_move	802bbd6c	620
lll_octagonal_mesh_find_y_offset	802bbfd8	280
bhv_lll_moving_octagonal_mesh_platform_loop	802bc0f0	316
bhv_lll_sinking_rock_block_loop	802bc22c	104
bhv_lll_rotating_hex_flame_loop	802bc294	180
fire_bar_spawn_flames	802bc348	428
fire_bar_act_0	802bc4f4	68
fire_bar_act_1	802bc538	88
fire_bar_act_2	802bc590	108
fire_bar_act_3	802bc5fc	28
bhv_lll_rotating_block_fire_bars_loop	802bc618	72
bhv_lll_wood_piece_loop	802bc660	200
bhv_lll_floating_wood_bridge_loop	802bc728	368
bhv_volcano_flames_loop	802bc898	156
hexagonal_ring_spawn_flames	802bc934	320
bhv_lll_rotating_hexagonal_ring_loop	802bca74	628
sinking_rectangular_plat_actions	802bcce8	192
bhv_lll_sinking_rectangular_platform_loop	802bcda8	176
bhv_lll_sinking_square_platforms_loop	802bce58	68
create_transform_from_normals	802bce9c	164
bhv_platform_normals_init	802bcf40	132
approach_by_increment	802bcfc4	148
bhv_tilting_inverted_pyramid_loop	802bd058	908
koopa_shell_spawn_water_drop	802bd3e4	164
bhv_koopa_shell_flame_loop	802bd488	340
bhv_koopa_shell_flame_spawn	802bd5dc	80
koopa_shell_spawn_sparkles	802bd62c	84
bhv_koopa_shell_loop	802bd680	592
tox_box_shake_screen	802bd8d0	76
tox_box_move	802bd91c	488
tox_box_act_roll_forward	802bdb04	56
tox_box_act_roll_backward	802bdb3c	56
tox_box_act_roll_right	802bdb74	56
tox_box_act_roll_left	802bdbac	56
tox_box_act_roll_land	802bdbe4	152
tox_box_act_idle	802bdc7c	76
tox_box_act_unused_idle	802bdcc8	76
tox_box_act_init	802bdd14	84
bhv_tox_box_loop	802bdd68	52
piranha_plant_act_idle	802bdd9c	116
piranha_plant_check_interactions	802bde10	220
piranha_plant_act_sleeping	802bdeec	328
piranha_plant_act_woken_up	802be034	132
piranha_plant_reset_when_far	802be0b8	52
piranha_plant_attacked	802be0ec	100
piranha_plant_act_shrink_and_die	802be150	228
piranha_plant_act_wait_to_respawn	802be234	68
piranha_plant_act_respawn	802be278	216
piranha_plant_act_biting	802be350	332
mario_moving_fast_enough_to_make_piranha_plant_bite	802be49c	112
piranha_plant_act_stopped_biting	802be50c	148
bhv_piranha_plant_loop	802be5a0	136
bhv_lll_bowser_puzzle_spawn_piece	802be628	172
bhv_lll_bowser_puzzle_spawn_pieces	802be6d4	200
bhv_lll_bowser_puzzle_loop	802be79c	268
bhv_lll_bowser_puzzle_piece_action_0	802be8a8	16
bhv_lll_bowser_puzzle_piece_action_1	802be8b8	60
bhv_lll_bowser_puzzle_piece_update	802be8f4	232
bhv_lll_bowser_puzzle_piece_move	802be9dc	312
bhv_lll_bowser_puzzle_piece_idle	802beb14	64
bhv_lll_bowser_puzzle_piece_move_left	802beb54	56
bhv_lll_bowser_puzzle_piece_move_right	802beb8c	56
bhv_lll_bowser_puzzle_piece_move_up	802bebc4	56
bhv_lll_bowser_puzzle_piece_move_down	802bebfc	56
bhv_lll_bowser_puzzle_piece_loop	802bec34	124
set_obj_anim_with_accel_and_sound	802becb0	204
play_penguin_walking_sound	802bed7c	112
tuxies_mother_act_2	802bedec	416
tuxies_mother_act_1	802bef8c	588
tuxies_mother_act_0	802bf1d8	488
bhv_tuxies_mother_loop	802bf3c0	100
small_penguin_dive_with_mario	802bf424	80
small_penguin_act_2	802bf474	264
small_penguin_act_1	802bf57c	204
small_penguin_act_3	802bf648	156
small_penguin_act_4	802bf6e4	124
small_penguin_act_0	802bf760	428
small_penguin_act_5	802bf90c	264
small_penguin_free_actions	802bfa14	116
bhv_small_penguin_loop	802bfa88	292
geo_switch_tuxie_mother_eyes	802bfbac	300
bhv_fish_spawner_loop	802bff3c	44
bhv_fish_loop	802c0768	320
bhv_wdw_express_elevator_loop	802c08a8	516
bub_spawner_act_0	802c0aac	164
bub_spawner_act_1	802c0b50	84
bub_spawner_act_2	802c0ba4	32
bub_spawner_act_3	802c0bc4	28
bhv_bub_spawner_loop	802c0be0	44
bub_move_vertically	802c0c0c	200
bub_act_0	802c0cd4	112
bub_act_1	802c0d44	588
bub_act_2	802c0f90	628
bhv_bub_loop	802c1204	188
bhv_rotating_exclamation_box_loop	802c12c0	72
exclamation_box_act_0	802c1308	228
exclamation_box_act_1	802c13ec	196
exclamation_box_act_2	802c14b0	264
exclamation_box_act_3	802c15b8	516
exclamation_box_spawn_contents	802c17bc	276
exclamation_box_act_4	802c18d0	184
exclamation_box_act_5	802c1988	56
bhv_exclamation_box_loop	802c19c0	60
bhv_sound_spawner_init	802c19fc	68
bhv_bowsers_sub_loop	802c1a40	64
bhv_sushi_shark_collision_loop	802c1a80	16
bhv_sushi_shark_loop	802c1a90	436
bhv_sunken_ship_part_loop	802c1c44	144
bhv_ship_part_3_loop	802c1cd4	316
bhv_jrb_sliding_box_loop	802c1e10	896
bhv_white_puff_1_loop	802c2190	228
bhv_white_puff_2_loop	802c2274	68
bhv_hidden_blue_coin_loop	802c22b8	372
bhv_blue_coin_switch_loop	802c242c	528
bhv_openable_cage_door_loop	802c263c	188
bhv_openable_grill_loop	802c26f8	568
bhv_init_changing_water_level_loop	802c2930	244
bhv_water_level_diamond_loop	802c2a24	708
tweester_scale_and_move	802c2ce8	468
tweester_act_idle	802c2ebc	256
tweester_act_chase	802c2fbc	520
tweester_act_hide	802c31c4	216
bhv_tweester_loop	802c329c	76
bhv_tweester_sand_particle_loop	802c32e8	268
bhv_boo_init	802c3440	32
bhv_courtyard_boo_triplet_init	802c3684	196
bhv_boo_loop	802c4824	156
bhv_big_boo_loop	802c4f30	128
bhv_boo_with_cage_init	802c515c	120
bhv_boo_with_cage_loop	802c51d4	80
bhv_merry_go_round_boo_manager_loop	802c5224	424
obj_set_secondary_camera_focus	802c53cc	32
bhv_animated_texture_loop	802c53ec	40
bhv_boo_in_castle_loop	802c5414	628
bhv_boo_staircase	802c5688	520
bhv_bbh_tilting_trap_platform_loop	802c5890	424
bhv_haunted_bookshelf_loop	802c5a38	284
bhv_merry_go_round_loop	802c5ca8	280
bhv_static_checkered_platform_loop	802c5dc0	392
bhv_beta_bowser_anchor_loop	802c5f48	148
bhv_play_music_track_when_touched_loop	802c5fdc	116
bhv_floor_trap_in_castle_loop	802c6050	92
bhv_castle_floor_trap_init	802c60ac	164
bhv_castle_floor_trap_open_detect	802c6150	132
bhv_castle_floor_trap_open	802c61d4	164
bhv_castle_floor_trap_close_detect	802c6278	68
bhv_castle_floor_trap_close	802c62bc	108
bhv_castle_floor_trap_rotate	802c6328	32
bhv_castle_floor_trap_loop	802c6348	160
bhv_pole_base_loop	802c63e8	188
bhv_sparkle_spawn_loop	802c64a4	148
update_angle_from_move_flags	802c6538	136
bhv_scuttlebug_loop	802c65c0	1452
bhv_scuttlebug_spawn_loop	802c6b6c	308
whomp_play_sfx_from_pound_animation	802c6ca0	204
whomp_init	802c6d6c	348
whomp_turn	802c6ec8	232
whomp_patrol	802c6fb0	348
king_whomp_chase	802c710c	328
whomp_prepare_jump	802c7254	96
whomp_jump	802c72b4	204
whomp_land	802c7380	168
king_whomp_on_ground	802c7428	468
whomp_on_ground	802c75fc	216
whomp_on_ground_general	802c76d4	388
whomp_die	802c7858	320
king_whomp_stop_music	802c7998	64
bhv_whomp_loop	802c79d8	152
bhv_water_splash_spawn_droplets	802c7a70	164
bhv_water_droplet_loop	802c7b14	408
bhv_idle_water_wave_loop	802c7cac	148
bhv_water_droplet_splash_init	802c7d40	80
bhv_bubble_splash_init	802c7d90	108
bhv_shallow_water_splash_init	802c7dfc	96
bhv_wave_trail_shrink	802c7e5c	316
bhv_strong_wind_particle_loop	802c7f98	540
cur_obj_spawn_strong_wind_particles	802c81b4	408
bhv_sl_snowman_wind_loop	802c834c	600
bhv_sl_walking_penguin_loop	802c863c	948
update_mario_platform	802c89f0	348
get_mario_pos	802c8b4c	64
set_mario_pos	802c8b8c	60
apply_platform_displacement	802c8bc8	760
apply_mario_platform_displacement	802c8ec0	104
clear_mario_platform	802c8f28	24
debug_print_obj_collision	802c8f40	164
detect_object_hitbox_overlap	802c8fe4	520
detect_object_hurtbox_overlap	802c91ec	412
clear_object_collision	802c9388	112
check_collision_in_list	802c93f8	180
check_player_object_collision	802c94ac	264
check_pushable_object_collision	802c95b4	124
check_destructive_object_collision	802c9630	244
detect_object_collisions	802c9724	164
unused_init_free_list	802c97d0	112
unused_try_allocate	802c9840	100
try_allocate_object	802c98a4	172
unused_deallocate	802c9950	52
init_free_object_list	802c99b8	132
clear_object_lists	802c9a3c	156
unload_object	802c9b68	152
allocate_object	802c9c00	604
create_object	802c9f04	292
mark_obj_for_deletion	802ca028	20
exec_anim_sound_state	802ca040	260
create_sound_spawner	802ca144	76
cur_obj_play_sound_1	802ca190	80
cur_obj_play_sound_2	802ca1e0	80
calc_dist_to_volume_range_1	802ca230	164
calc_dist_to_volume_range_2	802ca2d4	156
stub_debug_1	802ca370	16
stub_debug_2	802ca380	16
stub_debug_3	802ca390	16
stub_debug_4	802ca3a0	16
get_current_clock	802ca3b0	48
get_clock_difference	802ca3e0	56
set_print_state_info	802ca418	72
print_text_array_info	802ca460	188
set_text_array_x_y	802ca51c	76
print_debug_bottom_up	802ca568	80
print_debug_top_down_objectinfo	802ca5b8	96
print_debug_top_down_mapinfo	802ca618	104
print_debug_top_down_normal	802ca680	80
print_mapinfo	802ca6d0	536
print_checkinfo	802ca8e8	48
print_surfaceinfo	802ca918	52
print_stageinfo	802ca94c	68
print_string_array_info	802ca990	220
print_effectinfo	802caa6c	60
print_enemyinfo	802caaa8	60
update_debug_dpadmask	802caae4	200
debug_unknown_level_select_check	802cabac	116
reset_debug_objectinfo	802cac20	168
try_modify_debug_controls	802cae9c	532
stub_debug_5	802cb0b0	16
try_print_debug_mario_object_info	802cb0c0	256
try_print_debug_mario_level_info	802cb1c0	164
try_do_mario_debug_object_spawn	802cb264	304
debug_print_obj_move_flags	802cb394	464
debug_enemy_unknown	802cb564	80
set_and_reset_transition_fade_timer	802cb5c0	128
set_transition_color_fade_alpha	802cb640	596
vertex_transition_color	802cb894	388
dl_transition_color	802cba18	428
render_fade_transition_from_color	802cbbc4	92
render_fade_transition_into_color	802cbc20	92
calc_tex_transition_radius	802cbc7c	216
calc_tex_transition_time	802cbd54	272
convert_tex_transition_angle_to_pos	802cbe64	124
center_tex_transition_x	802cbee0	132
center_tex_transition_y	802cbf64	132
make_tex_transition_vertex	802cbfe8	408
load_tex_transition_vertex	802cc180	856
render_textured_transition	802cc4d8	1808
render_screen_transition	802ccbe8	480
render_cannon_circle_base	802ccdc8	1056
geo_cannon_circle_base	802cd1e8	148
rotate_rectangle	802cd280	168
atan2_deg	802cd328	96
scale_shadow_with_distance	802cd388	188
disable_shadow_with_distance	802cd444	72
dim_shadow_with_distance	802cd48c	392
get_water_level_below_shadow	802cd614	176
init_shadow	802cd6c4	628
get_texture_coords_9_vertices	802cd938	80
get_texture_coords_4_vertices	802cd988	100
make_shadow_vertex_at_xyz	802cd9ec	308
extrapolate_vertex_y_position	802cdb20	84
get_vertex_coords	802cdb74	204
calculate_vertex_xyz	802cdc40	596
floor_local_tilt	802cde94	168
make_shadow_vertex	802cdf3c	492
add_shadow_to_display_list	802ce128	404
linearly_interpolate_solidity_positive	802ce2bc	304
linearly_interpolate_solidity_negative	802ce3ec	312
correct_shadow_solidity_for_animations	802ce524	364
correct_lava_shadow_height	802ce690	268
create_shadow_player	802ce79c	564
create_shadow_circle_9_verts	802ce9d0	280
create_shadow_circle_4_verts	802ceae8	284
create_shadow_circle_assuming_flat_ground	802cec04	444
create_shadow_rectangle	802cedc0	428
get_shadow_height_solidity	802cef6c	276
create_shadow_square	802cf080	368
create_shadow_hardcoded_rectangle	802cf1f0	348
create_shadow_below_xyz	802cf34c	600
calculate_skybox_scaled_x	802cf5b0	236
calculate_skybox_scaled_y	802cf69c	224
make_skybox_rect	802cf804	552
draw_skybox_tile_grid	802cfa2c	572
create_skybox_ortho_matrix	802cfc68	288
init_skybox_display_list	802cfd88	364
create_skybox_facing_camera	802cfef4	392
geo_wdw_set_initial_water_level	802d0080	352
geo_movtex_pause_control	802d01e0	116
movtex_make_quad_vertex	802d0254	560
movtex_gen_from_quad	802d0484	1536
movtex_gen_from_quad_array	802d0a84	300
movtex_gen_quads_id	802d0bb0	212
get_quad_collection_from_id	802d0c84	676
movtex_change_texture_format	802d0f28	292
geo_movtex_draw_water_regions	802d104c	740
update_moving_texture_offset	802d1330	156
movtex_write_vertex_first	802d13cc	424
movtex_write_vertex_index	802d1574	832
movtex_gen_list	802d18b4	700
geo_movtex_draw_nocolor	802d1b70	364
geo_movtex_draw_colored	802d1cdc	364
geo_movtex_draw_colored_no_update	802d1e48	352
geo_movtex_draw_colored_2_no_update	802d1fa8	352
geo_movtex_update_horizontal	802d2108	256
make_vertex	802d2210	180
round_float	802d22c4	156
geo_exec_inside_castle_light	802d2360	272
geo_exec_flying_carpet_timer_update	802d2470	176
geo_exec_flying_carpet_create	802d2520	940
geo_exec_cake_end_screen	802d28cc	240
stop_other_paintings	802d29c0	180
painting_mario_y	802d2a74	148
painting_mario_z	802d2b08	124
painting_ripple_y	802d2b84	188
painting_nearest_4th	802d2c40	320
painting_mario_x	802d2d80	124
painting_ripple_x	802d2dfc	188
painting_state	802d2eb8	324
wall_painting_proximity_idle	802d2ffc	416
wall_painting_proximity_rippling	802d319c	224
wall_painting_continuous_idle	802d327c	416
wall_painting_continuous_rippling	802d341c	224
floor_painting_proximity_idle	802d34fc	432
floor_painting_proximity_rippling	802d36ac	240
floor_painting_continuous_idle	802d379c	416
floor_painting_continuous_rippling	802d393c	240
painting_update_floors	802d3a2c	448
painting_update_ripple_state	802d3bec	256
calculate_ripple_at_point	802d3cec	384
ripple_if_movable	802d3e6c	120
painting_generate_mesh	802d3ee4	360
painting_calculate_triangle_normals	802d404c	940
normalize_component	802d43f8	196
painting_average_vertex_normals	802d44bc	788
render_painting	802d47d0	1804
painting_model_view_transform	802d4edc	512
painting_ripple_image	802d50dc	632
painting_ripple_env_mapped	802d5354	536
display_painting_rippling	802d556c	288
display_painting_not_rippling	802d568c	236
reset_painting	802d5778	48
move_ddd_painting	802d57a8	316
set_painting_layer	802d58e4	88
display_painting	802d593c	108
wall_painting_update	802d59a8	248
floor_painting_update	802d5aa0	248
geo_painting_draw	802d5b98	372
geo_painting_update	802d5d0c	244
int_pow	802d5e00	84
format_integer	802d5e54	752
parse_width_field	802d6144	404
print_text_fmt_int	802d62d8	636
print_text	802d6554	364
print_text_centered	802d66c0	408
char_to_glyph_index	802d6858	416
add_glyph_texture	802d69f8	212
clip_to_bounds	802d6acc	112
render_textrect	802d6b3c	332
render_text_labels	802d6c88	656
create_dl_identity_matrix	802d6f20	336
create_dl_translation_matrix	802d7070	260
create_dl_rotation_matrix	802d7174	268
create_dl_scale_matrix	802d7280	260
create_dl_ortho_matrix	802d7384	252
render_generic_char	802d75dc	236
render_multi_text_string	802d76c8	276
print_generic_string	802d77dc	936
print_hud_lut_string	802d7b84	772
print_menu_generic_string	802d7e88	1100
print_credits_string	802d82d4	856
handle_menu_scrolling	802d862c	536
get_str_x_pos_from_center	802d8844	240
get_string_width	802d8934	132
print_hud_my_score_coins	802d89b8	200
print_hud_my_score_stars	802d8a80	180
int_to_str	802d8b34	312
get_dialog_id	802d8c6c	28
create_dialog_box	802d8c88	60
create_dialog_box_with_var	802d8cc4	68
create_dialog_inverted_box	802d8d08	64
create_dialog_box_with_response	802d8d48	72
reset_dialog_render_state	802d8d90	156
render_dialog_box_type	802d8e2c	796
change_and_flash_dialog_text_color_lines	802d9148	576
handle_dialog_scroll_page_state	802d9388	196
render_star_count_dialog_text	802d944c	488
render_multi_text_string_lines	802d9634	460
ensure_nonnegative	802d9800	44
handle_dialog_text_and_pages	802d982c	1156
render_dialog_triangle_choice	802d9cb0	332
render_dialog_triangle_next	802d9dfc	392
handle_special_dialog_text	802d9f84	552
render_dialog_entries	802da1ac	1636
set_menu_mode	802da810	52
reset_cutscene_msg_fade	802da844	24
dl_rgba16_begin_cutscene_msg_fade	802da85c	136
dl_rgba16_stop_cutscene_msg_fade	802da8e4	128
ascii_to_credits_char	802da964	208
print_credits_str_ascii	802daa34	176
set_cutscene_message	802daae4	116
do_cutscene_handler	802dab58	508
print_peach_letter_message	802dad54	824
render_hud_cannon_reticle	802db08c	708
reset_red_coins_collected	802db350	24
change_dialog_camera_angle	802db368	80
shade_screen	802db3b8	224
print_animated_red_coin	802db498	592
render_pause_red_coins	802db6e8	120
render_pause_my_score_coins	802db760	964
render_pause_camera_options	802dbb24	836
render_pause_course_options	802dbe68	756
render_pause_castle_menu_box	802dc15c	700
highlight_last_course_complete_stars	802dc418	96
print_hud_pause_colorful_str	802dc478	248
render_pause_castle_course_stars	802dc570	424
render_pause_castle_main_strings	802dc718	880
render_pause_screen	802dca88	636
print_hud_course_complete_string	802dcd04	556
print_hud_course_complete_coins	802dcf30	612
play_star_fanfare_and_flash_hud	802dd194	124
render_course_complete_lvl_info_and_hud_str	802dd210	1576
render_save_confirmation	802dd838	680
render_course_complete_screen	802ddae0	452
render_menus_and_dialogs	802ddca4	328
envfx_init_snow	802dddf0	328
envfx_update_snowflake_count	802ddf38	388
envfx_cleanup_snow	802de0bc	88
orbit_from_positions	802de114	296
pos_from_orbit	802de23c	292
envfx_is_snowflake_alive	802de360	248
envfx_update_snow_normal	802de458	1072
envfx_update_snow_blizzard	802de888	1100
envfx_update_snow_water	802ded38	500
rotate_triangle_vertices	802def2c	1032
append_snowflake_vertex_buffer	802df334	1044
envfx_update_snow	802df748	1152
envfx_update_particles	802dfbc8	392
particle_is_laterally_close	802dfd50	176
random_flower_offset	802dfe00	128
envfx_update_flower	802dfe80	672
envfx_set_lava_bubble_position	802e0120	876
envfx_update_lava	802e048c	464
envfx_rotate_around_whirlpool	802e065c	588
envfx_is_whirlpool_bubble_alive	802e08a8	140
envfx_update_whirlpool	802e0934	1264
envfx_is_jestream_bubble_alive	802e0e24	148
envfx_update_jetstream	802e0eb8	896
envfx_init_bubble	802e1238	476
envfx_bubbles_update_switch	802e1414	516
append_bubble_vertex_buffer	802e1618	1032
envfx_set_bubble_texture	802e1a20	408
envfx_update_bubble_particles	802e1bb8	800
envfx_set_max_bubble_particles	802e1ed8	112
envfx_update_bubbles	802e1f48	332
convert_rotation	802e20a0	148
spawn_macro_abs_yrot_2params	802e2134	168
spawn_macro_abs_yrot_param1	802e21dc	168
spawn_macro_abs_special	802e2284	184
spawn_macro_objects	802e2414	636
spawn_macro_objects_hardcoded	802e2690	604
spawn_special_objects	802e28ec	1028
render_hud_tex_lut	802e2cf0	360
render_hud_small_tex_lut	802e2e58	604
render_power_meter_health_segment	802e30b4	352
render_dl_power_meter	802e3214	420
animate_power_meter_emphasized	802e33b8	120
handle_power_meter_actions	802e352c	296
render_hud_power_meter	802e3654	240
render_hud_mario_lives	802e3744	100
render_hud_coins	802e37a8	100
render_hud_stars	802e380c	216
render_hud_keys	802e38e4	120
render_hud_timer	802e395c	448
set_hud_camera_status	802e3b1c	32
render_hud_camera_status	802e3b3c	496
render_hud	802e3d2c	292
set_yoshi_as_not_dead	802e3e50	24
geo_obj_transparency_something	802e3e68	256
absf_2	802e3f68	68
turn_obj_away_from_surface	802e3fac	176
obj_find_wall	802e405c	328
turn_obj_away_from_steep_floor	802e41a4	316
obj_orient_graph	802e42e0	260
calc_obj_friction	802e43e4	120
calc_new_obj_vel_and_pos_y	802e445c	952
calc_new_obj_vel_and_pos_y_underwater	802e4814	1240
obj_update_pos_vel_xz	802e4cec	156
obj_splash	802e4d88	264
object_step	802e4e90	644
object_step_without_floor_orient	802e5114	76
obj_move_xyz_using_fvel_and_yaw	802e5160	168
is_point_within_radius_of_mario	802e5208	176
is_point_close_to_object	802e52b8	168
set_object_visibility	802e5360	148
obj_return_home_if_safe	802e53f4	188
obj_return_and_displace_home	802e54b0	288
obj_check_if_facing_toward_angle	802e55d0	204
obj_find_wall_displacement	802e569c	196
obj_spawn_yellow_coins	802e5760	196
obj_flicker_and_disappear	802e5824	144
current_mario_room_check	802e58b4	148
trigger_obj_dialog_when_facing	802e5948	312
obj_check_floor_death	802e5a80	152
obj_lava_death	802e5b18	340
spawn_orange_number	802e5c6c	152
debug_sequence_tracker	802e5d04	228
coin_step	802e5de8	132
moving_coin_flicker	802e5e6c	56
coin_collected	802e5ea4	68
bhv_moving_yellow_coin_init	802e5ee8	124
bhv_moving_yellow_coin_loop	802e5f64	308
bhv_moving_blue_coin_init	802e6098	124
bhv_moving_blue_coin_loop	802e6114	400
bhv_blue_coin_sliding_jumping_init	802e62a4	120
blue_coin_sliding_away_from_mario	802e631c	208
blue_coin_sliding_slow_down	802e63ec	136
bhv_blue_coin_sliding_loop	802e6474	436
bhv_blue_coin_jumping_loop	802e6628	360
bhv_seaweed_init	802e6790	76
bhv_seaweed_bundle_init	802e67dc	592
bhv_bobomb_init	802e6a2c	96
bobomb_spawn_coin	802e6a8c	108
bobomb_act_explode	802e6af8	220
bobomb_check_interactions	802e6bd4	284
bobomb_act_patrol	802e6cf0	216
bobomb_act_chase_mario	802e6dc8	188
bobomb_act_launched	802e6e84	84
generic_bobomb_free_loop	802e6ed8	328
stationary_bobomb_free_loop	802e7020	276
bobomb_free_loop	802e7134	76
bobomb_held_loop	802e7180	160
bobomb_dropped_loop	802e7220	96
bobomb_thrown_loop	802e7280	164
curr_obj_random_blink	802e7324	264
bhv_bobomb_loop	802e742c	372
bhv_bobomb_fuse_smoke_init	802e75a0	268
bhv_bobomb_buddy_init	802e76ac	96
bobomb_buddy_act_idle	802e770c	264
bobomb_buddy_cannon_dialog	802e7814	456
bobomb_buddy_act_talk	802e79dc	292
bobomb_buddy_act_turn_to_talk	802e7b00	176
bobomb_buddy_actions	802e7bb0	156
bhv_bobomb_buddy_loop	802e7c4c	68
bhv_cannon_closed_init	802e7c90	188
cannon_door_act_opening	802e7d4c	264
bhv_cannon_closed_loop	802e7e54	284
bhv_whirlpool_init	802e7f70	72
whirlpool_set_hitbox	802e7fb8	52
whirpool_orient_graph	802e7fec	240
bhv_whirlpool_loop	802e80dc	468
bhv_jet_stream_loop	802e82b0	216
bhv_homing_amp_init	802e8388	196
bhv_homing_amp_loop	802e89d4	272
bhv_circling_amp_init	802e8ae4	308
bhv_circling_amp_loop	802e8ecc	156
bhv_butterfly_init	802e8f68	176
butterfly_step	802e9018	608
butterfly_calculate_angle	802e9278	504
butterfly_act_rest	802e9470	116
butterfly_act_follow_mario	802e94e4	100
butterfly_act_return_home	802e9548	384
bhv_butterfly_loop	802e96c8	156
bhv_hoot_init	802e9764	152
hoot_find_next_floor	802e97fc	196
hoot_floor_bounce	802e98c0	396
hoot_free_step	802e9a4c	680
hoot_player_set_yaw	802e9cf4	164
hoot_carry_step	802e9d98	456
hoot_surface_collision	802e9f60	484
hoot_act_ascent	802ea144	276
hoot_action_loop	802ea258	408
hoot_turn_to_home	802ea3f0	252
hoot_awake_loop	802ea4ec	156
bhv_hoot_loop	802ea588	288
bhv_beta_holdable_object_init	802ea6a8	80
bhv_beta_holdable_object_loop	802ea7e0	168
bhv_object_bubble_init	802ea888	172
bhv_object_bubble_loop	802ea934	220
bhv_object_water_wave_init	802eaa10	64
bhv_object_water_wave_loop	802eaa50	60
bhv_explosion_init	802eaa8c	68
bhv_explosion_loop	802eaad0	288
bhv_bobomb_bully_death_smoke_init	802eabf0	76
bhv_bobomb_explosion_bubble_init	802eac3c	256
bhv_bobomb_explosion_bubble_loop	802ead3c	444
bhv_respawner_loop	802eaef8	140
create_respawner	802eaf84	216
bhv_small_bully_init	802eb05c	168
bhv_big_bully_init	802eb104	188
bully_check_mario_collision	802eb1c0	200
bully_act_chase_mario	802eb288	360
bully_act_knockback	802eb3f0	288
bully_act_back_up	802eb510	180
bully_backup_check	802eb5c4	108
bully_play_stomping_sound	802eb630	276
bully_step	802eb744	156
bully_spawn_coin	802eb7e0	208
bully_act_level_death	802eb8b0	288
bhv_bully_loop	802eb9d0	420
big_bully_spawn_minion	802ebb74	140
bhv_big_bully_with_minions_init	802ebc00	136
big_bully_spawn_star	802ebc88	88
bhv_big_bully_with_minions_loop	802ebce0	656
water_ring_calc_mario_dist	802ebf70	192
water_ring_init	802ec030	384
bhv_jet_stream_water_ring_init	802ec1b0	80
water_ring_check_collection	802ec200	464
water_ring_set_scale	802ec3d0	272
water_ring_act_collected	802ec4e0	188
water_ring_act_not_collected	802ec59c	448
bhv_jet_stream_water_ring_loop	802ec75c	112
spawn_manta_ray_ring_manager	802ec7cc	76
water_ring_spawner_act_inactive	802ec818	240
bhv_jet_stream_ring_spawner_loop	802ec908	176
bhv_manta_ray_water_ring_init	802ec9b8	56
manta_water_ring_act_not_collected	802ec9f0	436
bhv_manta_ray_water_ring_loop	802ecba4	112
bhv_bowser_bomb_loop	802ecc14	248
bhv_bowser_bomb_explosion_loop	802ecd0c	404
bhv_bowser_bomb_smoke_loop	802ecea0	268
bhv_celebration_star_init	802ecfac	352
celeb_star_act_spin_around_mario	802ed10c	384
celeb_star_act_face_camera	802ed28c	272
bhv_celebration_star_loop	802ed39c	112
bhv_celebration_star_sparkle_loop	802ed40c	80
bhv_star_key_collection_puff_spawner_loop	802ed45c	60
bhv_lll_drawbridge_spawner_loop	802ed498	404
bhv_lll_drawbridge_loop	802ed62c	352
bhv_small_bomp_init	802ed78c	112
bhv_small_bomp_loop	802ed7fc	720
bhv_large_bomp_init	802edacc	96
bhv_large_bomp_loop	802edb2c	720
bhv_wf_sliding_platform_init	802eddfc	300
bhv_wf_sliding_platform_loop	802edf28	508
bhv_moneybag_init	802ee124	124
moneybag_check_mario_collision	802ee1a0	200
moneybag_jump	802ee268	516
moneybag_act_move_around	802ee46c	300
moneybag_act_return_home	802ee598	400
moneybag_act_disappear	802ee728	80
moneybag_act_death	802ee778	104
bhv_moneybag_loop	802ee7e0	276
bhv_moneybag_hidden_loop	802ee8f4	216
bhv_bowling_ball_init	802ee9cc	88
bowling_ball_set_hitbox	802eea24	88
bowling_ball_set_waypoints	802eea7c	232
bhv_bowling_ball_roll_loop	802eeb64	340
bhv_bowling_ball_initialize_loop	802eecb8	312
bhv_bowling_ball_loop	802eedf0	196
bhv_generic_bowling_ball_spawner_init	802eeeb4	232
bhv_generic_bowling_ball_spawner_loop	802eef9c	332
bhv_thi_bowling_ball_spawner_loop	802ef0e8	308
bhv_bob_pit_bowling_ball_init	802ef21c	88
bhv_bob_pit_bowling_ball_loop	802ef274	216
bhv_free_bowling_ball_init	802ef34c	168
bhv_free_bowling_ball_roll_loop	802ef3f4	304
bhv_free_bowling_ball_loop	802ef524	280
bhv_rr_cruiser_wing_init	802ef63c	48
bhv_rr_cruiser_wing_loop	802ef66c	436
bhv_spindel_init	802ef820	56
bhv_spindel_loop	802ef858	1144
bhv_ssl_moving_pyramid_wall_init	802efcd0	188
bhv_ssl_moving_pyramid_wall_loop	802efd8c	216
bhv_pyramid_elevator_init	802efe64	144
bhv_pyramid_elevator_loop	802efef4	528
bhv_pyramid_elevator_trajectory_marker_ball_loop	802f0104	100
bhv_pyramid_top_init	802f0168	288
bhv_pyramid_top_spinning	802f0288	536
bhv_pyramid_top_explode	802f04a0	276
bhv_pyramid_top_loop	802f05b4	244
bhv_pyramid_top_fragment_init	802f06a8	108
bhv_pyramid_top_fragment_loop	802f0714	116
bhv_pyramid_pillar_touch_detector_loop	802f0788	108
bhv_waterfall_sound_loop	802f07f4	44
bhv_volcano_sound_loop	802f0820	44
bhv_castle_flag_init	802f084c	76
bhv_birds_sound_loop	802f0898	184
bhv_ambient_sounds_init	802f0950	84
bhv_sand_sound_loop	802f09a4	76
bhv_castle_cannon_grate_init	802f09f0	80
bhv_snowmans_bottom_init	802f0a40	316
set_rolling_sphere_hitbox	802f0b7c	88
adjust_rolling_face_pitch	802f0bd4	192
snowmans_bottom_act_1	802f0c94	348
snowmans_bottom_act_2	802f0df0	440
snowmans_bottom_act_3	802f0fa8	180
bhv_snowmans_bottom_loop	802f105c	432
bhv_snowmans_head_init	802f120c	356
bhv_snowmans_head_loop	802f1370	428
bhv_snowmans_body_checkpoint_loop	802f151c	140
bhv_big_boulder_init	802f15a8	132
boulder_act_1	802f162c	232
bhv_big_boulder_loop	802f1714	220
bhv_big_boulder_generator_loop	802f17f0	356
cap_set_hitbox	802f1954	116
cap_despawn	802f19c8	72
cap_check_quicksand	802f1a10	424
cap_sink_quicksand	802f1bb8	428
bhv_wing_cap_init	802f1d64	92
cap_scale_vertically	802f1dc0	156
wing_vanish_cap_act_0	802f1e5c	224
bhv_wing_vanish_cap_loop	802f1f3c	148
bhv_metal_cap_init	802f1fd0	96
metal_cap_act_0	802f2030	124
bhv_metal_cap_loop	802f20ac	148
bhv_normal_cap_init	802f2140	160
normal_cap_set_save_flags	802f21e0	164
normal_cap_act_0	802f2284	292
bhv_normal_cap_loop	802f23a8	240
bhv_vanish_cap_init	802f2498	92
bhv_collect_star_init	802f24f4	188
bhv_collect_star_loop	802f25b0	100
bhv_star_spawn_init	802f2614	340
bhv_star_spawn_loop	802f2768	824
spawn_star	802f2aa0	232
spawn_default_star	802f2b88	76
spawn_red_coin_cutscene_star	802f2bd4	80
spawn_no_exit_star	802f2c24	96
bhv_hidden_red_coin_star_init	802f2c84	264
bhv_hidden_red_coin_star_loop	802f2d8c	224
bhv_red_coin_init	802f2e6c	192
bhv_red_coin_loop	802f2f2c	232
bhv_hidden_star_init	802f3014	220
bhv_hidden_star_loop	802f30f0	204
bhv_hidden_star_trigger_loop	802f31bc	208
bhv_bowser_course_red_coin_star_loop	802f328c	224
bhv_ttm_rolling_log_init	802f336c	176
rolling_log_roll_log	802f341c	648
bhv_rolling_log_loop	802f36a4	524
volcano_act_1	802f38b0	260
volcano_act_3	802f39b4	124
bhv_volcano_trap_loop	802f3a30	360
bhv_lll_rolling_log_init	802f3b98	188
bhv_1up_interact	802f3c54	116
bhv_1up_common_init	802f3cc8	104
bhv_1up_init	802f3d30	160
one_up_loop_in_air	802f3dd0	216
pole_1up_move_towards_mario	802f3ea8	372
one_up_move_away_from_mario	802f401c	176
bhv_1up_walking_loop	802f40cc	380
bhv_1up_running_away_loop	802f4248	368
sliding_1up_move	802f43b8	264
bhv_1up_sliding_loop	802f44c0	248
bhv_1up_loop	802f45b8	56
bhv_1up_jump_on_approach_loop	802f45f0	288
bhv_1up_hidden_loop	802f4710	484
bhv_1up_hidden_trigger_loop	802f48f4	120
bhv_1up_hidden_in_pole_loop	802f496c	404
bhv_1up_hidden_in_pole_trigger_loop	802f4b00	120
bhv_1up_hidden_in_pole_spawner_loop	802f4b78	240
controllable_platform_act_1	802f4c68	120
controllable_platform_act_2	802f4ce0	152
bhv_controllable_platform_sub_loop	802f4d78	316
bhv_controllable_platform_init	802f4eb4	348
controllable_platform_hit_wall	802f5010	88
controllable_platform_check_walls	802f5068	600
controllable_platform_shake_on_wall_hit	802f52c0	444
controllable_platform_tilt_from_mario	802f547c	296
bhv_controllable_platform_loop	802f55a4	1840
bhv_breakable_box_small_init	802f5cd4	164
small_breakable_box_spawn_dust	802f5d78	204
small_breakable_box_act_move	802f5e44	260
breakable_box_small_released_loop	802f5f48	204
breakable_box_small_idle_loop	802f6014	196
breakable_box_small_get_dropped	802f60d8	120
breakable_box_small_get_thrown	802f6150	216
bhv_breakable_box_small_loop	802f6228	188
bhv_sliding_snow_mound_loop	802f62e4	356
bhv_snow_mound_spawn_loop	802f6448	320
floating_platform_find_home_y	802f6588	212
floating_platform_act_0	802f665c	808
bhv_floating_platform_loop	802f6984	192
bhv_arrow_lift_loop	802f6c0c	276
bhv_orange_number_init	802f6d20	56
bhv_orange_number_loop	802f6d58	232
bhv_manta_ray_init	802f6e40	112
bhv_manta_ray_loop	802f7264	228
bhv_falling_pillar_init	802f7348	80
bhv_falling_pillar_spawn_hitboxes	802f7398	128
bhv_falling_pillar_calculate_angle_in_front_of_mario	802f7418	196
bhv_falling_pillar_loop	802f74dc	644
bhv_falling_pillar_hitbox_loop	802f7760	452
bhv_jrb_floating_box_loop	802f7924	84
bhv_decorative_pendulum_init	802f7978	56
bhv_decorative_pendulum_loop	802f79b0	168
bhv_treasure_chest_top_loop	802f7a58	580
bhv_treasure_chest_bottom_init	802f7c9c	104
bhv_treasure_chest_bottom_loop	802f7d04	536
spawn_treasure_chest	802f7f1c	132
bhv_treasure_chest_ship_init	802f7fa0	164
bhv_treasure_chest_ship_loop	802f8044	276
bhv_treasure_chest_jrb_init	802f8158	176
bhv_treasure_chest_jrb_loop	802f8208	240
bhv_treasure_chest_ddd_init	802f82f8	172
bhv_treasure_chest_ddd_loop	802f83a4	236
bhv_mips_init	802f8490	336
bhv_mips_find_furthest_waypoint_to_mario	802f85e0	384
bhv_mips_act_wait_for_nearby_mario	802f8760	168
bhv_mips_act_follow_path	802f8808	308
bhv_mips_act_wait_for_animation_done	802f893c	76
bhv_mips_act_fall_down	802f8988	172
bhv_mips_act_idle	802f8a34	128
bhv_mips_free	802f8ab4	160
bhv_mips_held	802f8b54	288
bhv_mips_dropped	802f8c74	132
bhv_mips_thrown	802f8cf8	180
bhv_mips_loop	802f8dac	168
bhv_yoshi_init	802f8e54	180
yoshi_walk_loop	802f8f08	332
yoshi_idle_loop	802f9054	488
yoshi_talk_loop	802f923c	364
yoshi_walk_and_jump_off_roof_loop	802f93a8	344
yoshi_finish_jumping_and_despawn_loop	802f9500	172
yoshi_give_present_loop	802f95ac	176
bhv_yoshi_loop	802f965c	208
bhv_koopa_init	802fbc4c	272
shelled_koopa_attack_handler	802fc414	252
obj_begin_race	802fcc00	200
bhv_koopa_update	802fd7f8	344
bhv_koopa_race_endpoint_update	802fd950	216
bhv_pokey_body_part_update	802fda28	1152
bhv_pokey_update	802fe3b0	160
bhv_swoop_update	802fe8b4	212
bhv_fly_guy_update	802ff040	468
bhv_goomba_triplet_spawner_update	802ff214	500
bhv_goomba_init	802ff408	272
huge_goomba_weakly_attacked	802ff94c	32
bhv_goomba_update	802ff96c	460
bhv_chain_chomp_chain_part_update	802ffb38	296
bhv_chain_chomp_update	80300e40	140
bhv_wooden_post_update	80300ecc	636
bhv_chain_chomp_gate_init	80301148	56
bhv_chain_chomp_gate_update	80301180	144
bhv_wiggler_body_part_update	80301210	700
wiggler_init_segments	803014cc	532
wiggler_update_segments	803016e0	608
wiggler_jumped_on_attack_handler	803020e4	112
bhv_wiggler_update	80302154	516
bhv_spiny_update	80302910	168
bhv_enemy_lakitu_update	80303028	128
bhv_cloud_update	8030369c	168
bhv_cloud_part_update	80303744	576
bhv_camera_lakitu_init	80303984	156
bhv_camera_lakitu_update	80303f64	572
bhv_monty_mole_hole_update	803043f8	124
monty_mole_spawn_dirt_particles	80304474	76
bhv_monty_mole_init	803044c0	28
bhv_monty_mole_update	80304ba8	640
bhv_monty_mole_rock_update	80304fd4	136
bhv_platform_on_track_init	80305100	300
bhv_platform_on_track_update	80305a58	344
bhv_track_ball_update	80305bb0	100
bhv_seesaw_platform_init	80305c14	124
bhv_seesaw_platform_update	80305c90	412
bhv_ferris_wheel_axle_init	80305e2c	248
bhv_ferris_wheel_platform_update	80305f24	352
bhv_water_bomb_spawner_update	80306084	548
water_bomb_spawn_explode_particles	803062a8	92
bhv_water_bomb_update	803067e8	216
bhv_water_bomb_shadow_update	803068c0	220
bhv_ttc_rotating_solid_init	8030699c	156
bhv_ttc_rotating_solid_update	80306a38	652
bhv_ttc_pendulum_init	80306cc4	116
bhv_ttc_pendulum_update	80306d38	528
bhv_ttc_treadmill_init	80306f48	200
bhv_ttc_treadmill_update	80307010	424
bhv_ttc_moving_bar_init	803071b8	136
bhv_ttc_moving_bar_update	80307670	240
bhv_ttc_cog_init	80307760	128
bhv_ttc_cog_update	803077e0	336
bhv_ttc_pit_block_init	80307930	152
bhv_ttc_pit_block_update	803079c8	284
bhv_ttc_elevator_init	80307ae4	116
bhv_ttc_elevator_update	80307b58	304
bhv_ttc_2d_rotator_init	80307c88	112
bhv_ttc_2d_rotator_update	80307cf8	428
bhv_ttc_spinner_update	80307ea4	276
mr_blizzard_spawn_white_particles	80307fb8	132
bhv_mr_blizzard_init	8030803c	212
bhv_mr_blizzard_update	80308d6c	412
bhv_mr_blizzard_snowball	80309154	140
bhv_sliding_plat_2_init	803091e0	372
bhv_sliding_plat_2_loop	80309354	256
bhv_rotating_octagonal_plat_init	80309454	124
bhv_rotating_octagonal_plat_loop	803094d0	40
bhv_animates_on_floor_switch_press_init	803094f8	56
bhv_animates_on_floor_switch_press_loop	80309530	628
bhv_activated_back_and_forth_platform_init	803097a4	284
bhv_activated_back_and_forth_platform_update	803098c0	676
bhv_recovery_heart_loop	80309b64	392
bhv_bubble_cannon_barrel_loop	80309cec	488
water_bomb_cannon_act_0	80309ed4	148
water_bomb_cannon_act_1	80309f68	384
water_bomb_cannon_act_2	8030a0e8	52
bhv_water_bomb_cannon_loop	8030a11c	164
bhv_unagi_init	8030a1c0	232
unagi_act_0	8030a2a8	232
unagi_act_1_4	8030a390	388
unagi_act_2	8030a514	256
unagi_act_3	8030a614	808
bhv_unagi_loop	8030a93c	384
bhv_unagi_subobject_loop	8030aabc	584
dorrie_raise_head	8030ad04	408
dorrie_act_move	8030ae9c	540
dorrie_begin_head_raise	8030b0b8	56
dorrie_act_lower_head	8030b0f0	304
dorrie_act_raise_head	8030b220	212
bhv_dorrie_update	8030b2f4	868
bhv_haunted_chair_init	8030b658	128
haunted_chair_act_0	8030b6d8	912
haunted_chair_act_1	8030ba68	552
bhv_haunted_chair_loop	8030bc90	156
bhv_mad_piano_update	8030bfd0	156
flying_bookend_act_0	8030c06c	132
flying_bookend_act_1	8030c0f0	288
flying_bookend_act_2	8030c210	184
flying_bookend_act_3	8030c2c8	156
bhv_flying_bookend_loop	8030c364	332
bhv_bookend_spawn_loop	8030c4b0	180
bookshelf_manager_act_0	8030c564	168
bookshelf_manager_act_1	8030c60c	152
bookshelf_manager_act_2	8030c6a4	388
bookshelf_manager_act_3	8030c828	108
bookshelf_manager_act_4	8030c894	88
bhv_haunted_bookshelf_manager_loop	8030c8ec	160
bhv_book_switch_loop	8030c98c	932
obj_spit_fire	8030cd30	172
bhv_fire_piranha_plant_init	8030cddc	228
bhv_fire_piranha_plant_update	8030d2f0	316
bhv_fire_spitter_update	8030d598	168
bhv_small_piranha_flame_loop	8030d640	660
bhv_fly_guy_flame_loop	8030d8d4	104
geo_snufit_move_mask	8030d93c	112
geo_snufit_scale_body	8030d9ac	104
snufit_act_idle	8030da14	292
snufit_act_shoot	8030db38	312
bhv_snufit_loop	8030dc70	852
bhv_snufit_balls_loop	8030dfc4	392
bhv_horizontal_grindel_init	8030e14c	32
bhv_horizontal_grindel_update	8030e16c	536
bhv_eyerok_boss_loop	8030ea9c	160
bhv_eyerok_hand_loop	8030fff8	484
bhv_klepto_init	80310498	180
obj_set_speed_to_zero	8031126c	48
bhv_klepto_update	8031129c	736
bhv_bird_update	80311874	112
bhv_racing_penguin_init	803118e4	112
bhv_racing_penguin_update	80312070	248
bhv_penguin_race_finish_line_update	80312168	152
bhv_penguin_race_shortcut_check_update	80312200	72
bhv_coffin_spawner_loop	80312248	296
coffin_act_idle	80312370	700
coffin_act_stand_up	8031262c	288
bhv_coffin_loop	8031274c	184
clam_act_0	80312804	252
clam_act_1	80312900	340
bhv_clam_loop	80312a54	160
bhv_skeeter_update	80313110	216
bhv_skeeter_wave_update	803131e8	132
bhv_swing_platform_init	8031326c	40
bhv_swing_platform_update	80313294	192
bhv_donut_platform_spawner_update	80313354	476
bhv_donut_platform_update	80313530	412
bhv_ddd_pole_init	803136cc	136
bhv_ddd_pole_update	80313754	160
bhv_red_coin_star_marker_init	803137f4	40
bhv_triplet_butterfly_update	80313fc0	216
bubba_act_0	80314098	484
bubba_act_1	8031427c	856
bhv_bubba_loop	803145d4	1112
prepare_reverb_ring_buffer	80314a30	656
get_volume_ramping	80314cc0	292
synthesis_execute	80314de4	384
synthesis_do_one_audio_update	80314f64	1580
synthesis_process_notes	80315590	2688
load_wave_samples	80316010	204
final_resample	803160dc	92
process_envelope	80316138	100
process_envelope_inner	8031619c	1376
note_apply_headset_pan_effects	803166fc	972
note_init_volume	80316ac8	44
note_set_vel_pan_reverb	80316af4	692
note_set_frequency	80316da8	12
note_enable	80316db4	76
note_disable	80316e00	120
reset_bank_and_seq_load_status	80316e80	68
discard_bank	80316ec4	240
discard_sequence	80316fb4	140
soundAlloc	80317040	116
sound_alloc_pool_init	803170b4	32
persistent_pool_clear	803170d4	20
temporary_pool_clear	803170e8	48
unused_803160F8	80317118	16
sound_init_main_pools	80317128	92
session_pools_init	80317184	124
seq_and_bank_pool_init	80317200	124
persistent_pools_init	8031727c	188
temporary_pools_init	80317338	188
alloc_bank_or_seq	803173fc	1072
get_bank_or_seq	8031782c	192
decrease_reverb_gain	803178ec	40
wait_for_audio_frames	80317914	52
audio_reset_session	80317948	1772
audio_dma_copy_immediate	80318040	132
audio_dma_copy_async	803180c4	108
audio_dma_partial_copy_async	80318130	188
decrease_sample_dma_ttls	803181ec	276
dma_sample_data	80318300	820
init_sample_dma_buffers	80318634	696
patch_audio_bank	803188f4	572
bank_load_immediate	80318b30	348
bank_load_async	80318c8c	312
sequence_dma_immediate	80318dc4	172
sequence_dma_async	80318e70	316
get_missing_bank	80318fac	328
load_banks_immediate	803190f4	300
preload_sequence	80319220	264
load_sequence	80319328	96
load_sequence_internal	80319388	388
audio_init	8031950c	1032
note_init	80319920	120
note_disable2	80319998	32
process_notes	803199b8	1024
seq_channel_layer_decay_release_internal	80319db8	428
seq_channel_layer_note_decay	80319f64	32
seq_channel_layer_note_release	80319f84	32
build_synthetic_wave	80319fa4	556
init_synthetic_wave	8031a1d0	132
init_note_list	8031a254	16
init_note_lists	8031a264	80
init_note_free_list	8031a2b4	180
note_pool_clear	8031a368	300
note_pool_fill	8031a494	316
audio_list_push_front	8031a5d0	64
audio_list_remove	8031a610	44
pop_node_with_lower_prio	8031a63c	144
note_init_for_layer	8031a6cc	200
func_80319728	8031a794	52
note_release_and_take_ownership	8031a7c8	88
alloc_note_from_disabled	8031a820	124
alloc_note_from_decaying	8031a89c	84
alloc_note_from_active	8031a8f0	92
alloc_note	8031a94c	744
reclaim_notes	8031ac34	376
note_init_all	8031adac	304
sequence_player_process_sound	8031aee8	484
get_portamento_freq_scale	8031b0cc	244
get_vibrato_pitch_change	8031b1c0	136
get_vibrato_freq_scale	8031b248	504
note_vibrato_update	8031b440	96
note_vibrato_init	8031b4a0	236
adsr_init	8031b58c	32
adsr_update	8031b5ac	640
sequence_channel_init	8031b830	272
seq_channel_set_layer	8031b940	240
seq_channel_layer_disable	8031ba30	60
seq_channel_layer_free	8031ba6c	132
sequence_channel_disable	8031baf0	108
allocate_sequence_channel	8031bb5c	72
sequence_player_init_channels	8031bba4	300
sequence_player_disable_channels	8031bcd0	208
sequence_channel_enable	8031bda0	164
sequence_player_disable	8031be44	208
audio_list_push_back	8031bf14	64
audio_list_pop_back	8031bf54	64
init_layer_freelist	8031bf94	168
m64_read_u8	8031c03c	20
m64_read_s16	8031c050	48
m64_read_compressed_u16	8031c080	68
seq_channel_layer_process_script	8031c0c4	3472
get_instrument	8031ce54	384
set_instrument	8031cfd4	148
sequence_channel_set_volume	8031d068	36
sequence_channel_process_script	8031d08c	2400
sequence_player_process_sequence	8031d9ec	2132
process_sequences	8031e240	168
init_sequence_player	8031e2e8	140
init_sequence_players	8031e374	368
unused_8031E4F0	8031e4f0	120
unused_8031E568	8031e568	16
create_next_audio_frame_task	8031e7b8	840
play_sound	8031eb00	48
audio_signal_game_loop_tick	8031fd84	40
seq_player_fade_out	80320678	68
fade_volume_scale	803206bc	120
process_level_music_dynamics	803208ec	1156
unused_8031FED0	80320d70	204
seq_player_lower_volume	80320e3c	136
seq_player_unlower_volume	80320ec4	164
set_audio_muted	803210d4	88
sound_init	8032112c	620
get_currently_playing_sound	80321398	220
stop_sound	80321474	272
stop_sounds_from_source	80321584	228
stop_sounds_in_continuous_banks	8032171c	48
sound_banks_disable	8032174c	92
sound_banks_enable	8032180c	88
unused_803209D8	80321864	116
set_sound_moving_speed	803218d8	28
play_dialog_sound	803218f4	184
play_music	803219ac	512
stop_background_music	80321bac	312
fadeout_background_music	80321ce4	84
drop_queued_background_music	80321d38	36
get_current_background_music	80321d5c	64
func_80320ED8	80321d9c	172
play_secondary_music	80321e48	256
func_80321080	80321f48	84
func_803210D4	80321f9c	220
play_course_clear	80322078	60
play_peachs_jingle	803220b4	60
play_puzzle_jingle	803220f0	60
play_star_fanfare	8032212c	60
play_power_star_jingle	80322168	80
play_race_fanfare	803221b8	60
play_toads_jingle	803221f4	60
sound_reset	80322230	236
audio_set_sound_mode	8032231c	44
unused_80321460	80322348	20
unused_80321474	8032235c	8
osSetTime	803223b0	36
osMapTLB	803223e0	192
osUnmapTLBAll	803224a0	80
sprintf	803224f0	108
proutSprintf	8032255c	56
osCreateMesgQueue	803225a0	44
osSetEventMesg	803225d0	104
osViSetEvent	80322640	108
osCreateThread	803226b0	324
osRecvMesg	80322800	312
_VirtualToPhysicalTask	80322940	284
osSpTaskLoad	80322a5c	352
osSpTaskStartGo	80322bbc	64
osSpTaskYield	80322c00	32
osSendMesg	80322c20	332
osSpTaskYielded	80322d70	128
osStartThread	80322df0	336
osWritebackDCacheAll	80322f40	48
osCreateViManager	80322f70	388
viMgrMain	803230f4	464
osViSetMode	803232d0	104
osViBlack	80323340	112
osViSetSpecialFeatures	803233b0	440
osCreatePiManager	80323570	380
osSetThreadPri	803236f0	224
osInitialize	803237d0	560
osViSwapBuffer	80323a00	80
sqrtf	80323a50	16
osContStartReadData	80323a60	196
osContGetReadData	80323b24	168
__osPackReadData	80323bcc	236
osContInit	80323cc0	508
__osContGetInitData	80323ebc	208
__osPackRequestData	80323f8c	244
osEepromProbe	80324080	108
__ull_rshift	803240f0	44
__ull_rem	8032411c	60
__ull_div	80324158	60
__ll_lshift	80324194	44
__ll_rem	803241c0	60
__ll_div	803241fc	92
__ll_mul	80324258	48
__ull_divremi	80324288	96
__ll_mod	803242e8	156
__ll_rshift	80324384	44
osInvalDCache	803243b0	176
osPiStartDma	80324460	260
bzero	80324570	160
osInvalICache	80324610	128
osEepromLongRead	80324690	316
osEepromLongWrite	803247d0	316
bcopy	80324910	784
guOrthoF	80324c20	340
guOrtho	80324d74	104
guPerspectiveF	80324de0	560
guPerspective	80325010	88
osGetTime	80325070	132
__d_to_ll	80325100	28
__f_to_ll	8032511c	28
__d_to_ull	80325138	160
__f_to_ull	803251d8	156
__ll_to_d	80325274	24
__ll_to_f	8032528c	24
__ull_to_d	803252a4	52
__ull_to_f	803252d8	48
cosf	80325310	360
sinf	80325480	448
guTranslateF	80325640	72
guTranslate	80325688	84
guRotateF	803256e0	404
guRotate	80325874	80
guScaleF	803258d0	84
guScale	80325924	72
osAiSetFrequency	80325970	352
alBnkfNew	80325bd4	260
alSeqFileNew	80325cd8	64
osWritebackDCache	80325d20	128
osAiGetLength	80325da0	12
osAiSetNextBuffer	80325db0	168
__osTimerServicesInit	80325e60	140
__osTimerInterrupt	80325eec	376
__osSetTimerIntr	80326064	116
__osInsertTimer	803260d8	392
_Printf	80326260	2092
memcpy	803273f0	44
strlen	8032741c	40
strchr	80327444	64
__osDequeueThread	80327490	64
__osDisableInt	803274d0	32
__osRestoreInt	803274f0	32
__osViInit	80327510	292
__osExceptionPreamble	80327640	16
__osException	80327650	604
next_interrupt	803278ac	56
counter	803278e4	32
cart	80327904	52
rcp	80327938	80
sp_other_break	80327988	16
vi	80327998	36
ai	803279bc	44
si	803279e8	36
pi	80327a0c	44
dp	80327a38	36
no_more_rcp_ints	80327a5c	12
prenmi	80327a68	44
firstnmi	80327a94	48
sw2	80327ac4	32
sw1	80327ae4	32
handle_break	80327b04	24
redispatch	80327b1c	52
enqueue_running	80327b50	24
panic	80327b68	48
send_mesg	80327b98	180
handle_CpU	80327c4c	52
__osEnqueueAndYield	80327c80	144
__osEnqueueThread	80327d10	72
__osPopThread	80327d58	16
__osDispatchThread	80327d68	320
__osCleanupThread	80327ea8	8
osVirtualToPhysical	80327eb0	124
__osSpSetStatus	80327f30	12
__osSpSetPc	80327f40	52
__osSpRawStartDma	80327f80	140
__osSpDeviceBusy	80328010	44
__osSpGetStatus	80328040	12
osGetThreadPri	80328050	24
__osViGetCurrentContext	80328070	12
__osViSwapContext	80328080	860
osGetCount	803283e0	16
__osPiCreateAccessQueue	803283f0	80
__osPiGetAccess	80328440	68
__osPiRelAccess	80328484	44
osPiRawStartDma	803284b0	224
__osDevMgrMain	80328590	372
__osSetSR	80328710	16
__osGetSR	80328720	16
__osSetFpcCsr	80328730	16
__osSiRawReadIo	80328740	80
__osSiRawWriteIo	80328790	76
osMapTLBRdb	803287e0	96
osPiRawReadIo	80328840	84
__osSiCreateAccessQueue	803288a0	80
__osSiGetAccess	803288f0	68
__osSiRelAccess	80328934	44
__osSiRawStartDma	80328960	172
osSetTimer	80328a10	212
osEepromWrite	80328af0	432
__osPackEepWriteData	80328ca0	268
__osEepStatus	80328dac	548
osJamMesg	80328fd0	336
osPiGetCmdQueue	80329120	40
osEepromRead	80329150	496
__osPackEepReadData	80329340	260
guMtxF2L	80329450	256
guMtxIdentF	80329550	136
guMtxIdent	803295d8	48
guMtxL2F	80329608	180
guNormalize	803296c0	132
__osAiDeviceBusy	80329750	48
__osSetCompare	80329780	16
_Litob	80329790	768
_Ldtob	80329a90	1536
u32_to_string	8032a860	48
string_to_u32	8032a890	88
send_packet	8032a8e8	192
send	8032a9a8	216
process_command_memory	8032aa80	76
process_command_register	8032aacc	44
kdebugserver	8032aaf8	476
__osSyncPutChars	8032ace0	292
osSetIntMask	8032ae10	96
osDestroyThread	8032ae70	248
__osProbeTLB	8032af70	192
__osSiDeviceBusy	8032b030	44
lldiv	8032b060	256
ldiv	8032b160	132
__osGetCause	8032b1f0	16
__osAtomicDec	8032b200	88
rspF3DBootStart	8032b260	208
rspF3DBootEnd	8032b330	5128
rspF3DStart	8032b330	5128
rspF3DEnd	8032c738	8
rspAspMainStart	8032c740	3616
gVblankHandler1	8032d560	4
rspAspMainEnd	8032d560	4
gVblankHandler2	8032d564	4
gActiveSPTask	8032d568	4
sCurrentAudioSPTask	8032d56c	4
sCurrentDisplaySPTask	8032d570	4
sNextAudioSPTask	8032d574	4
sNextDisplaySPTask	8032d578	4
sAudioEnabled	8032d57c	1
gNumVblanks	8032d580	4
gResetTimer	8032d584	1
gNmiResetBarsTimer	8032d588	1
gDebugLevelSelect	8032d58c	1
D_8032C650	8032d590	1
gShowProfiler	8032d594	1
gShowDebugText	8032d598	1
sProfilerKeySequence	8032d59c	16
sDebugTextKeySequence	8032d5ac	16
sProfilerKey	8032d5bc	4
sDebugTextKey	8032d5c0	16
sUnusedGameInitValue	8032d5d0	4
gGlobalTimer	8032d5d4	4
sRenderedFramebuffer	8032d5d8	2
sRenderingFramebuffer	8032d5dc	2
gGoddardVblankCallback	8032d5e0	4
gPlayer1Controller	8032d5e4	4
gPlayer2Controller	8032d5e8	4
gPlayer3Controller	8032d5ec	4
gCurrDemoInput	8032d5f0	4
gDemoInputListID	8032d5f4	2
gRecordedDemoInput	8032d5f8	4
sMusicVolume	8032d600	4
sBgMusicDisabled	8032d604	4
sCurrentMusic	8032d608	4
sCurrentShellMusic	8032d60c	4
sCurrentCapMusic	8032d610	4
sPlayingInfiniteStairs	8032d614	4
unused8032C6D8	8032d618	16
sSoundMenuModeToSoundMode	8032d628	8
sMenuSoundsExtra	8032d630	144
sPaintingEjectSoundPlayed	8032d6c0	16
credits01	8032d6d0	8
credits02	8032d6d8	12
credits03	8032d6e4	12
credits04	8032d6f0	16
credits05	8032d700	16
credits06	8032d710	12
credits07	8032d71c	12
credits08	8032d728	16
credits09	8032d738	8
credits10	8032d740	16
credits11	8032d750	12
credits12	8032d75c	8
credits13	8032d764	16
credits14	8032d774	8
credits15	8032d77c	12
credits16	8032d788	20
credits17	8032d79c	16
credits18	8032d7ac	16
credits19	8032d7bc	8
credits20	8032d7c4	8
sCreditsSequence	8032d7cc	368
gMarioState	8032d93c	4
unused1	8032d940	2
sWarpCheckpointActive	8032d944	1
sInteractionHandlers	8032d950	248
sForwardKnockbackActions	8032da48	36
sBackwardKnockbackActions	8032da6c	36
sDisplayingDoorText	8032da90	4
sJustTeleported	8032da94	4
sPSSSlideStarted	8032da98	8
sTerrainSounds	8032daa0	42
sSquishScaleOverTime	8032dacc	16
sCapFlickerFrames	8032dae0	8
sMovingSandSpeeds	8032daf0	8
gWaterSurfacePseudoFloor	8032daf8	48
sEndCutsceneVp	8032db30	16
sDispCreditsEntry	8032db40	4
D_8032CBE4	8032db44	4
D_8032CBE8	8032db48	4
D_8032CBEC	8032db4c	8
sStarsNeededForDialog	8032db54	8
sJumboStarKeyframes	8032db5c	216
sSparkleGenTheta	8032dc34	4
sSparkleGenPhi	8032dc38	4
sMarioBlinkOverride	8032dc3c	20
sJumpLandAction	8032dc50	24
sFreefallLandAction	8032dc68	24
sSideFlipLandAction	8032dc80	24
sHoldJumpLandAction	8032dc98	24
sHoldFreefallLandAction	8032dcb0	24
sLongJumpLandAction	8032dcc8	24
sDoubleJumpLandAction	8032dce0	24
sTripleJumpLandAction	8032dcf8	24
sBackflipLandAction	8032dd10	24
sWasAtSurface	8032dd30	4
sSwimStrength	8032dd34	4
sWaterCurrentSpeeds	8032dd38	8
sPunchingForwardVelocities	8032dd40	8
gMarioBlinkAnimation	8032dd50	8
gMarioAttackScaleAnimation	8032dd58	20
sMarioAttackAnimCounter	8032dd6c	4
gMainPoolState	8032dd70	16
gLastCompletedCourseNum	8032dd80	1
gLastCompletedStarNum	8032dd84	1
sUnusedGotGlobalCoinHiScore	8032dd88	1
gGotFileCoinHiScore	8032dd8c	1
gCurrCourseStarFlags	8032dd90	1
gSpecialTripleJump	8032dd94	1
gLevelToCourseNumTable	8032dd98	38
gMarioSpawnInfo	8032ddc0	4
gLoadedGraphNodes	8032ddc4	4
gAreas	8032ddc8	4
gCurrentArea	8032ddcc	4
gCurrCreditsEntry	8032ddd0	4
D_8032CE74	8032ddd4	4
D_8032CE78	8032ddd8	4
gWarpTransDelay	8032dddc	2
gFBSetColor	8032dde0	4
gWarpTransFBSetColor	8032dde4	4
gWarpTransRed	8032dde8	1
gWarpTransGreen	8032ddec	1
gWarpTransBlue	8032ddf0	1
gCurrSaveFileNum	8032ddf4	2
gCurrLevelNum	8032ddf8	2
sWarpBhvSpawnTable	8032ddfc	80
sSpawnTypeFromWarpBhv	8032de4c	20
D_8032CF00	8032de60	16
renderModeTable_1Cycle	8032de70	64
renderModeTable_2Cycle	8032deb0	64
gCurGraphNodeRoot	8032def0	4
gCurGraphNodeMasterList	8032def4	4
gCurGraphNodeCamFrustum	8032def8	4
gCurGraphNodeCamera	8032defc	4
gCurGraphNodeObject	8032df00	4
gCurGraphNodeHeldObject	8032df04	4
gAreaUpdateCounter	8032df08	2
gProfilerMode	8032df10	2
gCurrentFrameIndex1	8032df14	2
gCurrentFrameIndex2	8032df18	2
unused8032CFC0	8032df20	4
gCutsceneFocus	8032df24	4
unused8032CFC8	8032df28	4
unused8032CFCC	8032df2c	4
gSecondCameraFocus	8032df30	4
sYawSpeed	8032df34	2
gCurrLevelArea	8032df38	4
gPrevLevel	8032df3c	4
unused8032CFE0	8032df40	4
unused8032CFE4	8032df44	4
unused8032CFE8	8032df48	4
gCameraZoomDist	8032df4c	4
sObjectCutscene	8032df50	1
gRecentCutscene	8032df54	1
sFramesSinceCutsceneEnded	8032df58	1
sCutsceneDialogResponse	8032df5c	1
sMarioCamState	8032df60	4
sLuigiCamState	8032df64	4
unused8032D008	8032df68	4
sFixedModeBasePosition	8032df6c	12
sUnusedModeBasePosition_2	8032df78	12
sUnusedModeBasePosition_3	8032df84	12
sUnusedModeBasePosition_4	8032df90	12
sUnusedModeBasePosition_5	8032df9c	12
sModeTransitions	8032dfa8	72
unused8032D0A8	8032e008	8
unused8032D0B0	8032e010	8
sDanceCutsceneTable	8032e018	10
unusedDanceInfo1	8032e024	20
unusedDanceType	8032e038	4
unusedDanceInfo2	8032e03c	20
sBBHLibraryParTrackPath	8032e050	72
sCamSL	8032e098	72
sCamTHI	8032e0e0	72
sCamHMC	8032e128	168
sCamSSL	8032e1d0	120
sCamRR	8032e248	168
sCamBOB	8032e2f0	72
sCamCotMC	8032e338	48
sCamCCM	8032e368	72
sCamCastle	8032e3b0	840
sCamBBH	8032e6f8	1464
sCameraTriggers	8032ecb0	160
sIntroStartToPipePosition	8032ed50	184
sIntroStartToPipeFocus	8032ee08	184
sIntroPipeToDialogPosition	8032eec0	112
sIntroPipeToDialogFocus	8032ef30	112
sEndingFlyToWindowPos	8032efa0	80
sEndingFlyToWindowFocus	8032eff0	88
sEndingPeachDescentCamPos	8032f048	160
sEndingMarioToPeachPos	8032f0e8	72
sEndingMarioToPeachFocus	8032f130	72
sEndingLookUpAtCastle	8032f178	64
sEndingLookAtSkyFocus	8032f1b8	56
gIntroLakituStartToPipeFocus	8032f214	280
gIntroLakituStartToPipeOffsetFromCamera	8032f32c	280
gEndWavingPos	8032f444	72
gEndWavingFocus	8032f48c	72
sCutsceneEnding	8032f4d4	96
sCutsceneGrandStar	8032f534	16
sCutsceneUnused	8032f544	16
sCutsceneDoorWarp	8032f554	16
sCutsceneEndWaving	8032f564	8
sCutsceneCredits	8032f56c	8
sCutsceneDoorPull	8032f574	40
sCutsceneDoorPush	8032f59c	40
sCutsceneDoorPullMode	8032f5c4	24
sCutsceneDoorPushMode	8032f5dc	24
sCutsceneEnterCannon	8032f5f4	24
sCutsceneStarSpawn	8032f60c	24
sCutsceneRedCoinStarSpawn	8032f624	16
sCutsceneEnterPainting	8032f634	8
sCutsceneDeathExit	8032f63c	16
sCutsceneExitPaintingSuccess	8032f64c	16
sCutsceneUnusedExit	8032f65c	24
sCutsceneIntroPeach	8032f674	40
sCutscenePrepareCannon	8032f69c	16
sCutsceneExitWaterfall	8032f6ac	16
sCutsceneFallToCastleGrounds	8032f6bc	16
sCutsceneEnterPyramidTop	8032f6cc	16
sCutscenePyramidTopExplode	8032f6dc	24
sCutsceneStandingDeath	8032f6f4	8
sCutsceneEnterPool	8032f6fc	16
sCutsceneDeathStomach	8032f70c	8
sCutsceneDeathOnBack	8032f714	8
sCutsceneQuicksandDeath	8032f71c	8
sCutsceneWaterDeath	8032f724	8
sCutsceneSuffocation	8032f72c	8
sCutsceneEnterBowserArena	8032f734	24
sCutsceneDanceDefaultRotate	8032f74c	8
sCutsceneDanceFlyAway	8032f754	8
sCutsceneDanceCloseup	8032f75c	8
sCutsceneKeyDance	8032f764	8
sCutsceneCapSwitchPress	8032f76c	8
sCutsceneSlidingDoorsOpen	8032f774	16
sCutsceneUnlockKeyDoor	8032f784	16
sCutsceneExitBowserSuccess	8032f794	16
sCutsceneExitBowserDeath	8032f7a4	16
sCutsceneExitSpecialSuccess	8032f7b4	16
sCutsceneNonPaintingDeath	8032f7c4	16
sCutsceneDialog	8032f7d4	24
sCutsceneReadMessage	8032f7ec	24
sDanceCutsceneIndexTable	8032f804	108
sZoomOutAreaMasks	8032f870	20
sBoBCreditsSplinePositions	8032f884	40
sBoBCreditsSplineFocus	8032f8ac	40
sWFCreditsSplinePositions	8032f8d4	40
sWFCreditsSplineFocus	8032f8fc	40
sJRBCreditsSplinePositions	8032f924	40
sJRBCreditsSplineFocus	8032f94c	40
sCCMSlideCreditsSplinePositions	8032f974	40
sCCMSlideCreditsSplineFocus	8032f99c	40
sBBHCreditsSplinePositions	8032f9c4	32
sBBHCreditsSplineFocus	8032f9e4	32
sHMCCreditsSplinePositions	8032fa04	40
sHMCCreditsSplineFocus	8032fa2c	40
sTHIWigglerCreditsSplinePositions	8032fa54	24
sTHIWigglerCreditsSplineFocus	8032fa6c	24
sVolcanoCreditsSplinePositions	8032fa84	48
sVolcanoCreditsSplineFocus	8032fab4	48
sSSLCreditsSplinePositions	8032fae4	48
sSSLCreditsSplineFocus	8032fb14	48
sDDDCreditsSplinePositions	8032fb44	56
sDDDCreditsSplineFocus	8032fb7c	56
sSLCreditsSplinePositions	8032fbb4	32
sSLCreditsSplineFocus	8032fbd4	32
sWDWCreditsSplinePositions	8032fbf4	32
sWDWCreditsSplineFocus	8032fc14	32
sTTMCreditsSplinePositions	8032fc34	48
sTTMCreditsSplineFocus	8032fc64	48
sTHIHugeCreditsSplinePositions	8032fc94	56
sTHIHugeCreditsSplineFocus	8032fccc	56
sTTCCreditsSplinePositions	8032fd04	32
sTTCCreditsSplineFocus	8032fd24	32
sRRCreditsSplinePositions	8032fd44	32
sRRCreditsSplineFocus	8032fd64	32
sSACreditsSplinePositions	8032fd84	40
sSACreditsSplineFocus	8032fdac	40
sCotMCCreditsSplinePositions	8032fdd4	40
sCotMCCreditsSplineFocus	8032fdfc	40
sDDDSubCreditsSplinePositions	8032fe24	40
sDDDSubCreditsSplineFocus	8032fe4c	40
sCCMOutsideCreditsSplinePositions	8032fe74	32
sCCMOutsideCreditsSplineFocus	8032fe94	32
sObjectListUpdateOrder	8032fec0	11
sParticleTypes	8032fecc	304
sBBHStairJiggleOffsets	80330000	4
sPowersOfTwo	80330004	16
sLevelsWithRooms	80330014	12
sCapSaveFlags	80330020	12
sBooHitRotations	8033002c	64
sMrIParticleActions	8033006c	8
sMrIActions	80330074	16
sMrIHitbox	80330084	16
sTHITopPuffs	80330094	20
sCapSwitchText	803300a8	3
sCapSwitchActions	803300ac	16
sKingBobombActions	803300bc	36
sKingBobombSoundStates	803300e0	96
sOpenedCannonActions	80330140	28
sUnusedChuckyaData	8033015c	60
sChuckyaActions	80330198	16
sRotatingPlatformData	803301a8	24
sKoopaShellUnderwaterHitbox	803301c0	16
sMistParticles	803301d0	20
sSparkleSpawnStarHitbox	803301e4	16
sYellowCoinHitbox	803301f4	16
sCoinArrowPositions	80330204	32
sCoinInsideBooActions	80330224	8
sTinyTriMovementParams	8033022c	24
sTinyStarMovementParams	80330244	28
sDoorActions	80330260	40
sDoorOpenSounds	80330288	8
sDoorCloseSounds	80330290	8
sGrindelThwompActions	80330298	20
sTumblingBridgeData	803302ac	48
sTumblingBridgeActions	803302dc	16
sElevatorHeights	803302ec	44
sElevatorActions	80330318	20
sGlobalMistParticles	8033032c	20
sSandParticles	80330340	20
sSmokeMovementParams	80330354	8
sSnowParticles	8033035c	20
sUkikiCageActions	80330370	16
sBowserShockwaveHitPoints	80330380	16
sSpindriftHitbox	80330390	16
sMetalBoxHitbox	803303a0	16
sBreakableBoxHitbox	803303b0	16
D_8032F460	803303c0	40
sHeaveHoActions	803303e8	16
sJumpingBoxHitbox	803303f8	16
sJumpingBoxActions	80330408	8
sBooCageHitbox	80330410	16
sBetaBooKeyActions	80330420	12
sBowserKeyHitbox	8033042c	16
sBulletBillActions	8033043c	20
sBowserTailAnchorActions	80330450	12
sBowserDebugActions	8033045c	16
sBowserVelYAir	8033046c	2
sBowserFVelAir	80330470	2
sBowserDanceStepNoises	80330474	4
sBowserDefeatedDialogText	80330478	6
sBowsertiltPlatformData	80330480	72
sBowserActions	803304c8	80
sBowserSoundStates	80330518	216
sBowserRainbowLight	803305f0	3
sBowserHealth	803305f4	3
sBowserFallingPlatform	803305f8	132
sFallingBowserPlatformActions	8033067c	12
sGrowingBowserFlameHitbox	80330688	16
sBowserFlameHitbox	80330698	16
sFlameFloatingYLimit	803306a8	12
D_8032F754	803306b4	40
sCageUkikiPath	803306dc	92
sUkikiSoundStates	80330738	104
sUkikiActions	803307a0	32
D_8032F860	803307c0	52
D_8032F894	803307f4	52
D_8032F8C8	80330828	8
sRotatingCwFireBarsActions	80330830	16
sKoopaShellHitbox	80330840	16
sToxBoxActionTable1	80330850	52
sToxBoxActionTable2	80330884	35
sToxBoxActionTable3	803308a8	36
sToxBoxActionTables	803308cc	12
sToxBoxActions	803308d8	32
sPiranhaPlantBiteSoundFrames	803308f8	8
TablePiranhaPlantActions	80330900	36
sPieceActions01	80330924	28
sPieceActions02	80330940	28
sPieceActions05	8033095c	28
sPieceActions06	80330978	28
sPieceActions10	80330994	28
sPieceActions09	803309b0	28
sPieceActions13	803309cc	28
sPieceActions12	803309e8	28
sPieceActions08	80330a04	28
sPieceActions07	80330a20	28
sPieceActions03	80330a3c	28
sPieceActions04	80330a58	28
sPieceActions11	80330a74	28
sPieceActions14	80330a90	28
sBowserPuzzlePieces	80330aac	112
sBowserPuzzlePieceActions	80330b1c	28
sTuxiesMotherActions	80330b38	12
sSmallPenguinActions	80330b44	24
sFishSpawnerActions	80330b5c	12
sFishActions	80330b68	12
sBirdChirpChirpActions	80330b74	16
sCheepCheepActions	80330b84	12
sExclamationBoxHitbox	80330b90	16
sExclamationBoxContents	80330ba0	128
sExclamationBoxActions	80330c20	24
sSkullSlidingBoxHitbox	80330c38	16
gOpenableGrills	80330c48	16
sTweesterHitbox	80330c58	16
sTweesterActions	80330c68	12
sBooGivingStarHitbox	80330c74	16
sCourtyardBooTripletPositions	80330c84	20
sBooActions	80330c98	24
sBooGivingStarActions	80330cb0	20
sBooWithCageActions	80330cc4	16
sScuttlebugHitbox	80330cd4	16
sWhompActions	80330ce4	40
sWaterSplashDropletParams	80330d0c	36
gShallowWaterSplashDropletParams	80330d30	36
sWaterDropletFishParams	80330d54	36
gShallowWaterWaveDropletParams	80330d78	36
sStrongWindParticleHitbox	80330d9c	16
sSLWalkingPenguinErraticSteps	80330dac	112
D_8032FEC0	80330e20	2
unused_8032FEC4	80330e24	16
gMarioPlatform	80330e34	4
sDebugEffectStringInfo	80330e40	36
sDebugEnemyStringInfo	80330e64	36
sDebugInfoDPadMask	80330e88	4
sDebugInfoDPadUpdID	80330e8c	4
sDebugLvSelectCheckFlag	80330e90	1
sDebugPage	80330e94	1
sNoExtraDebug	80330e98	1
sDebugStringArrPrinted	80330e9c	1
sDebugSysCursor	80330ea0	1
sDebugInfoButtonSeqID	80330ea4	1
sDebugInfoButtonSeq	80330ea8	10
sTransitionColorFadeCount	80330ec0	4
sTransitionTextureFadeCount	80330ec4	4
sTextureTransitionID	80330ec8	16
rectangles	80330ee0	24
sSkyboxTextures	80330f00	40
sSkyboxColors	80330f28	6
gMovtexCounter	80330f30	2
gMovtexCounterPrev	80330f34	2
gMovtexVtxColor	80330f38	1
gPaintingMarioYEntry	80330f3c	4
gWDWWaterLevelSet	80330f40	4
gMovtexIdToTexture	80330f44	32
gMovtexNonColored	80330f64	576
gMovtexColored	803311a4	216
gMovtexColored2	8033127c	108
sCurAreaTimer	803312f0	4
sPrevAreaTimer	803312f4	4
sFlyingCarpetRippleTimer	803312f8	8
sHMCPaintings	80331300	8
sInsideCastlePaintings	80331308	60
sTTMPaintings	80331344	8
sPaintingGroups	8033134c	12
gPaintingUpdateCounter	80331358	2
gLastPaintingUpdateCounter	8033135c	2
sTextLabelsCount	80331360	2
gDialogCharWidths	80331370	256
gMenuState	80331470	1
gDialogBoxAngle	80331474	4
gDialogBoxScale	80331478	4
gDialogScrollOffsetY	8033147c	2
gDialogBoxType	80331480	1
gDialogID	80331484	2
gNextDialogPageStartStrIndex	80331488	2
gDialogPageStartStrIndex	8033148c	2
gMenuLineNum	80331490	1
gDialogWithChoice	80331494	1
gMenuHoldKeyIndex	80331498	1
gMenuHoldKeyTimer	8033149c	1
gDialogResponse	803314a0	4
gHudSymCoin	803314b0	2
gHudSymX	803314b4	2
gMenuMode	803314f8	2
gEndCutsceneStrEn0	803314fc	7
gEndCutsceneStrEn1	80331504	52
gEndCutsceneStrEn2	80331538	31
gEndCutsceneStrEn3	80331558	18
gEndCutsceneStrEn4	8033156c	43
gEndCutsceneStrEn5	80331598	19
gEndCutsceneStrEn6	803315ac	31
gEndCutsceneStrEn7	803315cc	16
gEndCutsceneStrEn8	803315dc	7
gEndCutsceneStringsEn	803315e4	40
gCutsceneMsgFade	8033160c	2
gCutsceneMsgIndex	80331610	2
gCutsceneMsgDuration	80331614	2
gCutsceneMsgTimer	80331618	2
gDialogCameraAngleIndex	8033161c	1
gDialogCourseActNum	80331620	1
gCourseCompleteCoinsEqual	803316c8	1
gCourseCompleteScreenTimer	803316cc	4
gCourseCompleteCoins	803316d0	4
gHudFlash	803316d4	1
gEnvFxMode	80331750	1
D_80330644	80331754	4
gSnowTempVtx	80331758	48
gSnowFlakeVertex1	80331788	6
gSnowFlakeVertex2	80331790	6
gSnowFlakeVertex3	80331798	6
D_80330690	803317a0	4
D_80330694	803317a4	4
gBubbleTempVtx	803317a8	48
sMacroObjectPresets	803317e0	2928
sSpecialObjectPresets	80332350	672
sPowerMeterHUD	803325f0	12
sPowerMeterVisibleTimer	803325fc	4
sUnusedHUDValue1	80332600	4
sUnusedHUDValue2	80332604	4
sCameraHUDStatus	80332608	8
sOrientObjWithFloor	80332610	4
sPrevCheckMarioRoom	80332614	2
sYoshiDead	80332618	1
sDebugSequenceTracker	8033261c	1
sDebugTimer	80332620	1
sMovingYellowCoinHitbox	80332624	16
sMovingBlueCoinHitbox	80332634	16
sBobombHitbox	80332644	16
sWhirlpoolHitbox	80332654	16
sAmpHitbox	80332664	16
sSmallBullyHitbox	80332674	16
sBigBullyHitbox	80332684	16
sMoneybagHitbox	80332694	16
sMoneybagHiddenHitbox	803326a4	16
sBowlingBallHitbox	803326b4	16
sTHIHugeMetalBallTraj	803326c4	84
sTHITinyMetalBallTraj	80332718	76
sRollingSphereHitbox	80332764	16
sCapHitbox	80332774	16
sCollectStarHitbox	80332784	16
sRedCoinHitbox	80332794	16
D_80331694	803327a4	4
sBreakableBoxSmallHitbox	803327a8	16
sMantaRayTraj	803327b8	68
sMantaRayHitbox	803327fc	16
sFallingPillarHitbox	8033280c	16
sTreasureChestBottomHitbox	8033281c	16
sYoshiHomeLocations	8033282c	20
sKoopaHitbox	80332840	16
sKoopaUnshelledAttackHandlers	80332850	8
sKoopaShelledAttackHandlers	80332858	8
sKoopaTheQuickProperties	80332860	32
sPokeyBodyPartHitbox	80332880	16
sPokeyBodyPartAttackHandlers	80332890	8
sSwoopHitbox	80332898	16
sFlyGuyHitbox	803328a8	16
sFlyGuyJitterAmounts	803328b8	8
sGoombaHitbox	803328c0	16
sGoombaProperties	803328d0	36
sGoombaAttackHandlers	803328f4	12
sChainChompHitbox	80332900	16
sWigglerBodyPartHitbox	80332910	16
sWigglerHitbox	80332920	16
sWigglerAttackHandlers	80332930	8
sWigglerSpeeds	80332938	28
sSpinyHitbox	80332954	16
sSpinyWalkAttackHandlers	80332964	8
sEnemyLakituHitbox	8033296c	16
sCloudPartHeights	8033297c	8
montyMoleRiseFromGroundParticles	80332984	20
sMontyMoleHitbox	80332998	16
sMontyMoleRockHitbox	803329a8	16
sMontyMoleRockBreakParticles	803329b8	20
sPlatformOnTrackCollisionModels	803329cc	16
sPlatformOnTrackPaths	803329dc	36
sSeesawPlatformCollisionModels	80332a00	32
sFerrisWheelProperties	80332a20	24
sWaterBombHitbox	80332a38	16
waterBombExplodeParticles	80332a48	20
waterBombCannonParticle	80332a5c	20
sTTCRotatingSolidCollisionModels	80332a70	8
sTTCRotatingSolidInitialDelays	80332a78	4
sTTCPendulumInitialAccels	80332a7c	16
sTTCTreadmillCollisionModels	80332a8c	8
sTTCTreadmillSpeeds	80332a94	8
sTTCMovingBarDelays	80332a9c	8
sTTCMovingBarRandomDelays	80332aa4	4
sTTCCogCollisionModels	80332aa8	8
sTTCCogDirections	80332ab0	4
sTTCCogNormalSpeeds	80332ab4	4
sTTCPitBlockCollisionModels	80332ab8	8
sTTCPitBlockProperties	80332ac0	32
sTTCElevatorSpeeds	80332ae0	4
sTTC2DRotatorSpeeds	80332ae4	4
sTTC2DRotatorTimeBetweenTurns	80332ae8	16
sTTCSpinnerSpeeds	80332af8	8
sMrBlizzardHitbox	80332b00	16
D_80331A00	80332b10	20
sMrBlizzardSnowballHitbox	80332b24	16
sSlidingPlatform2CollisionData	80332b34	32
sOctagonalPlatformCollision	80332b54	8
sOctagonalPlatformAngularVelocities	80332b5c	8
D_80331A54	80332b64	120
D_80331ACC	80332bdc	6
sActivatedBackAndForthPlatformCollisionModels	80332be4	12
sRecoveryHeartHitbox	80332bf0	16
sUnagiHitbox	80332c00	16
sHauntedChairHitbox	80332c10	16
sMadPianoHitbox	80332c20	16
sFlyingBookendHitbox	80332c30	16
D_80331B30	80332c40	12
sBookSwitchHitbox	80332c4c	16
sFirePiranhaPlantHitbox	80332c5c	16
D_80331B5C	80332c6c	8
sPiranhaPlantFireHitbox	80332c74	16
sSnufitHitbox	80332c84	16
sSnufitBulletHitbox	80332c94	16
sEyerokHitbox	80332ca4	16
D_80331BA4	80332cb4	6
sKleptoHitbox	80332cbc	16
sKleptoTargetPositions	80332ccc	36
sKleptoAttackHandlers	80332cf0	8
sRacingPenguinData	80332cf8	24
coffinRelativePos	80332d10	24
sClamShellHitbox	80332d28	16
sSkeeterHitbox	80332d38	16
D_80331C38	80332d48	16
sDonutPlatformPositions	80332d58	188
sTripletButterflyExplodeHitbox	80332e14	16
sTripletButterflyActivationData	80332e24	24
sBubbaHitbox	80332e3c	20
gAudioErrorFlags	80332e50	4
sGameLoopTicked	80332e54	4
sDialogSpeaker	80332e58	170
sDialogSpeakerVoice	80332f04	60
sNumProcessedSoundRequests	80332f40	1
sSoundRequestCount	80332f44	1
sDynBBH	80332f48	12
sDynDDD	80332f54	24
sDynJRB	80332f6c	26
sDynWDW	80332f88	14
sDynHMC	80332f98	16
sDynUnk38	80332fa8	16
sDynNone	80332fb8	4
sCurrentMusicDynamic	80332fbc	1
sBackgroundMusicForDynamics	80332fc0	1
sLevelDynamics	80332fc4	156
sMusicDynamics	80333060	96
sLevelAreaReverbs	803330c0	117
sLevelAcousticReaches	80333138	78
sBackgroundMusicDefaultVolume	80333188	35
sCurrentBackgroundMusicSeqId	803331ac	1
sMusicDynamicDelay	803331b0	1
sSoundBankUsedListBack	803331b4	10
sSoundBankFreeListFront	803331c0	10
sNumSoundsInBank	803331cc	10
sMaxChannelsForSoundBank	803331d8	10
sNumSoundsPerBank	803331e4	10
gGlobalSoundSource	803331f0	12
sUnusedSoundArgs	803331fc	12
sSoundBankDisabled	80333208	2
D_80332108	80333218	1
sHasStartedFadeOut	8033321c	1
sSoundBanksThatLowerBackgroundMusic	80333220	2
sUnused80332114	80333224	1
sUnused80332118	80333228	2
sBackgroundMusicMaxTargetVolume	8033322c	1
D_80332120	80333230	1
D_80332124	80333234	1
sBackgroundMusicQueueSize	80333238	1
sUnused8033323C	8033323c	1
gAudioSessionPresets	803332a0	504
gAudioCosineTable	80333498	256
gPitchBendFrequencyScale	80333598	1020
gNoteFrequencies	80333994	512
gDefaultShortNoteVelocityTable	80333b94	16
gDefaultShortNoteDurationTable	80333ba4	16
gVibratoCurve	80333bb4	16
gDefaultEnvelope	80333bc4	12
sSineWave	80333bd0	128
sSquareWave	80333c50	128
sTriangleWave	80333cd0	128
sSawtoothWave	80333d50	128
gWaveSamples	80333dd0	16
gHeadsetPanQuantization	80333de0	20
gHeadsetPanVolume	80333df4	512
gStereoPanVolume	80333ff4	512
gDefaultPanVolume	803341f4	512
gVolRampingLhs136	803343f4	512
gVolRampingRhs136	803345f4	512
gVolRampingLhs144	803347f4	512
gVolRampingRhs144	803349f4	512
gVolRampingLhs128	80334bf4	512
gVolRampingRhs128	80334df4	512
gTatumsPerBeat	80334ff4	2
gUnusedCount80333EE8	80334ff8	1
gAudioHeapSize	80334ffc	4
gAudioInitPoolSize	80335000	4
gAudioLoadLock	80335004	4
sUnused8033EF8	80335008	1
osViModeTable	80335010	2184
viMgrMainArgs	803358d0	5
__osPiDevMgr	803358f0	5
osClockRate	80335910	8
__osShutdown	80335918	4
_osContInitialized	80335920	4
__osTimerList	80335940	4
spaces	80335950	36
zeroes	80335974	44
__osThreadTail	803359a0	4
D_80334894	803359a4	4
__osRunQueue	803359a8	4
__osActiveQueue	803359ac	4
__osRunningThread	803359b0	4
__osFaultedThread	803359b4	4
sViContexts	803359c0	3
__osViCurr	80335a20	4
__osViNext	80335a24	4
sTvType	80335a28	4
osViClock	80335a2c	4
__osHwIntTable	80335a30	20
D_80334934	80335a44	4
D_80334938	80335a48	8
gOsPiAccessQueueCreated	80335a50	4
gOsSiAccessQueueCreated	80335a60	4
osViModePalLan1	80335aa0	78
osViModeMpalLan1	80335af0	78
__osRdbSendMessage	80335b50	4
__osRdbWriteOK	80335b54	4
__osIntOffTable	80339980	32
__osIntTable	803399a0	48
NAN	803399d0	4
pows	803399e0	72
__osRcpImTable	80339a40	128
rspF3DDataStart	80339ac0	2048
rspAspMainDataStart	8033a2c0	704
rspF3DDataEnd	8033a2c0	704
D_80339210	8033a580	432
_mainSegmentEnd	8033a580	432
_mainSegmentNoloadStart	8033a580	432
rspAspMainDataEnd	8033a580	432
gIdleThread	8033a730	432
gMainThread	8033a8e0	432
gGameLoopThread	8033aa90	432
gSoundThread	8033ac40	432
gPIMesgQueue	8033adf0	24
gIntrMesgQueue	8033ae08	24
gSPTaskMesgQueue	8033ae20	24
gDmaMesgBuf	8033ae38	4
gPIMesgBuf	8033ae40	128
gSIEventMesgBuf	8033aec0	4
gIntrMesgBuf	8033aec8	64
gUnknownMesgBuf	8033af08	64
gDmaIoMesg	8033af48	20
gMainReceivedMesg	8033af5c	4
gDmaMesgQueue	8033af60	24
gSIEventMesgQueue	8033af78	24
gControllers	8033af90	84
gControllerStatuses	8033afe8	16
gControllerPads	8033aff8	24
gGameVblankQueue	8033b010	24
gGfxVblankQueue	8033b028	24
gGameMesgBuf	8033b040	4
gGfxMesgBuf	8033b044	4
gGameVblankHandler	8033b048	8
gPhysicalFramebuffers	8033b050	12
gPhysicalZBuffer	8033b05c	4
gMarioAnimsMemAlloc	8033b060	4
gDemoInputsMemAlloc	8033b064	4
gGfxSPTask	8033b068	4
gDisplayListHead	8033b06c	4
gGfxPoolEnd	8033b070	4
gGfxPool	8033b074	4
gControllerBits	8033b078	1
gEepromProbe	8033b079	1
gMarioAnimsBuf	8033b080	12
gDemoInputsBuf	8033b090	12
sfillerGameInit	8033b0a0	144
unused80339DC0	8033b130	16
sSoundMesgQueue	8033b140	24
sSoundMesgBuf	8033b158	8
sSoundVblankHandler	8033b160	16
gMarioStates	8033b170	200
sCurrPlayMode	8033b238	2
D_80339ECA	8033b23a	2
sTransitionTimer	8033b23c	2
sTransitionUpdate	8033b240	4
unused2	8033b244	4
sWarpDest	8033b248	8
D_80339EE0	8033b250	2
sDelayedWarpOp	8033b252	2
sDelayedWarpTimer	8033b254	2
sSourceWarpNodeId	8033b256	2
sDelayedWarpArg	8033b258	4
sUnusedLevelUpdateBss	8033b25c	2
sTimerRunning	8033b25e	1
gHudDisplay	8033b260	14
gNeverEnteredCastle	8033b26e	1
sDelayInvincTimer	8033b270	1
sInvulnerable	8033b272	2
unused80339F10	8033b280	4
unused80339F1C	8033b288	20
sIntroWarpPipeObj	8033b2a0	4
sEndPeachObj	8033b2a4	4
sEndRightToadObj	8033b2a8	4
sEndLeftToadObj	8033b2ac	4
sEndJumboStarObj	8033b2b0	4
sUnused	8033b2b4	4
sEndPeachAnimation	8033b2b8	4
sEndToadAnims	8033b2bc	4
sFloorAlignMatrix	8033b2c0	128
sBobTimer	8033b340	2
sBobIncrement	8033b342	2
sBobHeight	8033b344	12
gMirrorMario	8033b350	96
gBodyStates	8033b3b0	80
sSegmentTable	8033b400	128
sPoolFreeSpace	8033b480	4
sPoolStart	8033b484	4
sPoolEnd	8033b488	4
sPoolListHeadL	8033b48c	4
sPoolListHeadR	8033b490	4
gEffectsMemoryPool	8033b494	4
gWarpCheckpoint	8033b4a0	5
gMainMenuDataModified	8033b4a5	1
gSaveFileModified	8033b4a6	1
gPlayerSpawnInfos	8033b4b0	32
D_8033A160	8033b4d0	1024
gAreaData	8033b8d0	480
gWarpTransition	8033bab0	22
gCurrCourseNum	8033bac6	2
gCurrActNum	8033bac8	2
gCurrAreaIndex	8033baca	2
gSavedCourseNum	8033bacc	2
gMenuOptSelectIndex	8033bace	2
gSaveOptSelectIndex	8033bad0	2
gMatStackIndex	8033bae0	2
gMatStack	8033bae8	2048
gMatStackFixed	8033c2e8	128
gGeoTempState	8033c368	16
gCurrAnimType	8033c378	1
gCurrAnimEnabled	8033c379	1
gCurrAnimFrame	8033c37a	2
gCurrAnimTranslationMultiplier	8033c37c	4
gCurrAnimAttribute	8033c380	4
gCurrAnimData	8033c384	4
gDisplayListHeap	8033c388	4
gProfilerFrameData	8033c390	400
gPlayerCameraState	8033c520	72
sOldPosition	8033c568	12
sOldFocus	8033c578	12
sPlayer2FocusOffset	8033c588	12
sCreditsPlayer2Pitch	8033c594	2
sCreditsPlayer2Yaw	8033c596	2
sFramesPaused	8033c598	1
sFOVState	8033c5a0	28
sModeTransition	8033c5c0	36
sMarioGeometry	8033c5e8	52
unusedFreeRoamWallYaw	8033c61c	2
sAvoidYawVel	8033c61e	2
sCameraYawAfterDoorCutscene	8033c620	2
unusedSplinePitch	8033c622	2
unusedSplineYaw	8033c624	2
sHandheldShakeSpline	8033c628	64
sHandheldShakeMag	8033c668	2
sHandheldShakeTimer	8033c66c	4
sHandheldShakeInc	8033c670	4
sHandheldShakePitch	8033c674	2
sHandheldShakeYaw	8033c676	2
sHandheldShakeRoll	8033c678	2
unused8033B30C	8033c67c	4
unused8033B310	8033c680	4
sSelectionFlags	8033c684	2
unused8033B316	8033c686	2
s2ndRotateFlags	8033c688	2
unused8033B31A	8033c68a	2
sCameraSoundFlags	8033c68c	2
sCButtonsPressed	8033c68e	2
sCutsceneDialogID	8033c690	2
gLakituState	8033c698	192
unused8033B3E8	8033c758	2
sAreaYaw	8033c75a	2
sAreaYawChange	8033c75c	2
sLakituDist	8033c75e	2
sLakituPitch	8033c760	2
sZoomAmount	8033c764	4
sCSideButtonYaw	8033c768	2
sBehindMarioSoundTimer	8033c76a	2
sZeroZoomDist	8033c76c	4
sCUpCameraPitch	8033c770	2
sModeOffsetYaw	8033c772	2
sSpiralStairsYawOffset	8033c774	2
s8DirModeBaseYaw	8033c776	2
s8DirModeYawOffset	8033c778	2
sPanDistance	8033c77c	4
sCannonYOffset	8033c780	4
sModeInfo	8033c788	72
sCastleEntranceOffset	8033c7d0	12
sParTrackIndex	8033c7dc	4
sParTrackPath	8033c7e0	4
sParTrackTransOff	8033c7e8	32
sCameraStoreCUp	8033c808	32
sCameraStoreCutscene	8033c828	32
gCameraMovementFlags	8033c848	2
sStatusFlags	8033c84a	2
sCurCreditsSplinePos	8033c850	256
sCurCreditsSplineFocus	8033c950	256
sCutsceneSplineSegment	8033ca50	2
sCutsceneSplineSegmentProgress	8033ca54	4
unused8033B6E8	8033ca58	2
sCutsceneShot	8033ca5a	2
gCutsceneTimer	8033ca5c	2
sCutsceneVars	8033ca60	360
gObjCutsceneDone	8033cbc8	4
gCutsceneObjSpawn	8033cbcc	4
gCamera	8033cbd0	4
gObjectListArray	8033cbe0	1664
gDebugInfoFlags	8033d260	4
gNumFindFloorMisses	8033d264	4
unused_8033BEF8	8033d268	4
gUnknownWallCount	8033d26c	4
gObjectCounter	8033d270	4
gNumCalls	8033d274	6
gDebugInfo	8033d280	256
gDebugInfoOverwrite	8033d380	256
gTimeStopState	8033d480	4
gObjectPool	8033d488	145920
gMacroObjectDefaultParent	80360e88	608
gObjectLists	803610e8	4
gFreeObjectList	803610f0	104
gMarioObject	80361158	4
gLuigiObject	8036115c	4
gCurrentObject	80361160	4
gCurBhvCommand	80361164	4
gPrevFrameObjectCount	80361168	2
gSurfaceNodesAllocated	8036116c	4
gSurfacesAllocated	80361170	4
gNumStaticSurfaceNodes	80361174	4
gNumStaticSurfaces	80361178	4
gObjectMemoryPool	8036117c	4
gCheckingSurfaceCollisionsForCamera	80361180	2
gFindFloorIncludeSurfaceIntangible	80361182	2
gEnvironmentRegions	80361184	4
gEnvironmentLevels	80361188	80
gDoorAdjacentRooms	803611d8	120
gMarioCurrentRoom	80361250	2
D_8035FEE2	80361252	2
D_8035FEE4	80361254	2
gTHIWaterDrained	80361256	2
gTTCSpeedSetting	80361258	2
gMarioShotFromCannon	8036125a	2
gCCMEnteredSlide	8036125c	2
gNumRoomedObjectsInMarioRoom	8036125e	2
gNumRoomedObjectsNotInMarioRoom	80361260	2
gWDWWaterLevelChanging	80361262	2
gMarioOnMerryGoRound	80361264	2
grabReleaseState	80361270	16
D_8035FF10	80361280	16
gDebugPrintState1	80361290	12
gDebugPrintState2	803612a0	12
sMarioOnFlyingCarpet	803612b0	1
sSurfaceTypeBelowShadow	803612b2	2
gShadowAboveWaterOrLava	803612b4	1
gMarioOnIceOrCarpet	803612b5	1
sSkyBoxInfo	803612c0	32
gMovetexLastTextureId	803612e0	2
gFlyingCarpetState	803612f0	1
gPaintingMarioFloorType	80361300	2
gPaintingMarioXPos	80361304	4
gPaintingMarioYPos	80361308	4
gPaintingMarioZPos	8036130c	4
gPaintingMesh	80361310	4
gPaintingTriNorms	80361314	4
gRipplingPainting	80361318	4
gDDDPaintingStatus	8036131c	1
sTextLabels	80361320	208
gMenuTextColorTransTimer	803613f0	2
gLastDialogLineNum	803613f2	1
gDialogVariable	803613f4	4
gMenuTextAlpha	803613f8	2
gCutsceneMsgXOffset	803613fa	2
gCutsceneMsgYOffset	803613fc	2
gRedCoinsCollected	803613fe	1
gEnvFxBuffer	80361400	4
gSnowCylinderLastPos	80361408	12
gSnowParticleCount	80361414	2
gSnowParticleMaxCount	80361416	2
gEnvFxBubbleConfig	80361420	20
sGfxCursor	80361434	4
sBubbleParticleCount	80361438	4
sBubbleParticleMaxCount	8036143c	4
sPowerMeterStoredHealth	80361440	16
sObjFloor	80361450	16
sNumActiveFirePiranhaPlants	80361460	4
sNumKilledFirePiranhaPlants	80361464	4
sObjSavedPosX	80361468	4
sObjSavedPosY	8036146c	4
sObjSavedPosZ	80361470	4
sMontyMoleHoleList	80361474	4
sMontyMoleKillStreak	80361478	4
sMontyMoleLastKilledPosX	8036147c	4
sMontyMoleLastKilledPosY	80361480	4
sMontyMoleLastKilledPosZ	80361484	4
sMasterTreadmill	80361488	4
gCurrAiBuffer	80361490	4
sSoundRequests	80361498	2048
D_80360928	80361c98	768
sUsedChannelsForSoundBank	80361f98	10
sCurrentSound	80361fa8	10
sSoundBanks	80361fb8	11200
sSoundMovingSpeed	80364b78	10
sBackgroundMusicTargetVolume	80364b82	1
sLowerBackgroundMusicVolume	80364b83	5
sBackgroundMusicQueue	80364b88	12
__osEventStateTab	80364ba0	120
tmpTask	80364c20	64
piMgrThread	80365e70	432
piMgrStack	80366020	4096
piEventQueue	80367020	24
piEventBuf	80367038	8
__osFinalrom	80367040	4
__osContPifRam	80367050	64
__osContLastCmd	80367090	1
__osMaxControllers	80367091	1
__osEepromTimer	80367098	32
__osEepromTimerQ	803670b8	24
__osEepromTimerMsg	803670d0	16
__osBaseTimer	803670f0	32
__osCurrentTime	80367110	8
__osBaseCounter	80367118	4
__osViIntrCount	8036711c	4
__osTimerCounter	80367120	4
osPiMesgBuff	80367130	8
gOsPiMessageQueue	80367138	24
osSiMesgBuff	80367150	8
gOsSiMessageQueue	80367158	24
__osEepPifRam	80367170	64
debugBuffer	803671b0	256
__osThreadSave	803672b0	432
_mainSegmentNoloadEnd	80367460	70560
_engineSegmentStart	80378800	64
vec3f_copy	80378800	64
vec3f_set	80378840	76
vec3f_add	8037888c	88
vec3f_sum	803788e4	88
vec3s_copy	8037893c	64
vec3s_set	8037897c	76
vec3s_add	803789c8	88
vec3s_sum	80378a20	88
vec3s_sub	80378a78	88
vec3s_to_vec3f	80378ad0	100
vec3f_to_vec3s	80378b34	284
find_vector_perpendicular_to_plane	80378c50	232
vec3f_cross	80378d38	136
vec3f_normalize	80378dc0	168
mtxf_copy	80378e68	76
mtxf_identity	80378eb4	112
mtxf_translate	80378f24	96
mtxf_lookat	80378f84	1212
mtxf_rotate_zxy_and_translate	80379440	432
mtxf_rotate_xyz_and_translate	803795f0	424
mtxf_billboard	80379798	384
mtxf_align_terrain_normal	80379918	396
mtxf_align_terrain_triangle	80379aa4	1212
mtxf_mul	80379f60	828
mtxf_scale_vec3f	8037a29c	172
mtxf_mul_vec3s	8037a348	236
mtxf_to_mtx	8037a434	132
mtxf_rotate_xy	8037a4b8	152
get_pos_from_transform_mtx	8037a550	332
vec3f_get_dist_and_angle	8037a69c	236
vec3f_set_dist_and_angle	8037a788	216
approach_s32	8037a860	84
approach_f32	8037a8b4	112
atan2s	8037a9a8	480
atan2f	8037ab88	100
spline_get_weights	8037abec	972
anim_spline_init	8037afb8	48
anim_spline_poll	8037afe8	564
init_scene_graph_node_links	8037b220	44
init_graph_node_root	8037b24c	192
init_graph_node_ortho_projection	8037b30c	116
init_graph_node_perspective	8037b380	200
init_graph_node_start	8037b448	100
init_graph_node_master_list	8037b4ac	132
init_graph_node_render_range	8037b530	132
init_graph_node_switch_case	8037b5b4	188
init_graph_node_camera	8037b670	212
init_graph_node_translation_rotation	8037b744	180
init_graph_node_translation	8037b7f8	164
init_graph_node_rotation	8037b89c	164
init_graph_node_scale	8037b940	160
init_graph_node_object	8037b9e0	244
init_graph_node_culling_radius	8037bad4	116
init_graph_node_animated_part	8037bb48	164
init_graph_node_billboard	8037bbec	164
init_graph_node_display_list	8037bc90	148
init_graph_node_shadow	8037bd24	144
init_graph_node_object_parent	8037bdb4	116
init_graph_node_generated	8037be28	164
init_graph_node_background	8037becc	184
init_graph_node_held_object	8037bf84	192
geo_add_child	8037c044	120
geo_remove_child	8037c0bc	124
geo_make_first_child	8037c138	172
geo_call_global_function_nodes_helper	8037c1e4	380
geo_call_global_function_nodes	8037c360	112
geo_reset_object_node	8037c3d0	120
geo_obj_init	8037c448	212
geo_obj_init_spawninfo	8037c51c	316
geo_obj_init_animation	8037c658	176
geo_obj_init_animation_accel	8037c708	208
retrieve_animation_index	8037c7d8	108
geo_update_animation_frame	8037c844	420
geo_retreive_animation_translation	8037c9e8	296
geo_find_root	8037cb10	80
read_vec3s_to_vec3f	8037cb60	96
read_vec3s	8037cbc0	60
read_vec3s_angle	8037cbfc	120
register_scene_graph_node	8037cc74	236
geo_layout_cmd_branch_and_link	8037cd60	196
geo_layout_cmd_end	8037ce24	196
geo_layout_cmd_branch	8037cee8	136
geo_layout_cmd_return	8037cf70	80
geo_layout_cmd_open_node	8037cfc0	88
geo_layout_cmd_close_node	8037d018	56
geo_layout_cmd_assign_as_view	8037d050	128
geo_layout_cmd_update_node_flags	8037d0d0	256
geo_layout_cmd_node_root	8037d1d0	344
geo_layout_cmd_node_ortho_projection	8037d328	124
geo_layout_cmd_node_perspective	8037d3a4	232
geo_layout_cmd_node_start	8037d48c	80
geo_layout_cmd_nop3	8037d4dc	36
geo_layout_cmd_node_master_list	8037d500	92
geo_layout_cmd_node_level_of_detail	8037d55c	120
geo_layout_cmd_node_switch_case	8037d5d4	108
geo_layout_cmd_node_camera	8037d640	176
geo_layout_cmd_node_translation_rotation	8037d6f0	484
geo_layout_cmd_node_translation	8037d8d4	196
geo_layout_cmd_node_rotation	8037d998	196
geo_layout_cmd_node_scale	8037da5c	244
geo_layout_cmd_nop2	8037db50	36
geo_layout_cmd_node_animated_part	8037db74	156
geo_layout_cmd_node_billboard	8037dc10	196
geo_layout_cmd_node_display_list	8037dcd4	120
geo_layout_cmd_node_shadow	8037dd4c	144
geo_layout_cmd_node_object_parent	8037dddc	88
geo_layout_cmd_node_generated	8037de34	96
geo_layout_cmd_node_background	8037de94	100
geo_layout_cmd_nop	8037def8	36
geo_layout_cmd_copy_view	8037df1c	184
geo_layout_cmd_node_held_obj	8037dfd4	132
geo_layout_cmd_node_culling_radius	8037e058	92
process_geo_layout	8037e0b4	232
level_script_execute	803805c8	188
f32_find_wall_collision	80380de8	164
find_wall_collisions	80380e8c	428
find_ceil	80381264	524
unused_obj_find_floor_height	80381470	72
find_floor_height_and_data	803814b8	180
find_floor_height	80381794	76
unused_find_dynamic_floor	803817e0	288
find_floor	80381900	672
find_water_level	80381ba0	412
find_poison_gas_level	80381d3c	396
debug_surface_list_info	80381f08	908
unused_resolve_floor_or_ceil_collisions	80382294	504
alloc_surface_pools	80383340	120
load_area_terrain	803833b8	492
clear_dynamic_surfaces	803835a4	96
transform_object_vertices	80383614	532
load_object_surfaces	80383828	420
load_object_collision_model	803839cc	416
random_u16	80383bb0	260
random_float	80383cb4	104
random_sign	80383d1c	76
obj_update_gfx_pos_and_angle	80383d68	84
stub_behavior_script_2	80385bf0	16
cur_obj_update	80385c00	904
identityMtx	80385f90	32
zeroMtx	80385fb0	32
gVec3fZero	80385fd0	12
gVec3sZero	80385fdc	6
gVec3fOne	80385fe4	12
gVec3sOne	80385ff0	6
gSineTable	80386000	4096
gCosineTable	80387000	16384
gArctanTable	8038b000	2050
GeoLayoutJumpTable	8038b810	132
unused_8038B894	8038b894	12
sLevelPool	8038b8a0	4
sDelayFrames	8038b8a4	4
sDelayFrames2	8038b8a8	4
sCurrAreaIndex	8038b8ac	4
sStackTop	8038b8b0	4
sStackBase	8038b8b4	4
LevelScriptJumpTable	8038b8b8	248
BehaviorCmdTable	8038b9b0	224
_engineSegmentEnd	8038bc90	4
_engineSegmentNoloadStart	8038bc90	4
gSplineKeyframe	8038bc90	4
gSplineKeyframeFraction	8038bc94	4
gSplineState	8038bc98	4
gGraphNodePool	8038bca0	4
gCurRootGraphNode	8038bca4	4
D_8038BCA8	8038bca8	4
gGeoViews	8038bcac	4
gGeoNumViews	8038bcb0	2
gGeoLayoutStack	8038bcb8	64
gCurGraphNodeList	8038bcf8	128
gCurGraphNodeIndex	8038bd78	2
gGeoLayoutStackIndex	8038bd7a	2
D_8038BD7C	8038bd7c	2
gGeoLayoutReturnIndex	8038bd7e	2
gGeoLayoutCommand	8038bd80	4
gObjParentGraphNode	8038bd88	20
sStack	8038bda0	128
sScriptStatus	8038be20	4
sRegister	8038be24	4
sCurrentCmd	8038be28	8
sFloorGeo	8038be30	32
unused8038BE50	8038be50	64
unused8038BE90	8038be90	4
gStaticSurfacePartition	8038be98	6144
gDynamicSurfacePartition	8038d698	6144
sSurfaceNodePool	8038ee98	4
sSurfacePool	8038ee9c	4
sSurfacePoolSize	8038eea0	2
unused8038EEA8	8038eea8	48
gRandomSeed16	8038eee0	16
_engineSegmentNoloadEnd	8038eef0	2320
_framebuffersSegmentNoloadStart	8038f800	153600
gFramebuffer0	8038f800	153600
gFramebuffer1	803b5000	153600
gFramebuffer2	803da800	153600
_framebuffersSegmentNoloadEnd	80400000	4
K1BASE	a0000000	4
SP_DMEM	a4000000	4
SP_DMEM_UNK0	a40004c0	4
SP_DMEM_UNK1	a4000774	4
SP_IMEM	a4001000	4
SP_STATUS_REG	a4040010	4
SP_PC	a4080000	4
MI_MODE_REG	a4300000	4
MI_VERSION_REG	a4300004	4
MI_INTR_REG	a4300008	4
MI_INTR_MASK_REG	a430000c	4
VI_CURRENT_REG	a4400010	4
AI_STATUS_REG	a450000c	4
PI_DRAM_ADDR_REG	a4600000	4
PI_CART_ADDR_REG	a4600004	4
PI_WR_LEN_REG	a460000c	4
PI_STATUS_REG	a4600010	4
PI_BSD_DOM1_LAT_REG	a4600014	4
PI_BSD_DOM1_PWD_REG	a4600018	4
PI_BSD_DOM1_PGS_REG	a460001c	4
PI_BSD_DOM1_RLS_REG	a4600020	4
RI_MODE_REG	a4700000	4
RI_REFRESH_REG	a4700010	4
SI_STATUS_REG	a4800018	4
D_B0000008	b0000008	4
D_B0000010	b0000010	4
D_B0000014	b0000014	4
D_C0000000	c0000000	4
K2BASE	c0000000	4
D_C0000008	c0000008	4
D_C000000C	c000000c	4
