main_hud_lut	02007700	232
main_font_lut	020077e8	1024
main_credits_font_lut	02007be8	148
main_hud_camera_lut	02007c7c	24
seg2_debug_text_table	02007d28	12
seg2_dialog_table	02010a68	684
seg2_course_name_table	02010f68	108
seg2_act_name_table	0201192c	392
dl_hud_img_begin	02011ac0	56
dl_hud_img_load_tex_block	02011af8	48
dl_hud_img_end	02011b28	56
dl_rgba16_text_begin	02011b60	56
dl_rgba16_load_tex_block	02011b98	48
dl_rgba16_text_end	02011bc8	64
dl_draw_text_bg_box	02011c48	64
dl_ia_text_begin	02011cc8	64
dl_ia_text_tex_settings	02011d08	72
dl_ia_text_end	02011d50	64
dl_draw_triangle	02011dc0	80
dl_billboard_num_begin	02011e50	72
dl_billboard_num_end	02011e98	64
dl_billboard_num_0	02011ed8	48
dl_billboard_num_1	02011f08	48
dl_billboard_num_2	02011f38	48
dl_billboard_num_3	02011f68	48
dl_billboard_num_4	02011f98	48
dl_billboard_num_5	02011fc8	48
dl_billboard_num_6	02011ff8	48
dl_billboard_num_7	02012028	48
dl_billboard_num_8	02012058	48
dl_billboard_num_9	02012088	48
texture_transition_star_half	020122b8	2048
texture_transition_circle_half	02012ab8	2048
texture_transition_mario	020132b8	4096
texture_transition_bowser_half	020142b8	2048
texture_waterbox_water	02014ab8	2048
texture_waterbox_jrb_water	020152b8	2048
texture_waterbox_unknown_water	02015ab8	2048
texture_waterbox_mist	020162b8	2048
texture_waterbox_lava	02016ab8	2048
dl_draw_quad_verts_0123	02017350	24
dl_draw_quad_verts_4567	02017368	24
dl_shadow_begin	02017380	40
dl_shadow_circle	020173a8	72
dl_shadow_square	020173f0	72
dl_shadow_9_verts	02017438	72
dl_shadow_4_verts	02017480	24
dl_shadow_end	02017498	40
dl_proj_mtx_fullscreen	020174c0	56
dl_screen_transition_end	020174f8	40
dl_transition_draw_filled_region	02017520	72
dl_skybox_begin	02017568	48
dl_skybox_tile_tex_settings	02017598	48
dl_skybox_end	020175c8	40
dl_waterbox_rgba16_begin	020175f0	64
dl_waterbox_ia16_begin	02017630	64
dl_waterbox_end	02017670	40
dl_ia8_up_arrow_begin	020176d8	56
dl_rgba16_unused	02017710	48
dl_ia8_up_arrow_load_texture_block	02017740	88
dl_ia8_up_arrow_end	02017798	32
dl_paintings_rippling_begin	020177d0	56
dl_paintings_rippling_end	02017808	32
dl_paintings_env_mapped_begin	02017828	56
dl_paintings_env_mapped_end	02017860	48
dl_paintings_draw_ripples	02017890	48
seg2_painting_triangle_mesh	020178c0	2530
seg2_painting_mesh_neighbor_tris	020182a4	1898
mist_seg3_dl_03000880	03000880	160
mist_seg3_dl_03000920	03000920	160
explosion_seg3_dl_03004208	03004208	144
explosion_seg3_dl_03004298	03004298	24
explosion_seg3_dl_030042B0	030042b0	24
explosion_seg3_dl_030042C8	030042c8	24
explosion_seg3_dl_030042E0	030042e0	24
explosion_seg3_dl_030042F8	030042f8	24
explosion_seg3_dl_03004310	03004310	24
explosion_seg3_dl_03004328	03004328	24
butterfly_seg3_dl_03005408	03005408	152
butterfly_seg3_dl_030054A0	030054a0	152
butterfly_seg3_anims_030056B0	030056b0	8
coin_seg3_dl_03007780	03007780	80
coin_seg3_dl_030077D0	030077d0	48
coin_seg3_dl_03007800	03007800	40
coin_seg3_dl_03007828	03007828	40
coin_seg3_dl_03007850	03007850	40
coin_seg3_dl_03007878	03007878	40
coin_seg3_dl_030078A0	030078a0	40
coin_seg3_dl_030078C8	030078c8	40
coin_seg3_dl_030078F0	030078f0	40
coin_seg3_dl_03007918	03007918	40
coin_seg3_dl_03007940	03007940	40
coin_seg3_dl_03007968	03007968	40
coin_seg3_dl_03007990	03007990	40
coin_seg3_dl_030079B8	030079b8	40
warp_pipe_seg3_dl_03008E40	03008e40	344
warp_pipe_seg3_dl_03008F98	03008f98	96
warp_pipe_seg3_dl_03009968	03009968	184
warp_pipe_seg3_dl_03009A20	03009a20	48
warp_pipe_seg3_dl_03009A50	03009a50	120
warp_pipe_seg3_collision_03009AC8	03009ac8	528
door_seg3_dl_03013C10	03013c10	184
door_seg3_dl_03013CC8	03013cc8	176
door_seg3_dl_03013D78	03013d78	176
door_seg3_dl_03013E28	03013e28	128
door_seg3_dl_03013EA8	03013ea8	120
door_seg3_dl_03014020	03014020	224
door_seg3_dl_03014100	03014100	40
door_seg3_dl_03014128	03014128	24
door_seg3_dl_030141C0	030141c0	88
door_seg3_dl_03014218	03014218	56
door_seg3_dl_03014250	03014250	48
door_seg3_dl_03014280	03014280	48
door_seg3_dl_030142B0	030142b0	48
door_seg3_dl_030142E0	030142e0	48
door_seg3_dl_03014310	03014310	48
door_seg3_dl_03014340	03014340	48
door_seg3_dl_03014470	03014470	112
door_seg3_dl_030144E0	030144e0	72
door_seg3_dl_03014528	03014528	24
door_seg3_dl_03014540	03014540	24
door_seg3_dl_03014888	03014888	312
door_seg3_dl_030149C0	030149c0	96
door_seg3_dl_03014A20	03014a20	48
door_seg3_dl_03014A50	03014a50	48
door_seg3_dl_03014A80	03014a80	176
door_seg3_dl_03014B30	03014b30	176
door_seg3_dl_03014BE0	03014be0	176
door_seg3_dl_03014C90	03014c90	176
door_seg3_dl_03014D40	03014d40	176
door_seg3_dl_03014EF0	03014ef0	64
door_seg3_dl_03014F30	03014f30	56
door_seg3_dl_03014F68	03014f68	48
door_seg3_dl_03014F98	03014f98	112
door_seg3_dl_03015008	03015008	112
door_seg3_dl_03015078	03015078	112
door_seg3_dl_030150E8	030150e8	112
door_seg3_dl_03015158	03015158	112
door_seg3_anims_030156C0	030156c0	24
bowser_key_dl	030161f8	824
bowser_key_seg3_anims_list	030172d0	8
flame_seg3_dl_0301B320	0301b320	144
flame_seg3_dl_0301B3B0	0301b3b0	24
flame_seg3_dl_0301B3C8	0301b3c8	24
flame_seg3_dl_0301B3E0	0301b3e0	24
flame_seg3_dl_0301B3F8	0301b3f8	24
flame_seg3_dl_0301B410	0301b410	24
flame_seg3_dl_0301B428	0301b428	24
flame_seg3_dl_0301B440	0301b440	24
flame_seg3_dl_0301B458	0301b458	24
flame_seg3_dl_0301B470	0301b470	144
flame_seg3_dl_0301B500	0301b500	24
flame_seg3_dl_0301B518	0301b518	24
flame_seg3_dl_0301B530	0301b530	24
flame_seg3_dl_0301B548	0301b548	24
flame_seg3_dl_0301B560	0301b560	24
flame_seg3_dl_0301B578	0301b578	24
flame_seg3_dl_0301B590	0301b590	24
flame_seg3_dl_0301B5A8	0301b5a8	24
blue_fish_seg3_dl_0301BEC0	0301bec0	248
blue_fish_seg3_dl_0301BFB8	0301bfb8	96
blue_fish_seg3_dl_0301C0A8	0301c0a8	168
blue_fish_seg3_dl_0301C150	0301c150	96
blue_fish_seg3_anims_0301C2B0	0301c2b0	8
pebble_seg3_dl_0301CB00	0301cb00	152
leaves_seg3_dl_0301CDE0	0301cde0	144
door_seg3_collision_0301CE78	0301ce78	84
lll_hexagonal_mesh_seg3_collision_0301CECC	0301cecc	48
mario_cap_seg3_dl_03022B30	03022b30	56
mario_cap_seg3_dl_03022B68	03022b68	352
mario_cap_seg3_dl_03022CC8	03022cc8	72
mario_cap_seg3_dl_03022D10	03022d10	40
mario_cap_seg3_dl_03022E78	03022e78	48
mario_cap_seg3_dl_03022EA8	03022ea8	48
mario_cap_seg3_dl_03022ED8	03022ed8	72
mario_cap_seg3_dl_03022F20	03022f20	40
mario_cap_seg3_dl_03022F48	03022f48	176
mario_cap_seg3_dl_03022FF8	03022ff8	184
mario_cap_seg3_dl_030230B0	030230b0	88
mario_cap_seg3_dl_03023108	03023108	88
mario_cap_seg3_dl_03023160	03023160	312
mario_cap_seg3_dl_03023298	03023298	312
power_meter_health_segments_lut	030293e0	32
dl_power_meter_base	03029480	176
dl_power_meter_health_segments_begin	03029570	48
dl_power_meter_health_segments_end	030295a0	56
mushroom_1up_seg3_dl_0302A628	0302a628	56
mushroom_1up_seg3_dl_0302A660	0302a660	112
star_seg3_dl_0302B7B0	0302b7b0	192
star_seg3_dl_0302B870	0302b870	152
star_seg3_dl_0302B9C0	0302b9c0	88
star_seg3_dl_0302BA18	0302ba18	112
sand_seg3_dl_0302BCD0	0302bcd0	144
dirt_seg3_dl_0302BFF8	0302bff8	48
dirt_seg3_dl_0302C028	0302c028	112
dirt_seg3_dl_0302C238	0302c238	96
dirt_seg3_dl_0302C298	0302c298	32
dirt_seg3_dl_0302C2B8	0302c2b8	32
dirt_seg3_dl_0302C2D8	0302c2d8	32
dirt_seg3_dl_0302C2F8	0302c2f8	32
dirt_seg3_dl_0302C318	0302c318	96
dirt_seg3_dl_0302C378	0302c378	56
dirt_seg3_dl_0302C3B0	0302c3b0	56
dirt_seg3_dl_0302C3E8	0302c3e8	56
dirt_seg3_dl_0302C420	0302c420	56
dirt_seg3_dl_0302C458	0302c458	40
transparent_star_seg3_dl_0302C560	0302c560	192
transparent_star_seg3_dl_0302C620	0302c620	56
white_particle_dl	0302c8a0	152
wooden_signpost_seg3_dl_0302D9C8	0302d9c8	128
wooden_signpost_seg3_dl_0302DA48	0302da48	96
wooden_signpost_seg3_dl_0302DC40	0302dc40	144
wooden_signpost_seg3_dl_0302DCD0	0302dcd0	56
wooden_signpost_seg3_dl_0302DD08	0302dd08	120
wooden_signpost_seg3_collision_0302DD80	0302dd80	132
tree_seg3_dl_0302FE88	0302fe88	48
tree_seg3_dl_0302FEB8	0302feb8	48
tree_seg3_dl_0302FEE8	0302fee8	120
tree_seg3_dl_03030FA0	03030fa0	168
tree_seg3_dl_03032088	03032088	168
tree_seg3_dl_03032170	03032170	168
tree_seg3_dl_03033258	03033258	168
dynlist_test_cube	04000000	1608
dynlist_spot_shape	04000650	1488
dynlist_mario_face_shape	040031f0	1056
dynlist_mario_eye_right_shape	040039d8	672
dynlist_mario_eye_left_shape	04004040	672
dynlist_mario_eyebrow_right_shape	040044b4	384
dynlist_mario_eyebrow_left_shape	04004808	384
dynlist_mario_mustache_shape	04004e10	384
dynlist_mario_master	04004f90	24624
anim_mario_mustache_right	0400c6dc	36
mario_butt_dl	0400ca00	664
mario_butt	0400cc98	48
mario_metal_butt	0400ccc8	120
mario_left_arm_shared_dl	0400d090	328
mario_left_arm	0400d1d8	32
mario_left_forearm_shared_dl	0400d2f8	240
mario_left_hand_closed_shared_dl	0400d758	408
mario_left_hand_closed	0400d8f0	32
mario_right_arm_shared_dl	0400dca0	328
mario_right_arm	0400dde8	32
anim_mario_mustache_left	0400de1c	36
mario_right_forearm_shared_dl	0400df08	240
mario_right_hand_closed_dl	0400e2c8	400
mario_right_hand_closed	0400e458	32
mario_metal_right_hand_closed	0400e478	48
mario_left_thigh_dl	0400e6a8	264
mario_left_thigh	0400e7b0	48
mario_metal_left_thigh	0400e7e0	120
mario_left_leg_shared_dl	0400e918	176
mario_left_foot_shared_dl	0400ebb8	232
mario_left_foot	0400eca0	32
mario_right_thigh_shared_dl	0400eeb0	264
mario_right_thigh	0400efb8	32
mario_right_leg_shared_dl	0400f1d8	184
mario_right_foot_dl	0400f400	232
mario_right_foot	0400f4e8	64
mario_metal_right_foot	0400f528	64
anim_mario_lips_1	0400f55c	36
mario_yellow_button_dl	0400ff28	96
mario_pants_overalls_shared_dl	0400ff88	728
mario_tshirt_shared_dl	04010260	232
mario_torso_dl	04010348	40
mario_torso	04010370	128
mario_metal_torso_shared_dl	040103f0	32
anim_mario_lips_2	04010c9c	36
mario_m_logo_dl	040112b0	56
mario_eyes_cap_on_dl	040112e8	104
mario_hair_sideburn_cap_on_dl	04011350	80
mario_mustache_cap_on_dl	040113a0	152
mario_face_part_cap_on_dl	04011438	704
mario_face_cap_dl	040116f8	376
mario_face_back_hair_cap_on_dl	04011870	240
mario_face_cap_on_dl	04011960	64
mario_cap_on_eyes_front	040119a0	240
mario_cap_on_eyes_half_closed	04011a90	240
mario_cap_on_eyes_closed	04011b80	240
mario_cap_on_eyes_right	04011c70	240
mario_cap_on_eyes_left	04011d60	240
mario_cap_on_eyes_up	04011e50	240
mario_cap_on_eyes_down	04011f40	240
mario_cap_on_eyes_dead	04012030	240
mario_metal_cap_on_shared_dl	04012120	64
anim_mario_eyebrows_1	040123dc	36
mario_eyes_cap_off_dl	040132b0	104
mario_mustache_cap_off_dl	04013318	144
mario_hair_sideburn_cap_off_dl	040133a8	80
mario_face_part_cap_off_dl	040133f8	728
mario_face_hair_cap_off_dl	040136d0	752
anim_mario_eyebrows_equalizer	04013738	36
mario_face_cap_off_dl	040139c0	40
mario_cap_off_eyes_front	040139e8	208
mario_cap_off_eyes_half_closed	04013ab8	208
mario_cap_off_eyes_closed	04013b88	208
mario_cap_off_eyes_right	04013c58	208
mario_cap_off_eyes_left	04013d28	208
mario_cap_off_eyes_up	04013df8	208
mario_cap_off_eyes_down	04013ec8	208
mario_cap_off_eyes_dead	04013f98	208
mario_metal_cap_off_shared_dl	04014068	48
mario_medium_poly_butt_dl	040144d8	352
mario_medium_poly_butt	04014638	48
mario_metal_medium_poly_butt	04014668	120
mario_medium_poly_left_arm_shared_dl	040147d0	112
mario_medium_poly_left_arm	04014840	32
mario_medium_poly_left_forearm_shared_dl	04014950	112
mario_medium_poly_left_hand_closed_shared_dl	04014c90	304
mario_medium_poly_left_hand_closed	04014dc0	32
anim_mario_eyebrows_2	04014e78	36
mario_medium_poly_right_arm_shared_dl	04014ed0	112
mario_medium_poly_right_arm	04014f40	32
mario_medium_poly_right_forearm_shared_dl	04015050	112
mario_medium_poly_right_hand_closed_dl	040153b0	304
mario_medium_poly_right_hand_closed	040154e0	32
mario_metal_medium_poly_right_hand_closed	04015500	48
mario_medium_poly_left_thigh_dl	04015620	144
mario_medium_poly_left_thigh	040156b0	48
mario_metal_medium_poly_left_thigh	040156e0	120
mario_medium_poly_left_leg_shared_dl	04015848	144
mario_medium_poly_left_foot_shared_dl	04015a98	200
mario_medium_poly_left_foot	04015b60	32
mario_medium_poly_right_thigh_shared_dl	04015c70	144
mario_medium_poly_right_thigh	04015d00	32
mario_medium_poly_right_leg_shared_dl	04015e10	144
mario_medium_poly_right_foot_dl	04016000	200
mario_medium_poly_right_foot	040160c8	64
mario_metal_medium_poly_right_foot	04016108	64
anim_mario_eyebrows_3	040161d4	36
mario_medium_poly_yellow_button_dl	04016668	80
mario_medium_poly_pants_overalls_shared_dl	040166b8	328
mario_medium_poly_tshirt_shared_dl	04016800	160
mario_medium_poly_torso_dl	040168a0	40
mario_medium_poly_torso	040168c8	128
mario_metal_medium_poly_torso	04016948	32
mario_low_poly_butt_dl	04016a18	160
mario_low_poly_butt	04016ab8	48
mario_metal_low_poly_butt	04016ae8	120
mario_low_poly_left_arm_shared_dl	04016c20	80
mario_low_poly_left_arm	04016c70	32
mario_low_poly_left_forearm_shared_dl	04016d50	80
mario_low_poly_left_hand_closed_shared_dl	04016e20	96
mario_low_poly_left_hand_closed	04016e80	32
mario_low_poly_right_arm_shared_dl	04016f60	80
mario_low_poly_right_arm	04016fb0	32
mario_low_poly_right_forearm_shared_dl	04017090	80
mario_low_poly_right_hand_closed_dl	04017160	96
mario_low_poly_right_hand_closed	040171c0	32
mario_metal_low_poly_right_hand_closed	040171e0	48
mario_low_poly_left_thigh_dl	040172f0	112
mario_low_poly_left_thigh	04017360	48
mario_metal_low_poly_left_thigh	04017390	120
mario_low_poly_left_leg_shared_dl	040174e8	112
mario_low_poly_left_foot_shared_dl	04017638	112
mario_low_poly_left_foot	040176a8	32
mario_low_poly_right_thigh_shared_dl	040177a8	112
mario_low_poly_right_thigh	04017818	32
anim_mario_eyebrows_4	04017914	36
mario_low_poly_right_leg_shared_dl	04017918	112
mario_low_poly_right_foot_dl	04017a68	112
mario_low_poly_right_foot	04017ad8	64
mario_metal_low_poly_right_foot	04017b18	64
mario_low_poly_yellow_button_dl	04017d68	48
mario_low_poly_pants_overalls_shared_dl	04017d98	136
mario_low_poly_tshirt_shared_dl	04017e20	88
mario_low_poly_torso_dl	04017e78	40
mario_low_poly_torso	04017ea0	128
mario_metal_low_poly_torso	04017f20	32
mario_low_poly_mario_m_logo_dl	04018270	40
mario_low_poly_eyes_cap_on_dl	04018298	40
mario_low_poly_mustache_cap_on_dl	040182c0	64
mario_low_poly_face_part_cap_on_dl	04018300	112
mario_low_poly_face_cap_dl	04018370	128
mario_low_poly_face_back_hair_cap_on_dl	040183f0	48
mario_low_poly_face_cap_on_dl	04018420	64
mario_low_poly_cap_on_eyes_front	04018460	208
mario_low_poly_cap_on_eyes_half_closed	04018530	208
mario_low_poly_cap_on_eyes_closed	04018600	208
mario_low_poly_cap_on_eyes_right	040186d0	208
mario_low_poly_cap_on_eyes_left	040187a0	208
mario_low_poly_cap_on_eyes_up	04018870	208
mario_low_poly_cap_on_eyes_down	04018940	208
mario_low_poly_cap_on_eyes_dead	04018a10	208
mario_metal_low_poly_cap_on	04018ae0	56
anim_mario_eyebrows_5	04018c70	36
mario_low_poly_mario_eyes_cap_off_dl	04018dc8	40
mario_low_poly_mustache_cap_off_dl	04018df0	64
mario_low_poly_face_part_cap_off_dl	04018e30	112
mario_low_poly_face_hair_cap_off_dl	04018ea0	200
mario_low_poly_face_cap_off_dl	04018f68	40
mario_low_poly_cap_off_eyes_front	04018f90	176
mario_low_poly_cap_off_eyes_half_closed	04019040	176
mario_low_poly_cap_off_eyes_closed	040190f0	176
mario_low_poly_cap_off_eyes_right	040191a0	176
mario_low_poly_cap_off_eyes_left	04019250	176
mario_low_poly_cap_off_eyes_up	04019300	176
mario_low_poly_cap_off_eyes_down	040193b0	176
mario_low_poly_cap_off_eyes_dead	04019460	176
mario_metal_low_poly_cap_off	04019510	40
mario_left_hand_open_shared_dl	04019a68	568
mario_left_hand_open	04019ca0	32
mario_right_hand_open_dl	0401a1f0	568
anim_mario_eye_left	0401a3b0	36
mario_right_hand_open	0401a428	32
mario_metal_right_hand_open	0401a448	48
mario_right_hand_cap_m_logo_dl	0401aba8	40
mario_right_hand_cap_top_dl	0401abd0	368
mario_right_hand_cap_hand_position_dl	0401ad40	400
mario_right_hand_cap_bottom_dl	0401aed0	80
mario_right_hand_cap_dl	0401af20	64
mario_right_hand_cap_wings_half_1_dl	0401b080	48
mario_right_hand_cap_wings_half_2_dl	0401b0b0	48
mario_right_hand_cap_wings_initial_dl	0401b0e0	88
mario_right_hand_cap_wings_end_dl	0401b138	32
mario_right_hand_cap	0401b158	128
mario_right_hand_cap_wings	0401b1d8	88
mario_metal_right_hand_cap_shared_dl	0401b230	72
mario_metal_right_hand_cap_shared_dl_wings	0401b278	88
anim_mario_eye_right	0401baf0	36
mario_right_hand_peace_shared_dl	0401bc80	688
mario_right_hand_peace	0401bf30	32
mario_cap_unused_m_logo_dl	0401c330	56
mario_cap_unused_base_top_dl	0401c368	352
mario_cap_unused_base_bottom_dl	0401c4c8	72
mario_cap_unused_base_dl	0401c510	40
mario_wings_half_1_unused_dl	0401c678	48
mario_wings_half_2_unused_dl	0401c6a8	48
mario_cap_wings_unused_initial_dl	0401c6d8	88
mario_cap_wings_unused_end_dl	0401c730	40
mario_cap_unused_dl	0401c758	144
mario_metal_cap_unused_dl	0401c7e8	168
mario_cap_wings_unused	0401c890	88
mario_metal_cap_wings_unused	0401c8e8	88
mario_wings_half_1_dl	0401c9c0	32
mario_wings_half_2_dl	0401c9e0	32
mario_cap_wings	0401ca00	184
mario_cap_wings_transparent	0401cab8	184
mario_metal_cap_wings	0401cb70	184
mario_metal_cap_wings_transparent	0401cc28	248
anim_mario_cap	0401d230	36
bubble_seg4_dl_0401DD60	0401dd60	128
bubble_seg4_dl_0401DDE0	0401dde0	128
anim_mario_lips_3	0401e970	36
anim_mario_lips_4	040200b0	36
anim_mario_ear_left	0402140c	36
smoke_seg4_dl_040216A0	040216a0	120
smoke_seg4_dl_04021718	04021718	24
smoke_seg4_dl_04021730	04021730	24
smoke_seg4_dl_04021748	04021748	24
smoke_seg4_dl_04021760	04021760	24
smoke_seg4_dl_04021778	04021778	24
smoke_seg4_dl_04021790	04021790	24
smoke_seg4_dl_040217A8	040217a8	24
burn_smoke_seg4_dl_04022000	04022000	40
burn_smoke_seg4_dl_04022028	04022028	32
burn_smoke_seg4_dl_04022048	04022048	40
burn_smoke_seg4_dl_04022070	04022070	88
anim_mario_ear_right	04022768	36
anim_mario_nose	04023ea8	36
stomp_smoke_seg4_dl_04025148	04025148	72
stomp_smoke_seg4_dl_04025190	04025190	56
stomp_smoke_seg4_dl_040251C8	040251c8	24
stomp_smoke_seg4_dl_040251E0	040251e0	24
stomp_smoke_seg4_dl_040251F8	040251f8	24
stomp_smoke_seg4_dl_04025210	04025210	24
stomp_smoke_seg4_dl_04025228	04025228	24
stomp_smoke_seg4_dl_04025240	04025240	24
stomp_smoke_seg4_dl_04025258	04025258	24
stomp_smoke_seg4_dl_04025270	04025270	24
stomp_smoke_seg4_dl_04025288	04025288	24
stomp_smoke_seg4_dl_040252A0	040252a0	24
stomp_smoke_seg4_dl_040252B8	040252b8	24
stomp_smoke_seg4_dl_040252D0	040252d0	24
stomp_smoke_seg4_dl_040252E8	040252e8	24
stomp_smoke_seg4_dl_04025300	04025300	24
anim_mario_lips_5	040255e8	36
anim_mario_lips_6	04026d28	36
water_wave_seg4_dl_04027358	04027358	72
water_wave_seg4_dl_040273A0	040273a0	56
water_wave_seg4_dl_040273D8	040273d8	24
water_wave_seg4_dl_040273F0	040273f0	24
water_wave_seg4_dl_04027408	04027408	24
water_wave_seg4_dl_04027420	04027420	24
water_wave_seg4_dl_04027438	04027438	24
anim_mario_eyelid_left	04028468	36
anim_mario_eyelid_right	04029ba8	36
sparkles_seg4_dl_0402A490	0402a490	104
sparkles_seg4_dl_0402A4F8	0402a4f8	24
sparkles_seg4_dl_0402A510	0402a510	24
sparkles_seg4_dl_0402A528	0402a528	24
sparkles_seg4_dl_0402A540	0402a540	24
sparkles_seg4_dl_0402A558	0402a558	24
sparkles_seg4_dl_0402A570	0402a570	24
anim_mario_intro	0402ca04	36
anim_silver_star	0402f860	36
water_splash_seg4_dl_040325C8	040325c8	120
water_splash_seg4_dl_04032640	04032640	24
water_splash_seg4_dl_04032658	04032658	24
water_splash_seg4_dl_04032670	04032670	24
water_splash_seg4_dl_04032688	04032688	24
water_splash_seg4_dl_040326A0	040326a0	24
water_splash_seg4_dl_040326B8	040326b8	24
anim_red_star	040326bc	36
water_splash_seg4_dl_040326D0	040326d0	24
water_splash_seg4_dl_040326E8	040326e8	24
white_particle_small_dl_begin	04032980	96
white_particle_small_dl_end	040329e0	56
white_particle_small_dl	04032a18	24
white_particle_small_unused_dl	04032a30	24
sparkles_animation_seg4_dl_04035288	04035288	120
sparkles_animation_seg4_dl_04035300	04035300	24
sparkles_animation_seg4_dl_04035318	04035318	24
sparkles_animation_seg4_dl_04035330	04035330	24
sparkles_animation_seg4_dl_04035348	04035348	24
sparkles_animation_seg4_dl_04035360	04035360	24
spindrift_seg5_dl_050002A0	050002a0	136
bully_seg5_dl_050002E0	050002e0	184
spindrift_seg5_dl_05000328	05000328	176
bully_seg5_dl_05000398	05000398	112
birds_seg5_dl_05000528	05000528	112
birds_seg5_dl_05000598	05000598	104
birds_seg5_dl_05000600	05000600	112
birds_seg5_dl_05000670	05000670	368
monty_mole_hole_seg5_dl_05000840	05000840	152
yellow_sphere_seg5_dl_05000840	05000840	72
yellow_sphere_seg5_dl_05000888	05000888	64
yellow_sphere_seg5_dl_050008C8	050008c8	48
birds_seg5_anims_050009E8	050009e8	8
clam_shell_seg5_dl_050011A8	050011a8	144
clam_shell_seg5_dl_05001238	05001238	128
clam_shell_seg5_dl_050012B8	050012b8	104
clam_shell_seg5_dl_05001478	05001478	128
clam_shell_seg5_dl_050014F8	050014f8	112
clam_shell_seg5_dl_05001568	05001568	104
springboard_checkerboard_seg5_dl_050016B8	050016b8	328
clam_shell_seg5_anims_05001744	05001744	12
springboard_spring_seg5_dl_05001800	05001800	256
bookend_seg5_dl_050018F8	050018f8	72
springboard_checkerboard_seg5_dl_05001900	05001900	296
bookend_seg5_dl_05001940	05001940	56
bookend_seg5_dl_05001978	05001978	144
springboard_collision_05001A28	05001a28	384
bookend_seg5_dl_05001AA0	05001aa0	72
bookend_seg5_dl_05001AE8	05001ae8	56
bookend_seg5_dl_05001B20	05001b20	144
hoot_seg5_dl_05001B80	05001b80	128
hoot_seg5_dl_05001C00	05001c00	496
bookend_seg5_dl_05001CC8	05001cc8	72
bookend_seg5_dl_05001D10	05001d10	88
bookend_seg5_dl_05001D68	05001d68	120
hoot_seg5_dl_05001DF0	05001df0	72
bookend_seg5_dl_05001EF8	05001ef8	72
bookend_seg5_dl_05001F40	05001f40	88
bookend_seg5_dl_05001F98	05001f98	120
bookend_seg5_dl_050020E8	050020e8	88
bookend_seg5_dl_05002140	05002140	112
bookend_seg5_dl_05002288	05002288	88
bookend_seg5_dl_050022E0	050022e0	112
bookend_seg5_anims_05002540	05002540	16
spindrift_seg5_dl_05002710	05002710	56
spindrift_seg5_dl_05002748	05002748	112
spindrift_seg5_dl_050027F8	050027f8	56
spindrift_seg5_dl_05002830	05002830	112
spindrift_seg5_dl_050028D0	050028d0	48
spindrift_seg5_dl_05002900	05002900	112
spindrift_seg5_dl_050029C8	050029c8	88
spindrift_seg5_dl_05002A20	05002a20	96
spindrift_seg5_dl_05002AD8	05002ad8	88
spindrift_seg5_dl_05002B30	05002b30	96
spindrift_seg5_dl_05002C98	05002c98	112
spindrift_seg5_dl_05002D08	05002d08	96
spindrift_seg5_anims_05002D68	05002d68	16
capswitch_seg5_dl_05002D88	05002d88	120
cap_switch_exclamation_seg5_dl_05002E00	05002e00	96
hoot_seg5_dl_05002EB0	05002eb0	96
book_seg5_dl_05002EF0	05002ef0	104
hoot_seg5_dl_05002F10	05002f10	80
book_seg5_dl_05002F58	05002f58	88
book_seg5_dl_05002FB0	05002fb0	144
hoot_seg5_dl_05002FD8	05002fd8	96
capswitch_seg5_dl_05003020	05003020	256
hoot_seg5_dl_05003038	05003038	80
hoot_seg5_dl_05003100	05003100	96
cap_switch_base_seg5_dl_05003120	05003120	96
hoot_seg5_dl_05003160	05003160	80
monty_mole_seg5_dl_05003208	05003208	152
hoot_seg5_dl_05003228	05003228	96
capswitch_seg5_dl_05003280	05003280	208
hoot_seg5_dl_05003288	05003288	80
monty_mole_seg5_dl_050032A0	050032a0	96
capswitch_seg5_dl_05003350	05003350	32
hoot_seg5_dl_05003350	05003350	96
capswitch_seg5_dl_05003370	05003370	32
capswitch_seg5_dl_05003390	05003390	32
capswitch_seg5_dl_050033B0	050033b0	32
hoot_seg5_dl_050033B0	050033b0	80
capswitch_collision_050033D0	050033d0	120
monty_mole_seg5_dl_05003438	05003438	104
capswitch_collision_05003448	05003448	120
hoot_seg5_dl_05003478	05003478	96
monty_mole_seg5_dl_050034A0	050034a0	120
hoot_seg5_dl_050034D8	050034d8	80
monty_mole_seg5_dl_05003518	05003518	128
hoot_seg5_dl_050035A0	050035a0	96
hoot_seg5_dl_05003600	05003600	80
hoot_seg5_dl_050036C8	050036c8	96
bully_seg5_dl_05003708	05003708	152
hoot_seg5_dl_05003728	05003728	80
monty_mole_seg5_dl_05003730	05003730	120
bully_seg5_dl_050037A0	050037a0	152
monty_mole_seg5_dl_050037A8	050037a8	120
monty_mole_seg5_dl_05003820	05003820	128
bully_seg5_dl_05003838	05003838	64
bully_seg5_dl_05003878	05003878	984
monty_mole_seg5_dl_05003938	05003938	152
monty_mole_seg5_dl_050039D0	050039d0	96
klepto_seg5_dl_05003A68	05003a68	88
klepto_seg5_dl_05003AC0	05003ac0	128
klepto_seg5_dl_05003B40	05003b40	144
monty_mole_seg5_dl_05003B68	05003b68	104
klepto_seg5_dl_05003BD0	05003bd0	136
monty_mole_seg5_dl_05003BD0	05003bd0	120
monty_mole_seg5_dl_05003C48	05003c48	128
bully_seg5_dl_05003CD0	05003cd0	56
klepto_seg5_dl_05003D00	05003d00	128
bully_seg5_dl_05003D08	05003d08	56
bully_seg5_dl_05003D40	05003d40	120
klepto_seg5_dl_05003D80	05003d80	48
bully_seg5_dl_05003E38	05003e38	56
monty_mole_seg5_dl_05003E60	05003e60	120
klepto_seg5_dl_05003E68	05003e68	184
bully_seg5_dl_05003E70	05003e70	56
bully_seg5_dl_05003EA8	05003ea8	120
monty_mole_seg5_dl_05003ED8	05003ed8	120
klepto_seg5_dl_05003F20	05003f20	96
monty_mole_seg5_dl_05003F50	05003f50	128
bully_seg5_dl_05003F80	05003f80	72
bully_seg5_dl_05003FC8	05003fc8	112
klepto_seg5_dl_05004058	05004058	192
klepto_seg5_dl_05004118	05004118	48
klepto_seg5_dl_050041A0	050041a0	72
klepto_seg5_dl_050041E8	050041e8	112
monty_mole_seg5_dl_050042B8	050042b8	176
klepto_seg5_dl_050042D0	050042d0	96
klepto_seg5_dl_05004330	05004330	48
monty_mole_seg5_dl_05004368	05004368	328
klepto_seg5_dl_050043D8	050043d8	96
klepto_seg5_dl_05004438	05004438	48
monty_mole_seg5_dl_050044B0	050044b0	104
klepto_seg5_dl_05004698	05004698	304
bully_seg5_anims_0500470C	0500470c	20
klepto_seg5_dl_050047C8	050047c8	48
hoot_seg5_dl_05004928	05004928	368
manta_seg5_dl_05004960	05004960	104
monty_mole_seg5_dl_050049B0	050049b0	96
manta_seg5_dl_050049C8	050049c8	168
monty_mole_seg5_dl_05004A10	05004a10	320
klepto_seg5_dl_05004A28	05004a28	304
bubba_seg5_dl_05004A40	05004a40	104
manta_seg5_dl_05004A70	05004a70	120
hoot_seg5_dl_05004A98	05004a98	160
bubba_seg5_dl_05004AA8	05004aa8	320
hoot_seg5_dl_05004B38	05004b38	368
monty_mole_seg5_dl_05004B50	05004b50	144
klepto_seg5_dl_05004B58	05004b58	48
klepto_seg5_dl_05004BE0	05004be0	72
monty_mole_seg5_dl_05004BE0	05004be0	32
bubba_seg5_dl_05004BE8	05004be8	88
monty_mole_seg5_dl_05004C00	05004c00	144
klepto_seg5_dl_05004C28	05004c28	112
bubba_seg5_dl_05004C40	05004c40	264
hoot_seg5_dl_05004CA8	05004ca8	160
manta_seg5_dl_05004CA8	05004ca8	104
monty_mole_seg5_dl_05004CE8	05004ce8	72
klepto_seg5_dl_05004CF0	05004cf0	72
manta_seg5_dl_05004D10	05004d10	168
monty_mole_seg5_dl_05004D30	05004d30	112
klepto_seg5_dl_05004D38	05004d38	112
bubba_seg5_dl_05004D48	05004d48	312
hoot_seg5_dl_05004D48	05004d48	376
manta_seg5_dl_05004DB8	05004db8	120
klepto_seg5_dl_05004E00	05004e00	72
chair_seg5_dl_05004E38	05004e38	176
klepto_seg5_dl_05004E48	05004e48	112
manta_seg5_dl_05004E60	05004e60	48
bubba_seg5_dl_05004E80	05004e80	176
manta_seg5_dl_05004E90	05004e90	112
chair_seg5_dl_05004EE8	05004ee8	112
klepto_seg5_dl_05004F10	05004f10	72
klepto_seg5_dl_05004F58	05004f58	112
manta_seg5_dl_05004FA0	05004fa0	152
klepto_seg5_dl_05005020	05005020	72
manta_seg5_dl_05005038	05005038	112
klepto_seg5_dl_05005068	05005068	112
chair_seg5_dl_050050F0	050050f0	160
klepto_seg5_dl_05005130	05005130	72
klepto_seg5_dl_05005178	05005178	112
chair_seg5_dl_05005190	05005190	112
manta_seg5_dl_05005248	05005248	64
manta_seg5_dl_05005288	05005288	128
manta_seg5_dl_05005308	05005308	80
manta_seg5_dl_05005358	05005358	152
chair_seg5_dl_05005378	05005378	144
chair_seg5_dl_05005408	05005408	112
manta_seg5_dl_050054F0	050054f0	104
bubba_seg5_dl_05005538	05005538	104
manta_seg5_dl_05005558	05005558	80
bubba_seg5_dl_050055A0	050055a0	320
manta_seg5_dl_050055A8	050055a8	120
chair_seg5_dl_050055F0	050055f0	144
peach_seg5_dl_05005648	05005648	264
chair_seg5_dl_05005680	05005680	112
bubba_seg5_dl_050056E0	050056e0	88
manta_seg5_dl_050056E0	050056e0	80
manta_seg5_dl_05005730	05005730	56
bubba_seg5_dl_05005738	05005738	264
peach_seg5_dl_05005750	05005750	48
hoot_seg5_anims_05005768	05005768	8
manta_seg5_dl_05005768	05005768	120
peach_seg5_dl_05005780	05005780	312
chair_seg5_anims_05005784	05005784	4
bubba_seg5_dl_05005840	05005840	312
manta_seg5_dl_05005880	05005880	152
peach_seg5_dl_050058B8	050058b8	40
blargg_seg5_dl_050058D0	050058d0	400
peach_seg5_dl_050058E0	050058e0	872
manta_seg5_dl_05005918	05005918	112
bubba_seg5_dl_05005978	05005978	176
blargg_seg5_dl_05005A60	05005a60	672
manta_seg5_dl_05005B28	05005b28	64
manta_seg5_dl_05005B68	05005b68	128
manta_seg5_dl_05005BE8	05005be8	80
manta_seg5_dl_05005C38	05005c38	152
peach_seg5_dl_05005C48	05005c48	104
peach_seg5_dl_05005CB0	05005cb0	48
peach_seg5_dl_05005CE0	05005ce0	88
blargg_seg5_dl_05005D00	05005d00	440
peach_seg5_dl_05005D38	05005d38	88
peach_seg5_dl_05005D90	05005d90	88
manta_seg5_dl_05005DD0	05005dd0	104
peach_seg5_dl_05005DE8	05005de8	88
manta_seg5_dl_05005E38	05005e38	80
peach_seg5_dl_05005E40	05005e40	88
manta_seg5_dl_05005E88	05005e88	120
peach_seg5_dl_05005E98	05005e98	88
peach_seg5_dl_05005EF0	05005ef0	88
peach_seg5_dl_05005F48	05005f48	88
manta_seg5_dl_05005FC0	05005fc0	80
manta_seg5_dl_05006010	05006010	56
manta_seg5_dl_05006048	05006048	120
peach_seg5_dl_05006058	05006058	136
peach_seg5_dl_050060E0	050060e0	88
blargg_seg5_anims_0500616C	0500616c	12
penguin_seg5_dl_05006188	05006188	64
penguin_seg5_dl_050061C8	050061c8	48
penguin_seg5_dl_050061F8	050061f8	392
penguin_seg5_dl_05006380	05006380	72
penguin_seg5_dl_050063C8	050063c8	96
penguin_seg5_dl_05006428	05006428	48
penguin_seg5_dl_05006458	05006458	48
penguin_seg5_dl_05006488	05006488	48
penguin_seg5_dl_050064B8	050064b8	48
penguin_seg5_dl_050064E8	050064e8	48
manta_seg5_dl_05006510	05006510	120
manta_seg5_dl_05006588	05006588	104
manta_seg5_dl_050065F0	050065f0	224
manta_seg5_dl_050066D0	050066d0	128
small_key_seg5_dl_05006700	05006700	776
peach_seg5_dl_05006728	05006728	112
manta_seg5_dl_05006750	05006750	184
peach_seg5_dl_05006798	05006798	640
small_key_seg5_dl_05006A08	05006a08	32
peach_seg5_dl_05006A18	05006a18	120
small_key_seg5_dl_05006A28	05006a28	32
small_key_seg5_dl_05006A48	05006a48	32
small_key_seg5_dl_05006A68	05006a68	32
manta_seg5_dl_05006B08	05006b08	104
manta_seg5_dl_05006B70	05006b70	152
manta_seg5_dl_05006C08	05006c08	152
peach_seg5_dl_05006FA8	05006fa8	648
penguin_seg5_dl_05007198	05007198	80
penguin_seg5_dl_050071E8	050071e8	80
peach_seg5_dl_05007230	05007230	88
penguin_seg5_dl_05007238	05007238	144
monty_mole_seg5_anims_05007248	05007248	48
peach_seg5_us_dl_05007288	05007288	96
penguin_seg5_dl_050072C8	050072c8	144
penguin_seg5_dl_05007358	05007358	488
penguin_seg5_dl_05007540	05007540	456
peach_seg5_dl_05007810	05007870	680
smoke_seg5_dl_05007AC0	05007ac0	56
smoke_seg5_dl_05007AF8	05007af8	112
peach_seg5_dl_05007AB8	05007b18	40
peach_seg5_dl_05007CE8	05007d48	368
peach_seg5_dl_05007E58	05007eb8	88
peach_seg5_dl_050080B8	05008118	368
peach_seg5_dl_05008228	05008288	88
peach_seg5_dl_05008428	05008488	152
peach_seg5_dl_050084C0	05008520	160
peach_seg5_dl_05008560	050085c0	112
peach_seg5_dl_050086C8	05008728	224
peach_seg5_dl_050087A8	05008808	40
peach_seg5_dl_05008978	050089d8	152
peach_seg5_dl_05008A10	05008a70	160
peach_seg5_dl_05008AB0	05008b10	112
mad_piano_seg5_dl_05008B68	05008b68	104
penguin_seg5_anims_05008B74	05008b74	20
penguin_seg5_collision_05008B88	05008b88	120
mad_piano_seg5_dl_05008BD0	05008bd0	224
peach_seg5_dl_05008C18	05008c78	224
mad_piano_seg5_dl_05008CB0	05008cb0	144
klepto_seg5_anims_05008CFC	05008cfc	36
manta_seg5_geo_05008D14	05008d14	416
peach_seg5_dl_05008CF8	05008d58	40
peach_seg5_dl_05008E38	05008e98	232
manta_seg5_anims_05008EB4	05008eb4	12
peach_seg5_dl_05008F20	05008f80	40
peach_seg5_dl_05009060	050090c0	232
peach_seg5_dl_05009148	050091a8	40
peach_seg5_dl_05009388	050093e8	376
peach_seg5_dl_05009500	05009560	40
mad_piano_seg5_dl_05009590	05009590	312
mad_piano_seg5_dl_050096C8	050096c8	232
mad_piano_seg5_dl_050097B0	050097b0	72
yoshi_egg_seg5_dl_050097B8	050097b8	104
mad_piano_seg5_dl_050097F8	050097f8	72
peach_seg5_dl_050097C0	05009820	384
yoshi_egg_seg5_dl_05009820	05009820	24
yoshi_egg_seg5_dl_05009838	05009838	24
mad_piano_seg5_dl_05009840	05009840	72
yoshi_egg_seg5_dl_05009850	05009850	24
yoshi_egg_seg5_dl_05009868	05009868	24
yoshi_egg_seg5_dl_05009880	05009880	24
mad_piano_seg5_dl_05009888	05009888	96
yoshi_egg_seg5_dl_05009898	05009898	24
yoshi_egg_seg5_dl_050098B0	050098b0	24
yoshi_egg_seg5_dl_050098C8	050098c8	24
mad_piano_seg5_dl_050098E8	050098e8	208
peach_seg5_dl_05009940	050099a0	40
mad_piano_seg5_anims_05009B14	05009b14	12
sushi_seg5_dl_05009CC0	05009cc0	272
sushi_seg5_dl_05009DD0	05009dd0	112
peach_seg5_dl_05009E20	05009e80	648
sushi_seg5_dl_05009F30	05009f30	216
sushi_seg5_dl_0500A008	0500a008	112
sushi_seg5_dl_0500A0E8	0500a0e8	120
peach_seg5_dl_0500A0A8	0500a108	128
sushi_seg5_dl_0500A160	0500a160	112
peach_seg5_us_dl_0500A188	0500a188	136
king_bobomb_seg5_dl_0500A4B8	0500a4b8	56
king_bobomb_seg5_dl_0500A4F0	0500a4f0	112
sushi_seg5_dl_0500A580	0500a580	456
king_bobomb_seg5_dl_0500A5A0	0500a5a0	56
king_bobomb_seg5_dl_0500A5D8	0500a5d8	112
king_bobomb_seg5_dl_0500A688	0500a688	56
king_bobomb_seg5_dl_0500A6C0	0500a6c0	112
sushi_seg5_dl_0500A748	0500a748	32
sushi_seg5_dl_0500A768	0500a768	120
king_bobomb_seg5_dl_0500A770	0500a770	56
king_bobomb_seg5_dl_0500A7A8	0500a7a8	112
king_bobomb_seg5_dl_0500A858	0500a858	56
sushi_seg5_dl_0500A860	0500a860	72
king_bobomb_seg5_dl_0500A890	0500a890	112
sushi_seg5_dl_0500A8A8	0500a8a8	112
king_bobomb_seg5_dl_0500A940	0500a940	56
sushi_seg5_dl_0500A958	0500a958	56
king_bobomb_seg5_dl_0500A978	0500a978	112
sushi_seg5_dl_0500A990	0500a990	112
king_bobomb_seg5_dl_0500ABC0	0500abc0	328
king_bobomb_seg5_dl_0500AD08	0500ad08	48
sushi_seg5_anims_0500AE54	0500ae54	4
king_bobomb_seg5_dl_0500AF20	0500af20	328
ukiki_seg5_dl_0500B040	0500b040	408
king_bobomb_seg5_dl_0500B068	0500b068	48
king_bobomb_seg5_dl_0500B118	0500b118	56
king_bobomb_seg5_dl_0500B150	0500b150	56
king_bobomb_seg5_dl_0500B188	0500b188	120
ukiki_seg5_dl_0500B1D8	0500b1d8	160
king_bobomb_seg5_dl_0500B278	0500b278	88
ukiki_seg5_dl_0500B278	0500b278	64
ukiki_seg5_dl_0500B2B8	0500b2b8	48
king_bobomb_seg5_dl_0500B2D0	0500b2d0	96
ukiki_seg5_dl_0500B2E8	0500b2e8	40
ukiki_seg5_dl_0500B310	0500b310	40
king_bobomb_seg5_dl_0500B3C8	0500b3c8	80
king_bobomb_seg5_dl_0500B418	0500b418	64
thwomp_seg5_dl_0500B570	0500b570	424
king_bobomb_seg5_dl_0500B5F0	0500b5f0	208
ukiki_seg5_dl_0500B660	0500b660	392
eyerok_seg5_dl_0500B6B8	0500b6b8	144
king_bobomb_seg5_dl_0500B6C0	0500b6c0	112
thwomp_seg5_dl_0500B718	0500b718	56
eyerok_seg5_dl_0500B748	0500b748	112
thwomp_seg5_dl_0500B750	0500b750	128
thwomp_seg5_collision_0500B7D0	0500b7d0	348
ukiki_seg5_dl_0500B7E8	0500b7e8	56
ukiki_seg5_dl_0500B820	0500b820	104
ukiki_seg5_dl_0500B920	0500b920	104
thwomp_seg5_collision_0500B92C	0500b92c	348
eyerok_seg5_dl_0500B930	0500b930	144
ukiki_seg5_dl_0500B988	0500b988	96
eyerok_seg5_dl_0500B9C0	0500b9c0	112
ukiki_seg5_dl_0500BA90	0500ba90	152
ukiki_seg5_dl_0500BB28	0500bb28	96
eyerok_seg5_dl_0500BBE8	0500bbe8	160
ukiki_seg5_dl_0500BC10	0500bc10	104
ukiki_seg5_dl_0500BC78	0500bc78	96
eyerok_seg5_dl_0500BC88	0500bc88	112
wiggler_seg5_dl_0500BCB8	0500bcb8	344
ukiki_seg5_dl_0500BDA0	0500bda0	152
wiggler_seg5_dl_0500BE10	0500be10	136
ukiki_seg5_dl_0500BE38	0500be38	96
eyerok_seg5_dl_0500BE70	0500be70	144
wiggler_seg5_dl_0500BE98	0500be98	136
boo_seg5_dl_0500BEE0	0500bee0	104
eyerok_seg5_dl_0500BF00	0500bf00	112
wiggler_seg5_dl_0500BF20	0500bf20	344
boo_seg5_dl_0500BF48	0500bf48	88
ukiki_seg5_dl_0500BF60	0500bf60	152
boo_seg5_dl_0500BFA0	0500bfa0	528
ukiki_seg5_dl_0500BFF8	0500bff8	96
wiggler_seg5_dl_0500C078	0500c078	136
eyerok_seg5_dl_0500C088	0500c088	120
eyerok_seg5_dl_0500C100	0500c100	112
wiggler_seg5_dl_0500C100	0500c100	136
ukiki_seg5_dl_0500C120	0500c120	152
boo_seg5_dl_0500C1B0	0500c1b0	160
ukiki_seg5_dl_0500C1B8	0500c1b8	96
wiggler_seg5_dl_0500C208	0500c208	56
wiggler_seg5_dl_0500C240	0500c240	56
wiggler_seg5_dl_0500C278	0500c278	120
ukiki_seg5_dl_0500C2D0	0500c2d0	152
eyerok_seg5_dl_0500C2E8	0500c2e8	144
ukiki_seg5_dl_0500C368	0500c368	96
eyerok_seg5_dl_0500C378	0500c378	112
ukiki_seg5_dl_0500C490	0500c490	152
snowman_seg5_dl_0500C4C8	0500c4c8	56
snowman_seg5_dl_0500C500	0500c500	48
ukiki_seg5_dl_0500C528	0500c528	96
eyerok_seg5_dl_0500C5A0	0500c5a0	160
snowman_seg5_dl_0500C5B0	0500c5b0	56
snowman_seg5_dl_0500C5E8	0500c5e8	56
snowman_seg5_dl_0500C620	0500c620	120
eyerok_seg5_dl_0500C640	0500c640	112
ukiki_seg5_dl_0500C650	0500c650	152
ukiki_seg5_dl_0500C6E8	0500c6e8	96
snowman_seg5_dl_0500C718	0500c718	72
snowman_seg5_dl_0500C760	0500c760	112
wiggler_body_geo	0500c778	252
ukiki_seg5_dl_0500C800	0500c800	152
eyerok_seg5_dl_0500C868	0500c868	160
wiggler_seg5_anims_0500C874	0500c874	4
ukiki_seg5_dl_0500C898	0500c898	96
eyerok_seg5_dl_0500C908	0500c908	112
snowman_seg5_dl_0500C978	0500c978	304
ukiki_seg5_dl_0500C9B0	0500c9b0	152
eyerok_seg5_dl_0500C9B8	0500c9b8	152
ukiki_seg5_dl_0500CA48	0500ca48	96
eyerok_seg5_dl_0500CA50	0500ca50	152
snowman_seg5_dl_0500CAA8	0500caa8	96
eyerok_seg5_dl_0500CAE8	0500cae8	152
eyerok_seg5_dl_0500CB80	0500cb80	152
snowman_seg5_dl_0500CB88	0500cb88	56
snowman_seg5_dl_0500CBC0	0500cbc0	56
snowman_seg5_dl_0500CBF8	0500cbf8	120
eyerok_seg5_dl_0500CC18	0500cc18	24
eyerok_seg5_dl_0500CC30	0500cc30	24
snowman_seg5_dl_0500CCB0	0500ccb0	56
unagi_seg5_dl_0500CCE0	0500cce0	80
snowman_seg5_dl_0500CCE8	0500cce8	112
unagi_seg5_dl_0500CD30	0500cd30	160
unagi_seg5_dl_0500CDD0	0500cdd0	216
ukiki_seg5_dl_0500CF68	0500cf68	136
unagi_seg5_dl_0500CF88	0500cf88	176
ukiki_seg5_dl_0500CFF0	0500cff0	136
unagi_seg5_dl_0500D038	0500d038	24
unagi_seg5_dl_0500D050	0500d050	208
ukiki_seg5_dl_0500D078	0500d078	144
ukiki_seg5_dl_0500D108	0500d108	144
snowman_seg5_anims_0500D118	0500d118	16
unagi_seg5_dl_0500D1C0	0500d1c0	168
unagi_seg5_dl_0500D268	0500d268	184
unagi_seg5_dl_0500D3C0	0500d3c0	168
unagi_seg5_dl_0500D468	0500d468	184
unagi_seg5_dl_0500D5C0	0500d5c0	168
unagi_seg5_dl_0500D668	0500d668	184
unagi_seg5_dl_0500D7A0	0500d7a0	136
unagi_seg5_dl_0500D828	0500d828	184
unagi_seg5_dl_0500DB60	0500db60	96
unagi_seg5_dl_0500DBC0	0500dbc0	328
wiggler_seg5_dl_0500DC18	0500dc18	344
unagi_seg5_dl_0500DD08	0500dd08	216
wiggler_seg5_dl_0500DD70	0500dd70	136
wiggler_seg5_dl_0500DDF8	0500ddf8	136
unagi_seg5_dl_0500DE70	0500de70	72
wiggler_seg5_dl_0500DE80	0500de80	344
unagi_seg5_dl_0500DEB8	0500deb8	184
wiggler_seg5_dl_0500DFD8	0500dfd8	136
unagi_seg5_dl_0500E030	0500e030	88
wiggler_seg5_dl_0500E060	0500e060	136
unagi_seg5_dl_0500E088	0500e088	184
wiggler_seg5_dl_0500E168	0500e168	56
wiggler_seg5_dl_0500E1A0	0500e1a0	56
wiggler_seg5_dl_0500E1D8	0500e1d8	120
unagi_seg5_dl_0500E200	0500e200	88
unagi_seg5_dl_0500E258	0500e258	184
wiggler_seg5_dl_0500E2B0	0500e2b0	72
wiggler_seg5_dl_0500E2F8	0500e2f8	112
wiggler_seg5_dl_0500E3E8	0500e3e8	72
wiggler_seg5_dl_0500E430	0500e430	112
wiggler_seg5_dl_0500E4E0	0500e4e0	56
wiggler_seg5_dl_0500E518	0500e518	112
bullet_bill_seg5_dl_0500E5E8	0500e5e8	144
wiggler_seg5_dl_0500E608	0500e608	56
wiggler_seg5_dl_0500E640	0500e640	56
bullet_bill_seg5_dl_0500E678	0500e678	184
wiggler_seg5_dl_0500E678	0500e678	120
bullet_bill_seg5_dl_0500E730	0500e730	376
bullet_bill_seg5_dl_0500E8A8	0500e8a8	112
wiggler_seg5_anims_0500EC8C	0500ec8c	4
haunted_cage_seg5_dl_0500F4C8	0500f4c8	408
haunted_cage_seg5_dl_0500F660	0500f660	256
haunted_cage_seg5_dl_0500F760	0500f760	120
haunted_cage_seg5_dl_0500F7D8	0500f7d8	176
haunted_cage_seg5_dl_0500FB40	0500fb40	232
haunted_cage_seg5_dl_0500FC28	0500fc28	112
king_bobomb_seg5_anims_0500FE30	0500fe30	48
haunted_cage_seg5_dl_0500FFF0	0500fff0	272
haunted_cage_seg5_dl_05010100	05010100	112
water_bubble_seg5_dl_05010D30	05010d30	720
water_bubble_seg5_dl_05011000	05011000	152
eyerok_seg5_anims_050116E4	050116e4	36
heave_ho_seg5_dl_05011D98	05011d98	72
heave_ho_seg5_dl_05011DE0	05011de0	72
heave_ho_seg5_dl_05011E28	05011e28	88
heave_ho_seg5_dl_05011E80	05011e80	64
heave_ho_seg5_dl_05011EC0	05011ec0	144
heave_ho_seg5_dl_050120A0	050120a0	96
heave_ho_seg5_dl_05012100	05012100	72
heave_ho_seg5_dl_05012148	05012148	104
heave_ho_seg5_dl_05012300	05012300	96
heave_ho_seg5_dl_05012360	05012360	72
heave_ho_seg5_dl_050123A8	050123a8	104
heave_ho_seg5_dl_05012560	05012560	72
heave_ho_seg5_dl_050125A8	050125a8	80
heave_ho_seg5_dl_050125F8	050125f8	120
heave_ho_seg5_dl_050126B0	050126b0	56
heave_ho_seg5_dl_050126E8	050126e8	112
pokey_seg5_dl_05012750	05012750	72
lakitu_enemy_seg5_dl_05012760	05012760	304
pokey_seg5_dl_05012798	05012798	64
heave_ho_seg5_dl_050127B0	050127b0	72
pokey_seg5_dl_050127D8	050127d8	48
heave_ho_seg5_dl_050127F8	050127f8	112
pokey_seg5_dl_05012808	05012808	48
unagi_seg5_anims_05012824	05012824	28
lakitu_enemy_seg5_dl_05012890	05012890	128
lakitu_enemy_seg5_dl_05012910	05012910	104
lakitu_enemy_seg5_dl_05012EF0	05012ef0	624
pokey_seg5_dl_05013078	05013078	56
pokey_seg5_dl_050130B0	050130b0	112
lakitu_enemy_seg5_dl_05013160	05013160	96
lakitu_enemy_seg5_dl_05013298	05013298	64
lakitu_enemy_seg5_dl_050132D8	050132d8	72
lakitu_enemy_seg5_dl_05013320	05013320	48
lakitu_enemy_seg5_dl_05013350	05013350	40
lakitu_enemy_seg5_dl_05013378	05013378	40
lakitu_enemy_seg5_dl_050134A8	050134a8	240
lakitu_enemy_seg5_dl_050136A0	050136a0	240
lakitu_enemy_seg5_dl_05013860	05013860	80
lakitu_enemy_seg5_dl_050138B0	050138b0	16
whirlpool_seg5_dl_05013B58	05013b58	352
whirlpool_seg5_dl_05013CB8	05013cb8	112
heave_ho_seg5_dl_05014188	05014188	984
tornado_seg5_dl_05014450	05014450	368
lakitu_enemy_seg5_anims_050144D4	050144d4	28
heave_ho_seg5_dl_05014560	05014560	112
tornado_seg5_dl_050145C0	050145c0	112
heave_ho_seg5_dl_050145D0	050145d0	984
tweester_geo	05014630	24
heave_ho_seg5_dl_050149A8	050149a8	984
heave_ho_seg5_dl_05014D80	05014d80	80
spiny_egg_seg5_dl_050151A8	050151a8	56
spiny_egg_seg5_dl_050151E0	050151e0	56
spiny_egg_seg5_dl_05015218	05015218	56
spiny_egg_seg5_dl_05015250	05015250	56
spiny_egg_seg5_dl_05015288	05015288	56
spiny_egg_seg5_dl_050152C0	050152c0	56
spiny_egg_seg5_dl_050152F8	050152f8	56
spiny_egg_seg5_dl_05015330	05015330	56
heave_ho_seg5_anims_0501534C	0501534c	12
spiny_egg_seg5_dl_05015368	05015368	984
spiny_egg_seg5_dl_05015740	05015740	16
ukiki_seg5_anims_05015784	05015784	60
spiny_egg_seg5_anims_050157E4	050157e4	12
fwoosh_seg5_dl_05016008	05016008	56
fwoosh_seg5_dl_05016040	05016040	112
spiny_seg5_dl_05016418	05016418	200
spiny_seg5_dl_050164E0	050164e0	200
spiny_seg5_dl_050165A8	050165a8	200
spiny_seg5_dl_05016670	05016670	200
spiny_seg5_dl_05016738	05016738	784
spiny_seg5_dl_05016A48	05016a48	16
spiny_seg5_anims_05016EAC	05016eac	12
peach_seg5_anims_0501C41C	0501c504	52
yoshi_seg5_dl_0501D440	0501d528	72
yoshi_seg5_dl_0501D488	0501d570	88
yoshi_seg5_dl_0501D4E0	0501d5c8	1048
yoshi_seg5_dl_0501D8F8	0501d9e0	72
yoshi_seg5_dl_0501D940	0501da28	48
yoshi_seg5_dl_0501D970	0501da58	40
yoshi_seg5_dl_0501D998	0501da80	40
yoshi_seg5_dl_050212B0	05021398	480
yoshi_seg5_dl_05021490	05021578	328
yoshi_seg5_dl_050215D8	050216c0	160
yoshi_seg5_dl_05021678	05021760	160
yoshi_seg5_dl_05021718	05021800	328
yoshi_seg5_dl_05021860	05021948	160
yoshi_seg5_dl_05021900	050219e8	160
yoshi_seg5_dl_050219A0	05021a88	496
yoshi_seg5_dl_05021B90	05021c78	328
yoshi_seg5_dl_05021CD8	05021dc0	352
yoshi_seg5_dl_05021E38	05021f20	312
yoshi_seg5_dl_05021F70	05022058	496
yoshi_seg5_dl_05022160	05022248	328
yoshi_seg5_dl_050222A8	05022390	352
yoshi_seg5_dl_05022408	050224f0	512
yoshi_seg5_dl_05022608	050226f0	464
yoshi_seg5_anims_05024100	050241e8	16
koopa_flag_seg6_dl_06000968	06000968	160
skeeter_seg6_dl_060009D0	060009d0	56
koopa_flag_seg6_dl_06000A08	06000a08	48
skeeter_seg6_dl_06000A08	06000a08	112
koopa_flag_seg6_dl_06000AB8	06000ab8	48
skeeter_seg6_dl_06000AB8	06000ab8	56
koopa_flag_seg6_dl_06000AE8	06000ae8	32
skeeter_seg6_dl_06000AF0	06000af0	112
koopa_flag_seg6_dl_06000B08	06000b08	120
skeeter_seg6_dl_06000BA0	06000ba0	56
koopa_flag_seg6_dl_06000BC0	06000bc0	56
skeeter_seg6_dl_06000BD8	06000bd8	112
koopa_flag_seg6_dl_06000BF8	06000bf8	112
skeeter_seg6_dl_06000C78	06000c78	48
koopa_flag_seg6_dl_06000CA8	06000ca8	56
skeeter_seg6_dl_06000CA8	06000ca8	112
koopa_flag_seg6_dl_06000CE0	06000ce0	112
skeeter_seg6_dl_06000D48	06000d48	48
skeeter_seg6_dl_06000D78	06000d78	112
koopa_flag_seg6_dl_06000D90	06000d90	32
koopa_flag_seg6_dl_06000DB0	06000db0	64
koopa_flag_seg6_dl_06000E20	06000e20	24
koopa_flag_seg6_dl_06000E38	06000e38	64
skeeter_seg6_dl_06000E60	06000e60	96
skeeter_seg6_dl_06000EC0	06000ec0	48
koopa_flag_seg6_anims_06001028	06001028	8
mr_i_eyeball_seg6_dl_06002080	06002080	168
poundable_pole_seg6_dl_060022F0	060022f0	104
poundable_pole_seg6_dl_06002358	06002358	184
poundable_pole_seg6_dl_06002410	06002410	128
poundable_pole_collision_06002490	06002490	240
chilly_chief_seg6_dl_06002B30	06002b30	152
chilly_chief_seg6_dl_06002BC8	06002bc8	152
chilly_chief_seg6_dl_06002C60	06002c60	56
chilly_chief_seg6_dl_06002D18	06002d18	56
chilly_chief_seg6_dl_06002D50	06002d50	56
chilly_chief_seg6_dl_06002D88	06002d88	120
chilly_chief_seg6_dl_06002E80	06002e80	56
chilly_chief_seg6_dl_06002EB8	06002eb8	56
chilly_chief_seg6_dl_06002EF0	06002ef0	120
chilly_chief_seg6_dl_06002FC8	06002fc8	72
chilly_chief_seg6_dl_06003010	06003010	112
chilly_chief_geo	06003754	288
chilly_chief_big_geo	06003874	288
chilly_chief_seg6_anims_06003994	06003994	20
lakitu_seg6_dl_06003C80	06003c80	304
lakitu_seg6_dl_06003DB0	06003db0	128
lakitu_seg6_dl_06003E30	06003e30	104
skeeter_seg6_dl_06003FF0	06003ff0	80
skeeter_seg6_dl_06004040	06004040	48
skeeter_seg6_dl_06004070	06004070	48
skeeter_seg6_dl_060040A0	060040a0	80
skeeter_seg6_dl_060040F0	060040f0	48
skeeter_seg6_dl_06004120	06004120	48
skeeter_seg6_dl_06004150	06004150	80
mr_i_iris_seg6_dl_06004170	06004170	104
skeeter_seg6_dl_060041A0	060041a0	48
skeeter_seg6_dl_060041D0	060041d0	48
mr_i_iris_seg6_dl_060041D8	060041d8	24
mr_i_iris_seg6_dl_060041F0	060041f0	24
skeeter_seg6_dl_06004200	06004200	968
mr_i_iris_seg6_dl_06004208	06004208	24
mr_i_iris_seg6_dl_06004220	06004220	24
lakitu_seg6_dl_06004410	06004410	624
skeeter_seg6_dl_060045C8	060045c8	80
skeeter_seg6_dl_06004618	06004618	48
skeeter_seg6_dl_06004648	06004648	48
skeeter_seg6_dl_06004678	06004678	968
lakitu_seg6_dl_06004680	06004680	96
lakitu_seg6_dl_060047E8	060047e8	240
lakitu_seg6_dl_060049E0	060049e0	240
skeeter_seg6_dl_06004A40	06004a40	2280
lakitu_seg6_dl_06004BA8	06004ba8	64
lakitu_seg6_dl_06004BE8	06004be8	72
lakitu_seg6_dl_06004C30	06004c30	48
lakitu_seg6_dl_06004C60	06004c60	40
lakitu_seg6_dl_06004C88	06004c88	40
lakitu_seg6_dl_060051D0	060051d0	72
lakitu_seg6_dl_06005218	06005218	328
moneybag_seg6_dl_06005300	06005300	88
skeeter_seg6_dl_06005328	06005328	48
moneybag_seg6_dl_06005358	06005358	96
skeeter_seg6_dl_06005358	06005358	968
lakitu_seg6_dl_06005360	06005360	120
moneybag_seg6_dl_060053B8	060053b8	112
moneybag_seg6_dl_06005590	06005590	136
lakitu_seg6_dl_06005598	06005598	80
lakitu_seg6_dl_060055E8	060055e8	40
lakitu_seg6_dl_06005610	06005610	40
moneybag_seg6_dl_06005618	06005618	112
moneybag_seg6_dl_06005688	06005688	32
moneybag_seg6_dl_06005708	06005708	72
moneybag_seg6_dl_06005750	06005750	112
lakitu_seg6_anims_060058F8	060058f8	8
moneybag_seg6_dl_06005980	06005980	112
moneybag_seg6_dl_060059F0	060059f0	112
moneybag_seg6_anims_06005E5C	06005e5c	20
swoop_seg6_dl_060065B8	060065b8	320
swoop_seg6_dl_060066F8	060066f8	96
swoop_seg6_dl_06006758	06006758	176
swoop_seg6_dl_06006848	06006848	56
swoop_seg6_dl_06006880	06006880	184
swoop_seg6_dl_06006A10	06006a10	88
swoop_seg6_dl_06006A68	06006a68	32
swoop_seg6_dl_06006A88	06006a88	208
swoop_seg6_dl_06006B98	06006b98	56
swoop_seg6_dl_06006BD0	06006bd0	184
swoop_seg6_dl_06006CC8	06006cc8	56
swoop_seg6_dl_06006D00	06006d00	184
swoop_seg6_anims_060070D0	060070d0	8
toad_seg6_dl_06007300	06007300	408
toad_seg6_dl_06007498	06007498	552
koopa_seg6_dl_06007658	06007658	88
koopa_seg6_dl_060076B0	060076b0	416
toad_seg6_dl_060076C0	060076c0	80
toad_seg6_dl_06007710	06007710	120
toad_seg6_us_dl_06007788	06007788	128
koopa_seg6_dl_06007850	06007850	288
koopa_seg6_dl_06007970	06007970	240
toad_seg6_dl_06007960	060079e0	232
koopa_seg6_dl_06007A60	06007a60	64
koopa_seg6_dl_06007AA0	06007aa0	88
toad_seg6_dl_06007A48	06007ac8	56
koopa_seg6_dl_06007AF8	06007af8	40
toad_seg6_us_dl_06007B00	06007b00	40
koopa_seg6_dl_06007B20	06007b20	40
toad_seg6_dl_06007D10	06007db8	416
skeeter_seg6_anims_06007DE0	06007de0	16
toad_seg6_dl_06007EB0	06007f58	40
koopa_seg6_dl_06007FB8	06007fb8	152
koopa_seg6_dl_06008050	06008050	168
koopa_seg6_dl_060080F8	060080f8	344
toad_seg6_dl_060080C0	06008168	312
koopa_seg6_dl_06008250	06008250	112
toad_seg6_dl_060081F8	060082a0	40
toad_seg6_dl_060083E8	06008490	312
koopa_seg6_dl_06008530	06008530	184
toad_seg6_dl_06008520	060085c8	64
koopa_seg6_dl_060085E8	060085e8	88
toad_seg6_us_dl_06008608	06008608	72
koopa_seg6_dl_06008640	06008640	144
koopa_seg6_dl_060086D0	060086d0	112
toad_seg6_dl_06008748	06008838	328
toad_seg6_dl_06008890	06008980	40
koopa_seg6_dl_060089B0	060089b0	184
koopa_seg6_dl_06008A68	06008a68	88
koopa_seg6_dl_06008AC0	06008ac0	144
koopa_seg6_dl_06008B50	06008b50	112
toad_seg6_dl_06008A90	06008b80	328
toad_seg6_dl_06008BD8	06008cc8	40
snufit_seg6_dl_060091E0	060091e0	152
snufit_seg6_dl_06009278	06009278	120
snufit_seg6_dl_060092F0	060092f0	424
snufit_seg6_dl_06009498	06009498	152
snufit_seg6_dl_06009668	06009668	152
snufit_seg6_dl_06009700	06009700	72
snufit_seg6_dl_06009748	06009748	128
snufit_seg6_dl_060098A0	060098a0	152
snufit_seg6_dl_06009938	06009938	96
snufit_seg6_dl_060099D8	060099d8	56
snufit_seg6_dl_06009A10	06009a10	112
snufit_seg6_dl_06009B18	06009b18	80
snufit_seg6_dl_06009B68	06009b68	48
seaweed_seg6_dl_06009E50	06009e50	72
seaweed_seg6_dl_06009E98	06009e98	112
seaweed_seg6_dl_06009F48	06009f48	72
seaweed_seg6_dl_06009F90	06009f90	112
seaweed_seg6_dl_0600A040	0600a040	72
seaweed_seg6_dl_0600A088	0600a088	112
seaweed_seg6_dl_0600A138	0600a138	72
seaweed_seg6_dl_0600A180	0600a180	112
seaweed_seg6_anims_0600A4D4	0600a4d4	4
koopa_seg6_dl_0600B6E0	0600b6e0	344
koopa_seg6_dl_0600B838	0600b838	128
koopa_seg6_dl_0600B8B8	0600b8b8	344
dorrie_seg6_dl_0600B8E8	0600b8e8	88
dorrie_seg6_dl_0600B940	0600b940	440
koopa_seg6_dl_0600BA10	0600ba10	128
koopa_seg6_dl_0600BA90	0600ba90	392
dorrie_seg6_dl_0600BAF8	0600baf8	200
koopa_seg6_dl_0600BC18	0600bc18	112
koopa_seg6_dl_0600BC88	0600bc88	392
koopa_seg6_dl_0600BE10	0600be10	112
dorrie_seg6_dl_0600BE68	0600be68	168
koopa_seg6_dl_0600BE80	0600be80	960
dorrie_seg6_dl_0600BF10	0600bf10	288
dorrie_seg6_dl_0600C030	0600c030	200
koopa_seg6_dl_0600C240	0600c240	600
dorrie_seg6_dl_0600C310	0600c310	344
dorrie_seg6_dl_0600C468	0600c468	168
koopa_seg6_dl_0600C498	0600c498	520
dorrie_seg6_dl_0600C758	0600c758	352
dorrie_seg6_dl_0600C8B8	0600c8b8	168
dorrie_seg6_dl_0600CDE8	0600cde8	488
dorrie_seg6_dl_0600CFD0	0600cfd0	168
water_mine_seg6_dl_0600D1F8	0600d1f8	56
water_mine_seg6_dl_0600D230	0600d230	56
water_mine_seg6_dl_0600D268	0600d268	120
water_mine_seg6_dl_0600D2E0	0600d2e0	280
dorrie_seg6_dl_0600D300	0600d300	320
water_mine_seg6_dl_0600D3F8	0600d3f8	96
dorrie_seg6_dl_0600D440	0600d440	168
dorrie_seg6_dl_0600D620	0600d620	184
dorrie_seg6_dl_0600D6D8	0600d6d8	168
dorrie_seg6_dl_0600D818	0600d818	152
dorrie_seg6_dl_0600D8B0	0600d8b0	168
dorrie_seg6_dl_0600D9F0	0600d9f0	152
dorrie_seg6_dl_0600DA88	0600da88	168
dorrie_seg6_dl_0600DBC8	0600dbc8	152
dorrie_seg6_dl_0600DC60	0600dc60	168
cyan_fish_seg6_dl_0600DD20	0600dd20	184
dorrie_seg6_dl_0600DDA0	0600dda0	152
cyan_fish_seg6_dl_0600DDD8	0600ddd8	96
dorrie_seg6_dl_0600DE38	0600de38	168
cyan_fish_seg6_dl_0600DE90	0600de90	72
cyan_fish_seg6_dl_0600DED8	0600ded8	112
dorrie_seg6_dl_0600DF60	0600df60	72
dorrie_seg6_dl_0600DFA8	0600dfa8	184
cyan_fish_seg6_dl_0600DFC0	0600dfc0	120
cyan_fish_seg6_dl_0600E038	0600e038	96
cyan_fish_seg6_anims_0600E264	0600e264	12
dorrie_seg6_anims_0600F638	0600f638	12
dorrie_seg6_collision_0600F644	0600f644	1396
dorrie_seg6_collision_0600FBB8	0600fbb8	1302
toad_seg6_anims_0600FB58	0600fc48	32
mips_seg6_dl_06010600	060106f0	328
mips_seg6_dl_06010748	06010838	112
mips_seg6_dl_060107B8	060108a8	104
mips_seg6_dl_06010A98	06010b88	424
mips_seg6_dl_06010C40	06010d30	96
mips_seg6_dl_06010DB0	06010ea0	176
mips_seg6_dl_06010E60	06010f50	96
mips_seg6_dl_06010FF8	060110e8	184
mips_seg6_dl_060110B0	060111a0	96
mips_seg6_dl_06011240	06011330	208
koopa_seg6_anims_06011364	06011364	68
mips_seg6_dl_06011310	06011400	96
mips_seg6_dl_06011470	06011560	176
mips_seg6_dl_06011520	06011610	96
mips_seg6_dl_060116B0	060117a0	208
bub_seg6_dl_06011848	06011848	120
mips_seg6_dl_06011780	06011870	96
bub_seg6_dl_060118C0	060118c0	88
bub_seg6_dl_06011918	06011918	80
bub_seg6_dl_06011968	06011968	232
mips_seg6_dl_060118E0	060119d0	176
bub_seg6_dl_06011A50	06011a50	216
mips_seg6_dl_06011990	06011a80	96
bub_seg6_dl_06011B28	06011b28	176
mips_seg6_dl_06011B00	06011bf0	176
bub_seg6_dl_06011C58	06011c58	152
mips_seg6_dl_06011BB0	06011ca0	96
bub_seg6_dl_06011CF0	06011cf0	96
bub_seg6_dl_06011DC0	06011dc0	136
mips_seg6_dl_06011D10	06011e00	160
bub_seg6_dl_06011E48	06011e48	96
mips_seg6_dl_06011DB0	06011ea0	96
bub_seg6_dl_06011F18	06011f18	136
mips_seg6_dl_06011E88	06011f78	80
bub_seg6_dl_06011FA0	06011fa0	96
mips_seg6_dl_06011ED8	06011fc8	32
mips_seg6_dl_06011F70	06012060	80
mips_seg6_dl_06011FC0	060120b0	32
bub_seg6_anims_06012354	06012354	12
scuttlebug_seg6_dl_06013988	06013988	56
scuttlebug_seg6_dl_060139C0	060139c0	56
scuttlebug_seg6_dl_060139F8	060139f8	120
scuttlebug_seg6_dl_06013AB0	06013ab0	56
water_ring_seg6_dl_06013AC0	06013ac0	792
scuttlebug_seg6_dl_06013AE8	06013ae8	112
scuttlebug_seg6_dl_06013B98	06013b98	56
scuttlebug_seg6_dl_06013BD0	06013bd0	112
scuttlebug_seg6_dl_06013C80	06013c80	56
scuttlebug_seg6_dl_06013CB8	06013cb8	112
scuttlebug_seg6_dl_06013D68	06013d68	56
scuttlebug_seg6_dl_06013DA0	06013da0	112
water_ring_seg6_anims_06013F7C	06013f7c	12
scuttlebug_seg6_dl_06013FC8	06013fc8	296
scuttlebug_seg6_dl_060140F0	060140f0	32
scuttlebug_seg6_dl_06014150	06014150	56
scuttlebug_seg6_dl_06014188	06014188	112
scuttlebug_seg6_dl_06014238	06014238	56
scuttlebug_seg6_dl_06014270	06014270	112
scuttlebug_seg6_dl_06014338	06014338	64
scuttlebug_seg6_dl_06014378	06014378	32
scuttlebug_seg6_anims_06015064	06015064	4
piranha_plant_seg6_dl_06015438	06015438	72
piranha_plant_seg6_dl_06015480	06015480	112
piranha_plant_seg6_dl_06015530	06015530	72
piranha_plant_seg6_dl_06015578	06015578	112
mips_seg6_anims_06015634	06015724	28
piranha_plant_seg6_dl_06015798	06015798	184
piranha_plant_seg6_dl_06015850	06015850	96
piranha_plant_seg6_dl_06015E40	06015e40	104
piranha_plant_seg6_dl_06015EA8	06015ea8	192
piranha_plant_seg6_dl_06015F68	06015f68	248
piranha_plant_seg6_dl_06016060	06016060	80
piranha_plant_seg6_dl_060160B0	060160b0	112
piranha_plant_seg6_dl_06016120	06016120	112
piranha_plant_seg6_dl_06016750	06016750	104
piranha_plant_seg6_dl_060167B8	060167b8	216
piranha_plant_seg6_dl_06016890	06016890	208
piranha_plant_seg6_dl_06016960	06016960	72
piranha_plant_seg6_dl_060169A8	060169a8	64
piranha_plant_seg6_dl_060169E8	060169e8	144
piranha_plant_seg6_dl_06016A78	06016a78	112
piranha_plant_seg6_dl_06016BA8	06016ba8	104
piranha_plant_seg6_dl_06016C10	06016c10	96
piranha_plant_seg6_dl_06016D30	06016d30	104
treasure_chest_seg6_dl_06016D58	06016d58	72
piranha_plant_seg6_dl_06016D98	06016d98	96
treasure_chest_seg6_dl_06016DA0	06016da0	120
treasure_chest_seg6_dl_06016E18	06016e18	200
piranha_plant_seg6_dl_06016EB8	06016eb8	104
treasure_chest_seg6_dl_06016EE0	06016ee0	176
piranha_plant_seg6_dl_06016F20	06016f20	96
treasure_chest_seg6_dl_06016F90	06016f90	160
treasure_chest_seg6_dl_06017680	06017680	272
treasure_chest_seg6_dl_06017790	06017790	128
treasure_chest_seg6_dl_06017810	06017810	176
treasure_chest_seg6_dl_060178C0	060178c0	152
boo_castle_seg6_dl_06017A10	06017b00	104
boo_castle_seg6_dl_06017A78	06017b68	88
boo_castle_seg6_dl_06017AD0	06017bc0	528
boo_castle_seg6_dl_06017CE0	06017dd0	160
flame_seg6_dl_0601C080	0601c080	48
flame_seg6_dl_0601C0B0	0601c0b0	24
flame_seg6_dl_0601C0C8	0601c0c8	24
flame_seg6_dl_0601C0E0	0601c0e0	40
flame_seg6_dl_0601C108	0601c108	160
flame_seg6_dl_0601C1A8	0601c1a8	160
flame_seg6_dl_0601C248	0601c248	160
flame_seg6_dl_0601C2E8	0601c2e8	160
piranha_plant_seg6_anims_0601C31C	0601c31c	44
flame_seg6_dl_0601C388	0601c388	160
flame_seg6_dl_0601C428	0601c428	160
flame_seg6_dl_0601C4C8	0601c4c8	160
flame_seg6_dl_0601C568	0601c568	160
flame_seg6_dl_0601C608	0601c608	160
flame_seg6_dl_0601C6A8	0601c6a8	160
flame_seg6_dl_0601C748	0601c748	160
flame_seg6_dl_0601C7E8	0601c7e8	160
flame_seg6_dl_0601C888	0601c888	160
flame_seg6_dl_0601C928	0601c928	160
impact_ring_seg6_dl_0601EA50	0601ea50	56
impact_ring_seg6_dl_0601EA88	0601ea88	56
impact_ring_seg6_dl_0601EAC0	0601eac0	128
yellow_sphere_seg6_dl_0601F388	0601f388	56
yellow_sphere_seg6_dl_0601F3C0	0601f3c0	112
whomp_seg6_dl_0601F4F8	0601f4f8	120
whomp_seg6_dl_0601F570	0601f570	56
whomp_seg6_dl_0601F5A8	0601f5a8	56
whomp_seg6_dl_0601F5E0	0601f5e0	152
whomp_seg6_dl_0601F7F0	0601f7f0	144
whomp_seg6_dl_0601F880	0601f880	96
whomp_seg6_dl_0601FA58	0601fa58	144
whomp_seg6_dl_0601FAE8	0601fae8	96
whomp_seg6_dl_0601FB88	0601fb88	56
whomp_seg6_dl_0601FBC0	0601fbc0	112
whomp_seg6_dl_0601FC70	0601fc70	56
whomp_seg6_dl_0601FCA8	0601fca8	112
whomp_seg6_dl_0601FE10	0601fe10	152
whomp_seg6_dl_0601FEA8	0601fea8	96
whomp_seg6_dl_0601FFA0	0601ffa0	152
whomp_seg6_dl_06020038	06020038	96
whomp_seg6_anims_06020A04	06020a04	8
whomp_seg6_collision_06020A0C	06020a0c	132
chain_ball_seg6_dl_060212E8	060212e8	152
chain_chomp_seg6_dl_06024000	06024000	64
chain_chomp_seg6_dl_06024040	06024040	512
chain_chomp_seg6_dl_06024240	06024240	144
chain_chomp_seg6_dl_06024700	06024700	512
chain_chomp_seg6_dl_06024900	06024900	64
chain_chomp_seg6_dl_06024940	06024940	144
chain_chomp_seg6_dl_06024AA8	06024aa8	88
chain_chomp_seg6_dl_06024B00	06024b00	112
chain_chomp_seg6_dl_06024CF0	06024cf0	112
chain_chomp_seg6_dl_06024D60	06024d60	112
chain_chomp_seg6_dl_06024F50	06024f50	112
chain_chomp_seg6_dl_06024FC0	06024fc0	112
chain_chomp_seg6_anims_06025178	06025178	8
bowser_seg6_dl_06039110	06039110	184
bowser_seg6_dl_060391C8	060391c8	152
bowser_seg6_dl_06039260	06039260	128
bowser_seg6_dl_060392E0	060392e0	136
bowser_seg6_dl_06039808	06039808	168
bowser_seg6_dl_060398B0	060398b0	168
bowser_seg6_dl_06039958	06039958	128
bowser_seg6_dl_060399D8	060399d8	136
bowser_seg6_dl_0603A210	0603a210	368
bowser_seg6_dl_0603A380	0603a380	360
bowser_seg6_dl_0603A4E8	0603a4e8	128
bowser_seg6_dl_0603AED8	0603aed8	352
bowser_seg6_dl_0603B038	0603b038	464
bowser_seg6_dl_0603B208	0603b208	128
bowser_seg6_dl_0603B718	0603b718	440
bowser_seg6_dl_0603B8D0	0603b8d0	120
bowser_seg6_dl_0603B948	0603b948	128
bowser_seg6_dl_0603BDF8	0603be78	168
bowser_seg6_dl_0603BEA0	0603bf20	168
bowser_seg6_dl_0603BF48	0603bfc8	128
bowser_seg6_dl_0603BFC8	0603c048	136
bowser_seg6_dl_0603C500	0603c580	168
bowser_seg6_dl_0603C5A8	0603c628	168
bowser_seg6_dl_0603C650	0603c6d0	128
bowser_seg6_dl_0603C6D0	0603c750	136
bowser_seg6_dl_0603CF28	0603cfa8	368
bowser_seg6_dl_0603D098	0603d118	360
bowser_seg6_dl_0603D200	0603d280	128
bowser_seg6_dl_0603DC70	0603dcf0	352
bowser_seg6_dl_0603DDD0	0603de50	480
bowser_seg6_dl_0603DFB0	0603e030	128
bowser_seg6_dl_0603E500	0603e580	440
bowser_seg6_dl_0603E6B8	0603e738	96
bowser_seg6_dl_0603FBA8	0603fc28	112
bowser_seg6_dl_0603FC18	0603fc98	288
bowser_seg6_dl_0603FD38	0603fdb8	152
bowser_seg6_dl_0603FDD0	0603fe50	216
bowser_seg6_dl_0603FEA8	0603ff28	256
bowser_seg6_dl_0603FFA8	06040028	472
bowser_seg6_dl_06040180	06040200	112
bowser_seg6_dl_060401F0	06040270	32
bowser_seg6_dl_06040210	06040290	200
bowser_seg6_dl_06040358	06040358	208
bowser_seg6_dl_06041A28	06041b78	376
bowser_seg6_dl_06041BA0	06041cf0	680
bowser_seg6_dl_06041E48	06041f98	96
bowser_seg6_dl_06041EA8	06041ff8	168
bowser_seg6_dl_06041F50	060420a0	328
bowser_seg6_dl_06042098	060421e8	88
bowser_seg6_dl_060420F0	06042240	80
bowser_seg6_dl_06042140	06042290	152
bowser_seg6_dl_060421D8	06042328	72
bowser_seg6_dl_06042220	06042370	88
bowser_seg6_dl_06042278	060423c8	176
bowser_seg6_dl_06042328	06042478	32
bowser_seg6_dl_06042348	06042498	88
bowser_seg6_dl_060423A0	060424f0	88
bowser_seg6_dl_060423F8	06042548	88
bowser_seg6_dl_06042450	060425a0	88
bowser_seg6_dl_060424A8	060425f8	88
bowser_seg6_dl_06042500	06042650	88
bowser_seg6_dl_06042558	060426a8	88
bowser_seg6_dl_060425B0	06042700	88
bowser_seg6_dl_06042608	06042758	88
bowser_seg6_dl_06042EE0	06043030	520
bowser_seg6_dl_060430E8	06043238	152
bowser_seg6_dl_06043180	060432d0	112
bowser_seg6_dl_060431F0	06043340	136
bowser_seg6_dl_06043548	06043698	256
bowser_seg6_dl_06043648	06043798	80
bowser_seg6_dl_06043698	060437e8	104
bowser_seg6_anims_06057690	060577e0	108
dBowserFlamesOrientationValues	0605784c	930
bomb_seg6_dl_0605A7C0	0605a910	56
bomb_seg6_dl_0605A7F8	0605a948	56
bomb_seg6_dl_0605A830	0605a980	120
bomb_seg6_dl_0605A8A8	0605a9f8	280
bomb_seg6_dl_0605A9C0	0605ab10	96
impact_smoke_seg6_dl_06062AA8	06062bf8	48
impact_smoke_seg6_dl_06062AD8	06062c28	24
impact_smoke_seg6_dl_06062AF0	06062c40	24
impact_smoke_seg6_dl_06062B08	06062c58	48
impact_smoke_seg6_dl_06062B38	06062c88	160
impact_smoke_seg6_dl_06062BD8	06062d28	160
impact_smoke_seg6_dl_06062C78	06062dc8	160
impact_smoke_seg6_dl_06062D18	06062e68	160
debug_level_select_dl_07000858	07000858	464
bowser_2_seg7_dl_07000D30	07000d30	248
bowser_2_seg7_dl_07000FE0	07000fe0	208
ssl_pyramid_sand	07001000	2048
debug_level_select_dl_07001100	07001100	392
bowser_2_seg7_dl_07001930	07001930	192
bowser_2_seg7_collision_lava	070019f0	118
bowser_2_seg7_collision_tilting_platform	07001a68	312
debug_level_select_dl_07001BA0	07001ba0	504
bitdw_seg7_dl_070020C8	070020c8	112
bitfs_seg7_dl_07002118	07002118	112
dl_cruiser_metal_holes	07002168	112
bowser_3_seg7_dl_070022A8	070022a8	144
bowser_3_seg7_dl_070025E0	070025e0	144
debug_level_select_dl_070025F0	070025f0	464
bowser_1_seg7_dl_07002768	07002768	208
bowser_1_seg7_collision_level	07002838	656
bitdw_seg7_dl_070028A0	070028a0	136
bits_seg7_dl_07002918	07002918	112
bowser_3_seg7_dl_07002918	07002918	144
bitfs_seg7_dl_07002A78	07002a78	184
bowser_3_seg7_dl_07002C50	07002c50	144
rr_seg7_dl_07002CC8	07002cc8	120
sa_seg7_dl_07002DE8	07002de8	152
rr_seg7_dl_07002E80	07002e80	120
bowser_3_seg7_dl_07002F88	07002f88	144
jrb_seg7_dl_07002FD0	07002fd0	216
sa_seg7_dl_07002FD0	07002fd0	48
sa_seg7_collision	07003000	642
debug_level_select_dl_07003258	07003258	584
sa_seg7_macro_objs	07003284	172
bowser_3_seg7_dl_070032C0	070032c0	144
bitdw_seg7_dl_070032F8	070032f8	120
dl_menu_mario_save_button_base	07003330	80
dl_menu_mario_new_button_base	07003380	80
dl_menu_save_button_back	070033d0	48
dl_menu_save_button_fade_back	07003400	80
bowser_3_seg7_dl_070035F8	070035f8	144
bitdw_seg7_dl_07003608	07003608	128
bitfs_seg7_dl_07003670	07003670	144
bits_seg7_dl_07003670	07003670	136
bowser_3_seg7_dl_07003930	07003930	144
bitdw_seg7_dl_07003BF0	07003bf0	112
bitfs_seg7_dl_07003C60	07003c60	152
bowser_3_seg7_dl_07003C68	07003c68	144
debug_level_select_dl_07003DB8	07003db8	504
bowser_3_seg7_dl_07003FA0	07003fa0	144
ssl_quicksand	07004018	2048
bitfs_seg7_dl_070040B0	070040b0	112
bitdw_seg7_dl_07004318	07004318	120
bob_seg7_dl_07004390	07004390	232
bitdw_seg7_dl_070045C0	070045c0	112
bitfs_seg7_dl_07004630	07004630	112
bowser_3_seg7_dl_070046B0	070046b0	144
bits_seg7_dl_070047F0	070047f0	144
ssl_dl_quicksand_pit_begin	07004818	72
ssl_dl_quicksand_pit_end	07004860	32
ssl_dl_pyramid_quicksand_pit_begin	07004880	120
castle_courtyard_seg7_dl_070048B8	070048b8	304
debug_level_select_dl_070048C8	070048c8	504
ssl_dl_pyramid_quicksand_pit_end	070048f8	56
ssl_movtex_tris_quicksand_pit	07004930	132
jrb_seg7_dl_07004940	07004940	216
bowser_3_seg7_dl_07004958	07004958	112
ssl_movtex_tris_pyramid_quicksand_pit	070049b4	132
bowser_3_seg7_collision_level	070049c8	460
ssl_dl_quicksand_pit	07004a38	56
rr_seg7_dl_07004A98	07004a98	120
ssl_dl_pyramid_quicksand_pit_static	07004ae0	256
bowser_3_seg7_collision_07004B94	07004b94	132
bowser_3_seg7_collision_07004C18	07004c18	132
jrb_seg7_dl_07004C78	07004c78	200
bowser_3_seg7_collision_07004C9C	07004c9c	132
bowser_3_seg7_collision_07004D20	07004d20	132
ddd_seg7_dl_07004D48	07004d48	96
bowser_3_seg7_collision_07004DA4	07004da4	132
bowser_3_seg7_collision_07004E28	07004e28	132
bowser_3_seg7_collision_07004EAC	07004eac	132
bowser_3_seg7_collision_07004F30	07004f30	132
bowser_3_seg7_collision_07004FB4	07004fb4	132
bowser_3_seg7_collision_07005038	07005038	132
bitdw_seg7_dl_07005078	07005078	128
castle_courtyard_seg7_dl_07005078	07005078	152
wf_seg7_dl_070050C8	070050c8	256
thi_seg7_dl_07005260	07005260	208
wf_seg7_dl_070052B8	070052b8	112
sl_seg7_dl_07005478	07005478	168
wf_seg7_dl_07005538	07005538	48
debug_level_select_dl_07005558	07005558	584
wf_seg7_dl_07005690	07005690	48
castle_courtyard_seg7_dl_07005698	07005698	112
sl_seg7_dl_070056B0	070056b0	128
ddd_seg7_dl_070057E8	070057e8	104
jrb_seg7_dl_070058C8	070058c8	200
castle_courtyard_seg7_dl_07005938	07005938	112
castle_courtyard_seg7_collision	070059a8	5238
debug_level_select_dl_070059F8	070059f8	160
bitdw_seg7_dl_07005BC0	07005bc0	128
ddd_seg7_dl_07005C40	07005c40	112
rr_seg7_dl_07005C80	07005c80	128
totwc_seg7_dl_07005D28	07005d28	160
bits_seg7_dl_07005DB8	07005db8	160
wf_seg7_dl_07005DD8	07005dd8	112
wf_seg7_dl_07005EE8	07005ee8	112
ddd_seg7_dl_07005F78	07005f78	80
dl_menu_erase_button	070061c8	48
dl_menu_copy_button	070061f8	48
dl_menu_file_button	07006228	48
dl_menu_score_button	07006258	48
dl_menu_sound_button	07006288	48
dl_menu_generic_button	070062b8	48
debug_level_select_dl_070063B0	070063b0	504
wf_seg7_dl_070064E8	070064e8	112
bitdw_seg7_dl_070065F0	070065f0	128
wf_seg7_dl_070065F8	070065f8	112
wf_seg7_dl_07006820	07006820	120
thi_seg7_dl_07006968	07006968	200
jrb_seg7_dl_070069B0	070069b0	232
bitfs_seg7_dl_07006B90	07006b90	200
castle_grounds_seg7_dl_07006D70	07006d70	360
castle_courtyard_seg7_macro_objs	07006e20	42
castle_courtyard_movtex_star_statue_water	07006e6c	16
thi_seg7_dl_07007008	07007008	112
totwc_seg7_dl_07007048	07007048	128
bitfs_seg7_dl_07007070	07007070	120
wf_seg7_dl_07007220	07007220	120
thi_seg7_dl_070072E8	070072e8	96
dl_menu_idle_hand	070073a0	24
dl_menu_grabbing_hand	070073b8	24
thi_seg7_dl_070073C0	070073c0	112
sl_seg7_dl_070073D0	070073d0	176
ddd_seg7_dl_07007408	07007408	192
wf_seg7_dl_07007518	07007518	120
thi_seg7_dl_07007538	07007538	112
jrb_seg7_dl_07007570	07007570	184
bbh_seg7_dl_070075A8	070075a8	280
thi_seg7_dl_07007648	07007648	96
jrb_seg7_dl_07007718	07007718	216
bitfs_seg7_dl_07007720	07007720	120
sl_seg7_dl_07007880	07007880	144
hmc_seg7_dl_070078B0	070078b0	312
totwc_seg7_dl_070078B8	070078b8	120
thi_seg7_dl_07007930	07007930	160
bbh_seg7_dl_07007940	07007940	112
bitfs_seg7_dl_07007958	07007958	112
totwc_seg7_dl_070079A8	070079a8	112
totwc_seg7_collision	07007a18	3732
bitdw_seg7_dl_07007AA8	07007aa8	136
jrb_seg7_dl_07007AC8	07007ac8	168
bits_seg7_dl_07007AF0	07007af0	112
hmc_seg7_dl_07007B50	07007b50	184
bbh_seg7_dl_07007B90	07007b90	120
thi_seg7_dl_07007C20	07007c20	112
bits_seg7_dl_07007C28	07007c28	112
ddd_seg7_dl_07007CB8	07007cb8	96
cotmc_seg7_dl_07007D48	07007d48	320
jrb_seg7_dl_07007DC8	07007dc8	216
rr_seg7_dl_07007E60	07007e60	144
vcutm_seg7_dl_07007E88	07007e88	264
bits_seg7_dl_07007EC8	07007ec8	144
bbh_seg7_dl_07007FD0	07007fd0	112
vcutm_seg7_dl_070080D0	070080d0	112
hmc_seg7_dl_070080E8	070080e8	112
jrb_seg7_dl_070080F8	070080f8	176
rr_seg7_dl_07008258	07008258	112
wf_seg7_dl_070087B0	070087b0	136
totwc_seg7_macro_objs	070088ac	282
sl_seg7_dl_070088B0	070088b0	128
bbh_seg7_dl_07008B58	07008b58	112
ddd_seg7_dl_07008C48	07008c48	112
bits_seg7_dl_07008D18	07008d18	160
sl_seg7_dl_07008D58	07008d58	144
vcutm_seg7_dl_07008E10	07008e10	112
rr_seg7_dl_07008E20	07008e20	120
bbh_seg7_dl_07008EA8	07008ea8	112
bitfs_seg7_dl_07008F48	07008f48	184
ddd_seg7_dl_07008F80	07008f80	80
jrb_seg7_dl_07008FD8	07008fd8	216
bits_seg7_dl_07008FE8	07008fe8	112
wf_seg7_dl_07008FE8	07008fe8	136
bitdw_seg7_dl_07008FF0	07008ff0	136
ddd_seg7_dl_07009030	07009030	80
jrb_seg7_dl_070090B0	070090b0	224
ddd_seg7_dl_07009120	07009120	112
bitfs_seg7_dl_070091E0	070091e0	120
ddd_seg7_dl_07009208	07009208	128
wf_seg7_dl_07009278	07009278	120
bitdw_seg7_dl_070093B0	070093b0	128
vcutm_seg7_dl_070093E8	070093e8	112
hmc_seg7_dl_070093F0	070093f0	112
bitfs_seg7_dl_070095E0	070095e0	144
castle_grounds_seg7_dl_070095F0	070095f0	264
thi_seg7_dl_07009670	07009670	208
bits_seg7_dl_07009690	07009690	112
vcutm_seg7_dl_070096E0	070096e0	112
vcutm_seg7_collision	07009750	5052
wf_seg7_dl_07009780	07009780	112
wf_seg7_dl_07009890	07009890	112
jrb_seg7_dl_07009A58	07009a58	216
wdw_seg7_dl_07009AB0	07009ab0	200
jrb_seg7_dl_07009B30	07009b30	224
thi_seg7_dl_07009D50	07009d50	160
bob_seg7_dl_07009D80	07009d80	280
wf_seg7_dl_07009DB0	07009db0	128
ssl_seg7_dl_07009F48	07009f48	216
thi_seg7_dl_07009F58	07009f58	112
thi_seg7_area_1_collision	07009fc8	7574
ttm_seg7_dl_0700A120	0700a120	144
wdw_seg7_dl_0700A138	0700a138	120
cotmc_seg7_dl_0700A160	0700a160	128
wf_seg7_dl_0700A170	0700a170	112
castle_grounds_seg7_dl_0700A290	0700a290	152
ttm_seg7_dl_0700A2E0	0700a2e0	96
bitdw_seg7_dl_0700A368	0700a368	144
bob_seg7_dl_0700A470	0700a470	112
cotmc_seg7_dl_0700A4B8	0700a4b8	80
cotmc_seg7_collision_level	0700a508	6192
sl_seg7_dl_0700A5A0	0700a5a0	128
jrb_seg7_dl_0700A608	0700a608	208
bitdw_seg7_dl_0700A6A8	0700a6a8	112
sl_seg7_dl_0700A780	0700a780	112
pss_seg7_dl_0700A7C0	0700a7c0	248
castle_grounds_seg7_dl_0700A860	0700a860	112
sl_seg7_dl_0700A890	0700a890	128
ttm_seg7_dl_0700A8C0	0700a8c0	104
bob_seg7_dl_0700A920	0700a920	192
sl_seg7_dl_0700A980	0700a980	48
bitfs_seg7_dl_0700AA00	0700aa00	120
ttm_seg7_dl_0700AB08	0700ab08	104
vcutm_seg7_macro_objs	0700ab0c	312
bitfs_seg7_dl_0700AB90	0700ab90	112
wf_seg7_dl_0700ABA0	0700aba0	208
menu_hud_lut	0700abd0	112
vcutm_seg7_collision_0700AC44	0700ac44	132
jrb_seg7_dl_0700AC68	0700ac68	208
bitdw_seg7_dl_0700AD10	0700ad10	128
ttc_seg7_dl_0700AD38	0700ad38	416
jrb_seg7_dl_0700AE48	0700ae48	168
wf_seg7_dl_0700AEC8	0700aec8	120
ddd_seg7_dl_0700AF10	0700af10	104
ttm_seg7_dl_0700AF90	0700af90	96
bitdw_seg7_dl_0700AFA0	0700afa0	112
pss_seg7_dl_0700AFA8	0700afa8	200
jrb_seg7_dl_0700AFB0	0700afb0	168
wf_seg7_dl_0700AFB8	0700afb8	112
bbh_seg7_dl_0700AFF0	0700aff0	232
jrb_seg7_area_1_collision	0700b058	5264
ddd_seg7_dl_0700B068	0700b068	112
ccm_seg7_dl_0700B090	0700b090	136
ttm_seg7_dl_0700B0D0	0700b0d0	96
bbh_seg7_dl_0700B1C8	0700b1c8	112
castle_grounds_seg7_dl_0700B1D0	0700b1d0	112
ccm_seg7_dl_0700B1D8	0700b1d8	112
ttc_seg7_dl_0700B1D8	0700b1d8	96
bitdw_seg7_dl_0700B220	0700b220	112
intro_seg7_dl_logo	0700b3a0	128
pss_seg7_dl_0700B3F0	0700b3f0	184
bbh_seg7_dl_0700B418	0700b418	112
bitdw_seg7_dl_0700B480	0700b480	112
bits_seg7_dl_0700B4A0	0700b4a0	136
ttm_seg7_dl_0700B530	0700b530	96
ttm_seg7_dl_0700B670	0700b670	96
bits_seg7_dl_0700B820	0700b820	144
menu_font_lut	0700b840	1024
bitdw_seg7_dl_0700B8D8	0700b8d8	112
bbh_seg7_dl_0700B9E0	0700b9e0	112
bits_seg7_dl_0700BA18	0700ba18	112
castle_grounds_seg7_dl_0700BA20	0700ba20	152
wf_seg7_dl_0700BA28	0700ba28	240
ssl_seg7_dl_0700BA78	0700ba78	96
ttm_seg7_dl_0700BAD0	0700bad0	96
ddd_seg7_dl_0700BAE0	0700bae0	112
sl_seg7_dl_0700BAE8	0700bae8	128
rr_seg7_dl_0700BB48	0700bb48	112
bitdw_seg7_dl_0700BB58	0700bb58	112
castle_grounds_seg7_dl_0700BB80	0700bb80	112
bbh_seg7_dl_0700BBF8	0700bbf8	112
ttm_seg7_dl_0700BC10	0700bc10	96
ssl_seg7_dl_0700BC18	0700bc18	112
dl_menu_ia8_text_begin	0700bc40	88
castle_grounds_seg7_dl_0700BC68	0700bc68	112
dl_menu_ia8_text_end	0700bc98	64
sl_seg7_dl_0700BCF8	0700bcf8	112
ssl_seg7_dl_0700BD00	0700bd00	112
cotmc_seg7_macro_objs	0700bd38	212
thi_seg7_area_2_collision	0700bd60	5860
cotmc_dl_water_begin	0700be10	120
ttm_seg7_dl_0700BE20	0700be20	112
cotmc_dl_water_end	0700be88	72
cotmc_movtex_tris_water	0700bed0	144
bitfs_seg7_dl_0700BED8	0700bed8	184
ssl_seg7_dl_0700BF18	0700bf18	120
wf_seg7_dl_0700BF50	0700bf50	144
cotmc_dl_water	0700bf60	72
ttm_seg7_dl_0700C070	0700c070	112
bitdw_seg7_dl_0700C0E0	0700c0e0	120
wmotr_seg7_dl_0700C1F8	0700c1f8	168
castle_grounds_seg7_dl_0700C210	0700c210	144
ccm_seg7_dl_0700C380	0700c380	184
bitfs_seg7_dl_0700C3C0	0700c3c0	112
ttm_seg7_dl_0700C408	0700c408	128
castle_grounds_seg7_dl_0700C430	0700c430	144
jrb_seg7_area_1_macro_objs	0700c4e8	622
bitdw_seg7_dl_0700C670	0700c670	120
castle_grounds_seg7_dl_0700C670	0700c670	56
intro_seg7_dl_copyright	0700c6a0	240
castle_grounds_seg7_dl_0700C6A8	0700c6a8	64
castle_grounds_seg7_dl_0700C6E8	0700c6e8	64
castle_grounds_seg7_dl_0700C728	0700c728	64
jrb_seg7_collision_rock_solid	0700c758	204
castle_grounds_seg7_dl_0700C768	0700c768	96
intro_seg7_table_0700C790	0700c790	240
jrb_seg7_collision_floating_platform	0700c824	132
intro_seg7_table_0700C880	0700c880	192
jrb_seg7_collision_floating_box	0700c8a8	132
jrb_seg7_collision_in_sunken_ship_3	0700c92c	1326
castle_grounds_seg7_anims_flags	0700c95c	4
sl_seg7_dl_0700C9E8	0700c9e8	128
rr_seg7_dl_0700CA38	0700ca38	128
ttm_seg7_dl_0700CAE0	0700cae0	128
sl_seg7_dl_0700CB58	0700cb58	128
sl_seg7_area_1_collision	0700cbd8	8634
bitdw_seg7_dl_0700CC00	0700cc00	120
ttm_seg7_dl_0700CD10	0700cd10	120
bits_seg7_dl_0700CDC0	0700cdc0	144
ddd_seg7_dl_0700CE48	0700ce48	152
jrb_seg7_collision_in_sunken_ship	0700ce5c	148
jrb_seg7_collision_0700CEF0	0700cef0	144
jrb_seg7_collision_in_sunken_ship_2	0700cf80	534
wf_seg7_dl_0700D028	0700d028	128
bbh_seg7_dl_0700D080	0700d080	248
bitdw_seg7_dl_0700D190	0700d190	120
jrb_seg7_collision_pillar_base	0700d198	66
ttm_seg7_dl_0700D1D8	0700d1d8	120
jrb_seg7_collision_0700D1DC	0700d1dc	48
jrb_seg7_trajectory_unagi_1	0700d20c	50
jrb_seg7_trajectory_unagi_2	0700d240	74
bits_seg7_dl_0700D278	0700d278	120
ddd_seg7_dl_0700D2A0	0700d2a0	112
jrb_movtex_water	0700d2cc	24
bbh_seg7_dl_0700D2E0	0700d2e0	112
wf_seg7_dl_0700D300	0700d300	112
jrb_movtex_initial_mist	0700d304	16
ddd_seg7_area_1_collision	0700d310	2910
pss_seg7_dl_0700D338	0700d338	112
bitdw_seg7_dl_0700D3E8	0700d3e8	120
thi_seg7_area_3_collision	0700d444	2316
bitdw_seg7_collision_level	0700d460	8150
bbh_seg7_dl_0700D490	0700d490	112
ccm_seg7_dl_0700D578	0700d578	224
bits_seg7_dl_0700D5A0	0700d5a0	128
ttm_seg7_dl_0700D688	0700d688	120
wf_seg7_dl_0700D708	0700d708	120
bbh_seg7_dl_0700D7E0	0700d7e0	112
wf_seg7_dl_0700D9F0	0700d9f0	120
pss_seg7_dl_0700DAD8	0700dad8	112
rr_seg7_dl_0700DBD8	0700dbd8	128
bits_seg7_dl_0700DD00	0700dd00	152
bob_seg7_dl_0700DD18	0700dd18	280
thi_seg7_area_1_macro_objs	0700dd50	402
dl_menu_rgba16_wood_course	0700dd60	208
ccm_seg7_dl_0700DDF0	0700ddf0	120
wf_seg7_dl_0700DE20	0700de20	120
main_menu_seg7_collision	0700de30	48
ddd_seg7_area_2_collision	0700de70	4226
rr_seg7_dl_0700DE88	0700de88	112
thi_seg7_area_2_macro_objs	0700dee4	682
ttm_seg7_dl_0700DF78	0700df78	112
wf_seg7_dl_0700E0F0	0700e0f0	112
rr_seg7_dl_0700E178	0700e178	144
thi_seg7_area_3_macro_objs	0700e190	152
thi_seg7_collision_top_trap	0700e228	48
thi_seg7_trajectory_koopa	0700e258	98
pss_seg7_dl_0700E2B0	0700e2b0	152
ttm_seg7_dl_0700E308	0700e308	112
thi_movtex_area1_water	0700e31c	32
bob_seg7_dl_0700E338	0700e338	168
thi_movtex_area2_water	0700e39c	32
wf_seg7_dl_0700E3D0	0700e3d0	112
pss_seg7_dl_0700E3E8	0700e3e8	168
hmc_seg7_dl_0700E448	0700e448	360
bob_seg7_dl_0700E458	0700e458	184
pss_seg7_collision	0700e490	10864
ccm_seg7_dl_0700E708	0700e708	136
wf_seg7_dl_0700E760	0700e760	112
bob_seg7_dl_0700E768	0700e768	168
rr_seg7_dl_0700E830	0700e830	128
ttc_seg7_dl_0700E878	0700e878	216
bob_seg7_dl_0700E8A0	0700e8a0	184
bob_seg7_collision_level	0700e958	9972
ccm_seg7_dl_0700E970	0700e970	144
wf_seg7_dl_0700E9B8	0700e9b8	112
castle_grounds_seg7_dl_0700EA58	0700ea58	144
ttm_seg7_dl_0700EAC8	0700eac8	120
wf_seg7_dl_0700EB40	0700eb40	120
ttm_seg7_dl_0700EC58	0700ec58	112
bitfs_seg7_dl_0700EC78	0700ec78	120
ttc_seg7_dl_0700ECB8	0700ecb8	176
bitfs_seg7_dl_0700ED90	0700ed90	128
sl_seg7_area_1_macro_objs	0700ed94	472
wf_seg7_dl_0700EDC0	0700edc0	112
ddd_seg7_area_1_macro_objs	0700eef4	182
hmc_seg7_dl_0700EF00	0700ef00	216
jrb_seg7_dl_0700EF00	0700ef00	152
sl_seg7_collision_sliding_snow_mound	0700ef6c	84
ddd_seg7_area_2_macro_objs	0700efac	462
sl_seg7_collision_pound_explodes	0700efc0	60
wmotr_seg7_dl_0700EFD8	0700efd8	112
ttc_seg7_dl_0700EFE0	0700efe0	176
sl_seg7_area_2_collision	0700effc	2428
wf_seg7_dl_0700F018	0700f018	112
ddd_seg7_collision_submarine	0700f17c	2764
wf_seg7_dl_0700F1A8	0700f1a8	120
bitfs_seg7_dl_0700F1C8	0700f1c8	112
ttm_seg7_dl_0700F270	0700f270	144
castle_grounds_seg7_us_dl_0700F2E8	0700f2e8	184
wf_seg7_dl_0700F340	0700f340	120
castle_grounds_seg7_collision_level	0700f3a0	8736
hmc_seg7_dl_0700F3E8	0700f3e8	112
bitdw_seg7_macro_objs	0700f438	592
ccm_seg7_dl_0700F440	0700f440	128
bitfs_seg7_dl_0700F508	0700f508	136
bbh_seg7_dl_0700F510	0700f510	184
wf_seg7_dl_0700F610	0700f610	112
ccm_seg7_dl_0700F650	0700f650	144
bitdw_seg7_collision_0700F688	0700f688	132
bitfs_seg7_dl_0700F6A8	0700f6a8	112
wf_seg7_dl_0700F6C0	0700f6c0	152
bitdw_seg7_collision_0700F70C	0700f70c	132
ttc_seg7_dl_0700F760	0700f760	208
ccm_seg7_dl_0700F780	0700f780	128
bitdw_seg7_collision_moving_pyramid	0700f790	96
bitdw_seg7_collision_0700F7F0	0700f7f0	168
wf_seg7_dl_0700F7F8	0700f7f8	112
bbh_seg7_dl_0700F848	0700f848	112
wf_seg7_collision_small_bomp	0700f868	204
bitdw_seg7_collision_0700F898	0700f898	132
bitdw_seg7_collision_0700F91C	0700f91c	288
wf_seg7_collision_large_bomp	0700f934	204
sl_seg7_area_2_macro_objs	0700f978	182
wf_seg7_collision_clocklike_rotation	0700fa00	162
ttm_seg7_dl_0700FA18	0700fa18	120
bitdw_seg7_collision_0700FA3C	0700fa3c	288
hmc_seg7_dl_0700FA40	0700fa40	112
sl_movtex_water	0700fa70	24
wf_seg7_collision_sliding_brick_platform	0700faa4	72
wf_seg7_collision_tumbling_bridge	0700faec	48
ccm_seg7_dl_0700FB00	0700fb00	120
wf_seg7_collision_trapezoid	0700fb1c	120
bitfs_seg7_dl_0700FB38	0700fb38	112
bitdw_seg7_collision_0700FB5C	0700fb5c	288
wf_seg7_collision_platform	0700fb94	120
ttc_seg7_dl_0700FBB8	0700fbb8	200
wf_seg7_collision_breakable_wall	0700fc0c	54
wf_seg7_collision_breakable_wall_2	0700fc44	54
ddd_seg7_collision_bowser_sub_door	0700fc48	48
bits_seg7_dl_0700FC70	0700fc70	120
bitdw_seg7_collision_0700FC7C	0700fc7c	288
wf_seg7_collision_kickable_board	0700fc7c	132
ddd_movtex_area1_water	0700fcb4	16
ssl_seg7_dl_0700FCE0	0700fce0	160
ddd_movtex_area2_water	0700fd00	16
wf_seg7_collision_tower_door	0700fd00	48
bitfs_seg7_dl_0700FD08	0700fd08	120
ccm_seg7_dl_0700FD08	0700fd08	128
wf_seg7_collision_rotating_platform	0700fd30	226
ssl_seg7_area_1_collision	0700fd80	9890
bitdw_seg7_collision_0700FD9C	0700fd9c	148
wf_seg7_collision_tower	0700fe14	1098
jrb_seg7_dl_0700FE48	0700fe48	112
hmc_seg7_dl_0700FEF0	0700fef0	128
bitfs_seg7_dl_0700FF90	0700ff90	112
ttc_seg7_dl_0700FFE8	0700ffe8	200
hmc_seg7_dl_07010070	07010070	168
bitfs_seg7_dl_07010168	07010168	112
wf_seg7_collision_bullet_bill_cannon	07010260	120
ttc_seg7_dl_070102B8	070102b8	200
wf_seg7_collision_070102D8	070102d8	6494
bitfs_seg7_dl_07010340	07010340	112
jrb_seg7_dl_07010548	07010548	112
jrb_seg7_area_2_collision	070105b8	3512
wmotr_seg7_dl_07010608	07010608	128
ccm_seg7_dl_07010660	07010660	120
wmotr_seg7_collision	07010688	12318
ttc_seg7_dl_07010868	07010868	200
ttm_seg7_dl_07010978	07010978	120
ccm_seg7_dl_070109D0	070109d0	144
ttm_seg7_dl_07010A68	07010a68	112
ccm_seg7_dl_07010B50	07010b50	128
ttc_seg7_dl_07010D38	07010d38	176
pss_seg7_macro_objs	07010f00	412
ccm_seg7_dl_07010F28	07010f28	144
ttc_seg7_dl_07011040	07011040	200
bob_seg7_macro_objs	0701104c	882
bbh_seg7_dl_07011120	07011120	264
ttm_seg7_dl_07011128	07011128	120
bitfs_seg7_dl_07011138	07011138	112
bitfs_seg7_dl_07011318	07011318	144
ttc_seg7_dl_07011360	07011360	200
jrb_seg7_area_2_macro_objs	07011370	12
jrb_movtex_sunken_ship_water	0701139c	16
bob_seg7_collision_chain_chomp_gate	070113c0	48
bob_seg7_collision_bridge	070113f0	132
bob_seg7_collision_gate	07011474	186
bob_seg7_metal_ball_path0	07011530	146
bitfs_seg7_dl_07011568	07011568	112
castle_grounds_seg7_macro_objs	070115c0	172
bob_seg7_metal_ball_path1	070115c4	218
ttm_seg7_dl_07011608	07011608	120
castle_grounds_seg7_collision_moat_grills	0701166c	92
bob_seg7_trajectory_koopa	070116a0	290
ttc_seg7_dl_070116A8	070116a8	176
castle_grounds_seg7_collision_cannon_grill	070116c8	48
castle_grounds_movtex_water	07011738	24
castle_grounds_movtex_tris_waterfall	07011750	152
bitfs_seg7_dl_07011798	07011798	112
castle_grounds_dl_waterfall	070117e8	144
ccm_seg7_dl_070118B0	070118b0	144
ttc_seg7_dl_07011B38	07011b38	168
bitfs_seg7_dl_07011BA0	07011ba0	120
wf_seg7_macro_objs	07011c38	432
ttm_seg7_dl_07011C78	07011c78	136
ttm_seg7_dl_07011D78	07011d78	112
bitfs_seg7_dl_07011D98	07011d98	144
wf_movtex_water	07011e08	16
bitfs_seg7_dl_07011E28	07011e28	112
wdw_seg7_dl_07011E48	07011e48	272
bitfs_seg7_collision_level	07011e98	12536
ttc_seg7_dl_07012028	07012028	168
ttc_seg7_dl_07012148	07012148	184
bbh_seg7_dl_07012220	07012220	248
wdw_seg7_dl_07012258	07012258	112
ttm_seg7_dl_07012270	07012270	128
ttc_seg7_dl_07012278	07012278	184
ttc_seg7_collision_level	07012330	11326
ttm_seg7_dl_07012388	07012388	24
ttm_seg7_dl_070123A0	070123a0	24
ttm_seg7_dl_070123B8	070123b8	88
ttm_seg7_dl_07012410	07012410	32
ssl_seg7_area_1_macro_objs	07012424	462
bbh_seg7_dl_07012510	07012510	112
ssl_seg7_collision_pyramid_top	070125f4	78
ssl_seg7_collision_tox_box	07012644	276
bbh_seg7_dl_070126E8	070126e8	112
rr_seg7_dl_07012758	07012758	144
ssl_movtex_puddle_water	07012778	16
wdw_seg7_dl_07012798	07012798	48
ssl_movtex_toxbox_quicksand_mist	070127c8	24
ssl_dl_quicksand_begin	070127e0	8
ssl_dl_quicksand_end	070127e8	8
ssl_movtex_tris_pyramid_quicksand	070127f0	198
ssl_dl_pyramid_quicksand	070128b8	72
bits_seg7_dl_070128F0	070128f0	184
ssl_movtex_tris_pyramid_corners_quicksand	07012900	262
wdw_seg7_dl_07012908	07012908	48
ssl_dl_pyramid_corners_quicksand	07012a08	72
ssl_movtex_tris_sides_quicksand	07012a50	246
bits_seg7_dl_07012B10	07012b10	112
ssl_dl_sides_quicksand	07012b48	136
wdw_seg7_dl_07012B90	07012b90	120
ccm_seg7_dl_07012BD8	07012bd8	96
bits_seg7_dl_07012D40	07012d40	112
wdw_seg7_dl_07012E88	07012e88	144
ttm_slide_painting	07012f00	120
wdw_seg7_dl_070131B8	070131b8	128
ttm_seg7_dl_07013430	07013430	112
wdw_seg7_dl_07013490	07013490	112
lll_seg7_dl_070134E0	070134e0	320
bits_seg7_dl_070135A0	070135a0	112
ttm_seg7_dl_07013608	07013608	112
ttm_seg7_collision_pitoune_2	07013678	280
wmotr_seg7_macro_objs	070136a8	262
ccm_seg7_dl_070136D0	070136d0	96
ttm_seg7_collision_ukiki_cage	07013790	132
lll_seg7_dl_070137C0	070137c0	112
ttm_seg7_area_1_collision	07013814	14082
bits_seg7_dl_07013820	07013820	112
ccm_seg7_dl_07013870	07013870	120
ccm_seg7_area_1_collision	070138e8	10650
lll_seg7_dl_070138F8	070138f8	112
bbh_seg7_dl_070139A8	070139a8	248
wdw_seg7_dl_07013B70	07013b70	120
bbh_seg7_dl_07013BE8	07013be8	112
bits_seg7_dl_07013C78	07013c78	112
hmc_seg7_dl_07013CA8	07013ca8	272
lll_seg7_dl_07013D28	07013d28	144
wdw_seg7_dl_07013E40	07013e40	120
hmc_seg7_dl_07013E80	07013e80	184
bits_seg7_dl_07013EF8	07013ef8	112
wdw_seg7_dl_070140E0	070140e0	112
wdw_seg7_area_1_collision	07014150	8070
bits_seg7_dl_07014178	07014178	112
hmc_seg7_dl_07014300	07014300	112
rr_seg7_dl_07014508	07014340	136
lll_seg7_dl_07014788	07014788	144
hmc_seg7_dl_07014B08	07014b08	128
lll_seg7_dl_07014BD8	07014bd8	144
hmc_seg7_dl_07014C00	07014c00	184
bits_seg7_dl_07014C28	07014c28	112
rr_seg7_dl_07014F30	07014d68	120
hmc_seg7_dl_07014E48	07014e48	112
ttc_seg7_collision_07014F70	07014f70	150
bitfs_seg7_macro_objs	07014f90	402
bbh_seg7_dl_07014FD8	07014fd8	192
ttc_seg7_collision_07015008	07015008	132
ttc_seg7_collision_clock_pendulum	0701508c	552
bitfs_seg7_collision_07015124	07015124	144
bitfs_seg7_collision_sinking_cage_platform	070151b4	132
bitfs_seg7_collision_inverted_pyramid	07015238	78
bitfs_seg7_collision_07015288	07015288	132
ttc_seg7_collision_070152B4	070152b4	300
bitfs_seg7_collision_squishable_platform	0701530c	1032
bbh_seg7_dl_07015398	07015398	112
bits_seg7_dl_070153C0	070153c0	120
ttc_seg7_collision_070153E0	070153e0	300
lll_seg7_dl_07015458	07015458	160
rr_seg7_dl_070156B8	070154f0	144
ttc_seg7_collision_sliding_surface	0701550c	120
ttc_seg7_collision_07015584	07015584	204
ttc_seg7_collision_07015650	07015650	258
bbh_seg7_dl_070156E0	070156e0	112
bitfs_seg7_collision_07015714	07015714	82
ttc_seg7_collision_07015754	07015754	132
bitfs_seg7_collision_07015768	07015768	120
ttc_seg7_collision_070157D8	070157d8	132
bitfs_seg7_collision_070157E0	070157e0	120
bitfs_seg7_collision_sinking_platform	07015858	208
ttc_seg7_collision_clock_platform	0701585c	132
ttc_seg7_collision_clock_main_rotation	070158e0	240
bitfs_seg7_collision_07015928	07015928	132
bitfs_seg7_trajectory_070159AC	070159ac	322
ttc_seg7_collision_rotating_clock_platform2	070159d0	340
bbh_seg7_dl_07015A20	07015a20	112
rr_seg7_dl_07015C68	07015aa0	128
bitfs_movtex_tris_lava_first_section	07015af0	44
bitfs_movtex_tris_lava_second_section	07015b1c	44
ttc_seg7_macro_objs	07015b24	1102
bitfs_movtex_tris_lava_floor	07015b48	94
bits_seg7_dl_07015B60	07015b60	120
bitfs_dl_lava_sections	07015ba8	24
bitfs_dl_lava_floor	07015bc0	72
lll_seg7_dl_07015C88	07015c88	144
lll_seg7_dl_07015E20	07015e20	112
ttc_yellow_triangle	07015f90	2048
wdw_seg7_area_1_macro_objs	070160d8	612
lll_seg7_dl_07016250	07016250	144
ccm_seg7_area_1_macro_objs	07016284	372
bits_seg7_dl_07016300	07016300	120
wdw_seg7_area_2_collision	0701633c	7910
ccm_seg7_collision_070163F8	070163f8	432
ccm_seg7_trajectory_snowman	070165a8	242
lll_seg7_dl_070165C8	070165c8	144
ccm_seg7_trajectory_0701669C	0701669c	74
ccm_movtex_penguin_puddle_water	07016708	16
ttc_dl_surface_treadmill_begin	07016790	120
ttc_dl_surface_treadmill_end	07016808	56
ttc_movtex_tris_big_surface_treadmill	07016840	196
ttc_movtex_tris_small_surface_treadmill	07016904	196
ttc_dl_surface_treadmill	070169c8	88
bits_seg7_dl_07016AA0	07016aa0	120
lll_seg7_dl_07016B00	07016b00	112
bits_seg7_dl_07016DA0	07016da0	120
bits_seg7_collision_level	07016e18	14674
ttm_seg7_area_1_macro_objs	07016f18	392
ttm_seg7_trajectory_070170A0	070170a0	98
ttm_movtex_puddle	07017124	16
ttm_movtex_tris_begin_waterfall	07017134	64
ttm_movtex_tris_begin_puddle_waterfall	07017174	44
ttm_movtex_tris_end_waterfall	070171a0	64
ttm_movtex_tris_end_puddle_waterfall	070171e0	44
ttm_movtex_tris_puddle_waterfall	0701720c	84
ttm_dl_waterfall	07017260	40
ttm_dl_bottom_waterfall	07017288	24
ttm_dl_puddle_waterfall	070172a0	56
rr_seg7_dl_07017530	07017368	128
bbh_seg7_dl_07017378	07017378	264
hmc_seg7_dl_070173A8	070173a8	264
lll_seg7_dl_070174E0	070174e0	152
bbh_seg7_dl_07017570	07017570	112
bbh_seg7_dl_07017788	07017788	112
lll_seg7_dl_070178A8	070178a8	144
lll_seg7_dl_07017B50	07017b50	152
hmc_seg7_dl_07017C98	07017c98	216
lll_seg7_dl_07017F40	07017f40	112
hmc_seg7_dl_07018200	07018200	112
wdw_seg7_area_2_macro_objs	07018224	412
lll_seg7_dl_07018380	07018380	112
wdw_seg7_collision_square_floating_platform	070183c0	132
wdw_seg7_collision_arrow_lift	07018444	132
wdw_seg7_collision_070184C8	070184c8	96
wdw_seg7_collision_07018528	07018528	132
wdw_seg7_collision_express_elevator_platform	070185ac	132
wdw_seg7_collision_rect_floating_platform	07018630	132
lll_seg7_dl_07018680	07018680	136
wdw_seg7_collision_070186B4	070186b4	114
wdw_movtex_area1_water	07018748	16
wdw_movtex_area2_water	07018778	16
rr_seg7_dl_07018B58	07018990	192
lll_seg7_dl_07018A30	07018a30	112
lll_seg7_dl_07018C90	07018c90	120
lll_seg7_dl_07018EF8	07018ef8	120
rr_seg7_dl_070191A0	07018fd8	144
flying_carpet_static_vertex_data	07019080	168
dl_flying_carpet_begin	07019128	112
lll_seg7_dl_07019160	07019160	144
dl_flying_carpet_model_half	07019198	104
dl_flying_carpet_end	07019200	40
hmc_seg7_dl_07019248	07019248	112
hmc_seg7_dl_07019368	07019368	200
lll_seg7_dl_070193E0	070193e0	144
rr_seg7_dl_07019AE0	07019918	136
lll_seg7_dl_07019A08	07019a08	144
lll_seg7_dl_07019C08	07019c08	120
bbh_seg7_dl_07019EF8	07019ef8	272
lll_seg7_dl_0701A010	0701a010	112
bbh_seg7_dl_0701A080	0701a080	112
hmc_seg7_dl_0701A080	0701a080	208
lll_seg7_dl_0701A1F0	0701a1f0	128
lll_seg7_dl_0701A388	0701a388	48
rr_seg7_dl_0701A568	0701a3a0	160
lll_seg7_dl_0701A3B8	0701a3b8	48
lll_seg7_dl_0701A3E8	0701a3e8	48
hmc_seg7_dl_0701A400	0701a400	184
lll_seg7_dl_0701A418	0701a418	48
lll_seg7_dl_0701A448	0701a448	48
lll_seg7_dl_0701A478	0701a478	48
lll_seg7_dl_0701A4A8	0701a4a8	48
rr_seg7_dl_0701A680	0701a4b8	112
lll_seg7_dl_0701A4D8	0701a4d8	48
lll_seg7_dl_0701A508	0701a508	48
lll_seg7_dl_0701A538	0701a538	48
lll_seg7_dl_0701A568	0701a568	48
lll_seg7_dl_0701A598	0701a598	48
lll_seg7_dl_0701A5C8	0701a5c8	48
lll_seg7_dl_0701A5F8	0701a5f8	48
lll_seg7_dl_0701A628	0701a628	72
bits_seg7_macro_objs	0701a76c	562
bbh_seg7_dl_0701A850	0701a850	208
lll_seg7_dl_0701A878	0701a878	112
bits_seg7_collision_0701A9A0	0701a9a0	108
rr_seg7_dl_0701AB78	0701a9b0	112
bits_seg7_collision_0701AA0C	0701aa0c	120
bits_seg7_collision_0701AA84	0701aa84	420
bits_seg7_collision_0701AC28	0701ac28	132
rr_seg7_dl_0701ADF8	0701ac30	112
bits_seg7_collision_0701ACAC	0701acac	168
bits_seg7_collision_0701AD54	0701ad54	132
lll_seg7_dl_0701AD70	0701ad70	120
bits_seg7_collision_0701ADD8	0701add8	132
rr_seg7_dl_0701AFA0	0701add8	112
lll_seg7_area_1_collision	0701ade8	8096
bits_seg7_collision_0701AE5C	0701ae5c	630
rr_seg7_dl_0701B220	0701b058	112
bits_seg7_collision_0701B0D4	0701b0d4	408
bits_seg7_collision_0701B26C	0701b26c	408
rr_seg7_dl_0701B4C0	0701b2d8	112
bits_seg7_collision_0701B404	0701b404	408
bits_seg7_collision_0701B59C	0701b59c	408
rr_seg7_dl_0701B848	0701b660	112
bbh_seg7_dl_0701B6D0	0701b6d0	216
bits_seg7_collision_0701B734	0701b734	192
rr_seg7_dl_0701B980	0701b798	112
rr_seg7_dl_0701BD08	0701bb20	112
lll_seg7_area_1_macro_objs	0701cd88	512
ccm_seg7_dl_0701CE30	0701ce30	168
lll_seg7_collision_octagonal_moving_platform	0701cf88	240
lll_seg7_collision_drawbridge	0701d078	48
lll_seg7_collision_rotating_fire_bars	0701d0a8	180
lll_seg7_collision_wood_piece	0701d15c	48
lll_seg7_collision_0701D21C	0701d18c	120
lll_seg7_collision_rotating_platform	0701d204	372
lll_seg7_collision_slow_tilting_platform	0701d378	72
lll_seg7_collision_sinking_pyramids	0701d3c0	192
lll_seg7_collision_inverted_pyramid	0701d480	78
lll_seg7_collision_puzzle_piece	0701d4d0	48
lll_seg7_collision_floating_block	0701d500	120
lll_seg7_collision_pitoune	0701d578	276
lll_seg7_collision_hexagonal_platform	0701d68c	180
ttm_seg7_dl_0701D798	0701d798	240
ttm_seg7_dl_0701DBB8	0701dbb8	168
rr_seg7_dl_0701E670	0701e488	144
bbh_seg7_dl_0701E4E0	0701e4e0	248
ccm_seg7_dl_0701E558	0701e558	184
ccm_seg7_dl_0701E6B0	0701e6b0	112
hmc_seg7_dl_0701E820	0701e820	312
bbh_seg7_dl_0701E8D8	0701e8d8	112
bbh_seg7_dl_0701ED18	0701ed18	112
ssl_seg7_dl_0701EE80	0701ee80	256
bbh_seg7_dl_0701EEC8	0701eec8	144
bbh_seg7_dl_0701F070	0701f070	112
hmc_seg7_dl_0701F1B0	0701f1b0	216
bbh_seg7_dl_0701F2E8	0701f2e8	144
bbh_seg7_dl_0701F5F8	0701f5f8	176
hmc_seg7_dl_0701F690	0701f690	112
bbh_seg7_dl_0701F7E8	0701f7e8	112
hmc_seg7_dl_0701F818	0701f818	112
ssl_seg7_dl_0701F920	0701f920	184
bbh_seg7_dl_0701FAB0	0701fab0	112
ccm_seg7_dl_0701FC78	0701fc78	96
ssl_seg7_dl_0701FCE0	0701fce0	128
bbh_seg7_dl_0701FD28	0701fd28	144
hmc_seg7_dl_0701FD58	0701fd58	112
ccm_seg7_dl_0701FD78	0701fd78	112
ccm_seg7_dl_0701FE60	0701fe60	128
bbh_seg7_dl_0701FFE8	0701ffe8	112
hmc_seg7_dl_0701FFF8	0701fff8	184
bbh_seg7_dl_070202F0	070202f0	120
bbh_seg7_dl_070206F0	070206f0	176
bbh_seg7_collision_level	070207a0	22716
ccm_seg7_dl_070207F0	070207f0	144
ccm_seg7_area_2_collision	07020880	11240
rr_seg7_dl_07021100	07020f18	144
hmc_seg7_dl_07020FD0	07020fd0	272
hmc_seg7_dl_07021760	07021760	200
ssl_seg7_dl_07021A08	07021a08	192
hmc_seg7_dl_07021BA0	07021ba0	112
ssl_seg7_dl_07021DE8	07021de8	104
ssl_seg7_dl_070220A8	070220a8	200
ssl_seg7_dl_070221E8	070221e8	184
inside_castle_seg7_dl_070225D8	070225d8	56
inside_castle_seg7_dl_07022610	07022610	48
hmc_seg7_dl_070228A0	070228a0	112
ssl_seg7_dl_070228A8	070228a8	200
ssl_seg7_dl_070229E8	070229e8	184
hmc_seg7_dl_07022AA0	07022aa0	168
ssl_seg7_dl_07022CF8	07022cf8	176
hmc_seg7_dl_07022DA0	07022da0	216
hmc_seg7_dl_07023090	07023090	208
ssl_seg7_dl_070233A8	070233a8	176
ccm_seg7_area_2_macro_objs	07023468	412
inside_castle_seg7_dl_070234C0	070234c0	96
inside_castle_seg7_dl_07023520	07023520	96
lll_seg7_dl_070235C8	07023538	288
ssl_seg7_dl_070235C0	070235c0	184
ccm_seg7_trajectory_penguin_race	07023604	418
bob_painting	07023620	120
ssl_seg7_area_2_collision	07023678	16196
ccm_painting	07023698	120
wf_painting	07023710	120
jrb_painting	07023788	120
lll_painting	07023800	120
ssl_painting	07023878	120
hmc_painting	070238f0	120
ddd_painting	07023968	120
rr_seg7_dl_07023B90	070239a8	144
wdw_painting	070239e0	120
thi_tiny_painting	07023a58	120
ttm_painting	07023ad0	120
ttc_painting	07023b48	120
sl_painting	07023bc0	120
hmc_seg7_dl_07023BC8	07023bc8	168
thi_huge_painting	07023c38	120
inside_castle_seg7_dl_07023DB0	07023db0	560
hmc_seg7_dl_07023E10	07023e10	168
hmc_seg7_dl_07024110	07024110	168
hmc_seg7_dl_07024268	07024268	56
hmc_seg7_dl_070242A0	070242a0	48
ttm_seg7_dl_070249A0	070249a0	272
lll_seg7_dl_07024C18	07024b88	192
ttm_seg7_dl_07024C78	07024c78	48
hmc_seg7_painting_textures_07025518	07025518	4
cotmc_painting	0702551c	120
lll_seg7_dl_070255D8	07025548	112
hmc_seg7_collision_level	07025594	21732
lll_seg7_dl_07025A48	070259b8	120
lll_seg7_dl_07025BD8	07025b48	184
lll_seg7_dl_07025EC0	07025e30	192
lll_seg7_area_2_collision	07025ef0	9300
ttm_seg7_dl_07025F48	07025f48	168
bbh_seg7_rooms	0702605c	2150
dl_cake_end_screen	07026400	3920
rr_seg7_dl_07026630	07026448	144
bbh_seg7_macro_objs	070268c4	342
bbh_seg7_collision_staircase_step	07026a1c	124
bbh_seg7_collision_tilt_floor_platform	07026a98	132
bbh_seg7_collision_07026B1C	07026b1c	48
bbh_seg7_collision_haunted_bookshelf	07026b4c	72
bbh_seg7_collision_mesh_elevator	07026b94	136
bbh_seg7_collision_merry_go_round	07026c1c	252
bbh_seg7_collision_coffin	07026d18	204
bbh_movtex_merry_go_round_water_entrance	07026e24	16
bbh_movtex_merry_go_round_water_side	07026e34	16
ssl_seg7_area_3_collision	070275bc	1816
ssl_seg7_area_2_macro_objs	07027cd4	502
ssl_seg7_area_3_macro_objs	07027ecc	2
ssl_seg7_collision_grindel	07027ed0	132
ssl_seg7_collision_spindel	07027f54	312
ssl_seg7_collision_0702808C	0702808c	132
ssl_seg7_collision_pyramid_elevator	07028110	356
ssl_seg7_collision_07028274	07028274	132
ssl_seg7_collision_070282F8	070282f8	120
lll_seg7_area_2_macro_objs	07028344	262
ssl_seg7_collision_07028370	07028370	318
lll_seg7_collision_falling_wall	0702844c	144
ssl_seg7_collision_070284B0	070284b0	318
lll_seg7_trajectory_0702856C	070284dc	242
lll_seg7_trajectory_07028660	070285d0	234
ssl_dl_pyramid_sand_pathway_floor_begin	070285f0	112
ssl_dl_pyramid_sand_pathway_floor_end	07028660	64
ssl_dl_pyramid_sand_pathway_begin	070286a0	120
lll_movtex_tris_lava_floor	070286bc	92
lll_dl_lava_floor	07028718	72
ssl_dl_pyramid_sand_pathway_end	07028718	72
ssl_movtex_tris_pyramid_sand_pathway_front	07028760	86
lll_movtex_volcano_floor_lava	07028780	16
lll_movtex_tris_lavafall_volcano	07028790	166
ssl_dl_pyramid_sand_pathway_front_end	070287b8	56
ssl_movtex_tris_pyramid_sand_pathway_floor	070287f0	84
lll_dl_lavafall_volcano	07028838	152
ssl_movtex_tris_pyramid_sand_pathway_side	07028844	66
ssl_dl_pyramid_sand_pathway_side_end	07028888	40
rr_seg7_dl_07028FA8	07028dc0	144
rr_seg7_collision_07029038	07028e50	282
rr_seg7_collision_pendulum	07028f6c	436
inside_castle_seg7_dl_07028FD0	07028fd0	168
rr_seg7_collision_rotating_platform_with_fire	07029120	510
rr_seg7_collision_07029508	07029320	240
rr_seg7_collision_070295F8	07029410	132
rr_seg7_collision_0702967C	07029494	78
rr_seg7_collision_elevator_platform	070294e4	132
rr_seg7_collision_07029750	07029568	132
inside_castle_seg7_dl_07029578	07029578	112
rr_seg7_collision_donut_platform	070295ec	132
rr_seg7_collision_07029858	07029670	204
rr_seg7_collision_07029924	0702973c	760
rr_seg7_collision_07029C1C	07029a34	904
rr_seg7_collision_07029FA4	07029dbc	904
rr_seg7_collision_0702A32C	0702a144	904
ttm_seg7_dl_0702A1B8	0702a1b8	232
rr_seg7_collision_0702A6B4	0702a4cc	754
inside_castle_seg7_dl_0702A650	0702a650	136
rr_seg7_collision_level	0702a7c0	16474
dl_castle_lobby_wing_cap_light	0702a880	112
ttm_seg7_dl_0702A8A0	0702a8a0	168
ttm_seg7_dl_0702A9C0	0702a9c0	112
inside_castle_seg7_dl_0702AA10	0702aa10	112
hmc_seg7_macro_objs	0702aa78	842
ttm_seg7_dl_0702AAA8	0702aaa8	112
inside_castle_seg7_dl_0702AB20	0702ab20	112
ttm_seg7_dl_0702AB90	0702ab90	112
ttm_seg7_dl_0702AC78	0702ac78	112
hmc_seg7_rooms	0702adc4	2080
hmc_seg7_collision_elevator	0702b5e4	120
hmc_seg7_collision_0702B65C	0702b65c	132
hmc_seg7_collision_controllable_platform	0702b6e0	276
hmc_seg7_collision_controllable_platform_sub	0702b7f4	120
hmc_seg7_trajectory_0702B86C	0702b86c	114
hmc_movtex_dorrie_pool_water	0702b900	16
hmc_movtex_toxic_maze_mist	0702b950	24
ttm_seg7_dl_0702BB60	0702bb60	112
ttm_seg7_area_2_collision	0702bbd0	6684
ttm_seg7_area_3_collision	0702d5ec	6924
inside_castle_seg7_dl_0702E408	0702e408	136
rr_seg7_macro_objs	0702e81c	612
rr_seg7_trajectory_0702EC3C	0702ea80	130
rr_seg7_trajectory_0702ECC0	0702eb04	218
rr_seg7_trajectory_0702ED9C	0702ebe0	322
rr_seg7_trajectory_0702EEE0	0702ed24	338
ttm_seg7_area_4_collision	0702f0f8	4164
inside_castle_seg7_dl_0702FD30	0702fd30	168
ttm_seg7_collision_podium_warp	0703013c	396
ttm_seg7_area_2_macro_objs	070302c8	112
ttm_seg7_area_3_macro_objs	07030338	222
ttm_seg7_area_4_macro_objs	07030418	92
inside_castle_seg7_vertex_07030940	07030910	224
inside_castle_seg7_dl_07031168	07031158	1072
inside_castle_seg7_dl_07031588	07031588	128
inside_castle_seg7_dl_07031720	07031720	112
inside_castle_seg7_dl_07031830	07031830	112
inside_castle_seg7_dl_07032FC0	07032fc0	168
inside_castle_seg7_dl_07033158	07033158	112
inside_castle_seg7_dl_07034D88	07034d88	200
inside_castle_seg7_dl_07035178	07035178	112
inside_castle_seg7_dl_07035288	07035288	112
inside_castle_seg7_dl_07036D88	07036d88	224
inside_castle_seg7_dl_07037988	07037988	112
inside_castle_seg7_dl_07037BF8	07037bf8	96
inside_castle_seg7_dl_07037DE8	07037de8	80
dl_castle_aquarium_light	07038240	112
inside_castle_seg7_dl_07038350	07038350	112
inside_castle_seg7_dl_0703A6C8	0703a6c8	160
inside_castle_seg7_dl_0703A808	0703a808	112
inside_castle_seg7_dl_0703BA08	0703ba08	168
inside_castle_seg7_dl_0703BCB8	0703bcb8	112
inside_castle_seg7_dl_0703BFA8	0703bfa8	152
inside_castle_seg7_dl_0703E6F0	0703e6f0	168
inside_castle_seg7_dl_07043028	07043028	208
inside_castle_seg7_dl_07043B48	07043b48	240
inside_castle_seg7_dl_07043CD8	07043cd8	112
inside_castle_seg7_dl_0704A0E8	0704a0e8	208
inside_castle_seg7_dl_0704A2E0	0704a2e0	136
inside_castle_seg7_dl_0704AA98	0704aa98	232
inside_castle_seg7_dl_0704C7D8	0704c7d8	216
inside_castle_seg7_dl_07050938	07050938	320
inside_castle_seg7_dl_070512F8	070512f8	120
inside_castle_seg7_dl_07051678	07051678	112
inside_castle_seg7_dl_070519C8	070519c8	112
inside_castle_seg7_dl_07051B60	07051b60	40
inside_castle_seg7_dl_070558D0	070558d0	240
inside_castle_seg7_dl_070572A0	070572a0	224
inside_castle_seg7_dl_07057F00	07057f00	216
inside_castle_seg7_dl_07058950	07058950	112
inside_castle_seg7_dl_07059190	07059190	112
inside_castle_seg7_dl_0705E088	0705e088	176
inside_castle_seg7_dl_0705E2A0	0705e2a0	112
inside_castle_seg7_dl_0705E450	0705e450	112
inside_castle_seg7_dl_070616E8	070616e8	168
inside_castle_seg7_dl_07061C20	07061c20	112
inside_castle_seg7_dl_07064B78	07064b78	200
inside_castle_seg7_dl_07064D58	07064d58	112
inside_castle_seg7_dl_07066CE0	07066ce0	168
inside_castle_seg7_dl_07066E90	07066e90	112
inside_castle_seg7_dl_07066FA0	07066fa0	112
inside_castle_seg7_dl_07068850	07068850	184
inside_castle_seg7_dl_07068B10	07068b10	120
inside_castle_seg7_area_1_collision	07068b88	22490
inside_castle_seg7_area_2_collision	0706e364	22342
inside_castle_seg7_area_3_collision	07073aac	15112
inside_castle_seg7_collision_ddd_warp	070775b4	216
inside_castle_seg7_collision_ddd_warp_2	0707768c	216
inside_castle_seg7_area_1_macro_objs	07077764	122
inside_castle_seg7_area_2_macro_objs	070777e0	12
inside_castle_seg7_area_3_macro_objs	070777ec	62
inside_castle_seg7_area_1_rooms	0707782c	2144
inside_castle_seg7_area_2_rooms	0707808c	2019
inside_castle_seg7_area_3_rooms	07078870	1395
inside_castle_seg7_collision_floor_trap	07078de4	48
inside_castle_seg7_collision_star_door	07078e14	108
inside_castle_seg7_collision_water_level_pillar	07078e80	120
inside_castle_seg7_trajectory_mips	07079068	40
inside_castle_movtex_green_room_water	070790f0	16
inside_castle_movtex_moat_water	07079100	24
blue_coin_switch_seg8_dl_08000D58	08000d58	120
blue_coin_switch_seg8_dl_08000DD0	08000dd0	56
blue_coin_switch_seg8_dl_08000E08	08000e08	144
blue_coin_switch_seg8_collision_08000E98	08000e98	120
dAmpElectricitySubDl	08002b68	56
dAmpElectricityDl	08002ba0	112
dAmpEyeSubDl	08002c50	56
dAmpEyeDl	08002c88	112
dAmpMouthSubDl	08002d38	56
dAmpMouthDl	08002d70	112
dAmpBodySubDl	08002e20	56
dAmpBodyDl	08002e58	112
dAmpUnused3DElectricDl1	08003910	48
dAmpUnused3DElectricDl2	08003940	48
dAmpUnused3DElectricDl3	08003970	48
dAmpUnused3DElectricDl4	080039a0	48
dAmpUnused3DModelDl	080039d0	984
dAmpUnused3DElectricDl5	08003da8	48
dAmpUnused3DElectricDl6	08003dd8	40
dAmpUnused3DElectricDl7	08003e00	48
dAmpAnimsList	08004034	4
cannon_lid_seg8_dl_08004898	08004898	72
cannon_lid_seg8_dl_080048E0	080048e0	112
cannon_lid_seg8_collision_08004950	08004950	48
cannon_base_seg8_dl_08005658	08005658	120
cannon_base_seg8_dl_080056D0	080056d0	296
cannon_base_seg8_dl_080057F8	080057f8	120
cannon_barrel_seg8_dl_08006408	08006408	184
cannon_barrel_seg8_dl_080064C0	080064c0	416
cannon_barrel_seg8_dl_08006660	08006660	104
chuckya_seg8_dl_08009FF8	08009ff8	56
chuckya_seg8_dl_0800A030	0800a030	56
chuckya_seg8_dl_0800A068	0800a068	120
chuckya_seg8_dl_0800A160	0800a160	56
chuckya_seg8_dl_0800A198	0800a198	56
chuckya_seg8_dl_0800A1D0	0800a1d0	120
chuckya_seg8_dl_0800A2C8	0800a2c8	56
chuckya_seg8_dl_0800A300	0800a300	56
chuckya_seg8_dl_0800A338	0800a338	120
chuckya_seg8_dl_0800A3F0	0800a3f0	56
chuckya_seg8_dl_0800A428	0800a428	112
chuckya_seg8_dl_0800A4D8	0800a4d8	56
chuckya_seg8_dl_0800A510	0800a510	112
chuckya_seg8_dl_0800A5C0	0800a5c0	56
chuckya_seg8_dl_0800A5F8	0800a5f8	112
chuckya_seg8_dl_0800A700	0800a700	88
chuckya_seg8_dl_0800A758	0800a758	112
chuckya_seg8_dl_0800A870	0800a870	96
chuckya_seg8_dl_0800A8D0	0800a8d0	32
chuckya_seg8_dl_0800A958	0800a958	64
chuckya_seg8_dl_0800A998	0800a998	32
chuckya_seg8_dl_0800AB70	0800ab70	120
chuckya_seg8_dl_0800ABE8	0800abe8	48
chuckya_seg8_anims_0800C070	0800c070	24
purple_switch_seg8_dl_0800C668	0800c668	120
purple_switch_seg8_dl_0800C6E0	0800c6e0	56
purple_switch_seg8_dl_0800C718	0800c718	144
purple_switch_seg8_collision_0800C7A8	0800c7a8	120
checkerboard_platform_seg8_dl_0800D5C0	0800d5c0	88
checkerboard_platform_seg8_dl_0800D618	0800d618	104
checkerboard_platform_seg8_dl_0800D680	0800d680	144
checkerboard_platform_seg8_collision_0800D710	0800d710	132
heart_seg8_dl_0800DFE0	0800dfe0	152
flyguy_seg8_dl_08010840	08010840	296
flyguy_seg8_dl_08010968	08010968	296
flyguy_seg8_dl_08010A90	08010a90	80
flyguy_seg8_dl_08010B38	08010b38	72
flyguy_seg8_dl_08010B80	08010b80	112
flyguy_seg8_dl_080113A8	080113a8	120
flyguy_seg8_dl_08011420	08011420	688
flyguy_seg8_dl_080116D0	080116d0	64
flyguy_seg8_dl_08011710	08011710	136
flyguy_seg8_anims_08011A64	08011a64	12
breakable_box_seg8_dl_08012C30	08012c30	168
breakable_box_seg8_dl_08012CD8	08012cd8	72
breakable_box_seg8_dl_08012D20	08012d20	40
breakable_box_seg8_dl_08012D48	08012d48	40
breakable_box_seg8_collision_08012D70	08012d70	132
exclamation_box_seg8_dl_08018FA8	08018fa8	96
exclamation_box_seg8_dl_08019008	08019008	80
exclamation_box_seg8_dl_08019058	08019058	72
exclamation_box_seg8_dl_08019220	08019220	96
exclamation_box_seg8_dl_08019280	08019280	80
exclamation_box_seg8_dl_080192D0	080192d0	72
exclamation_box_seg8_dl_08019318	08019318	96
exclamation_box_seg8_dl_08019378	08019378	96
exclamation_box_seg8_dl_080193D8	080193d8	96
exclamation_box_seg8_dl_08019438	08019438	96
goomba_seg8_dl_0801B2E8	0801b2e8	632
goomba_seg8_dl_0801B560	0801b560	64
goomba_seg8_dl_0801B5A0	0801b5a0	40
goomba_seg8_dl_0801B5C8	0801b5c8	40
goomba_seg8_dl_0801B5F0	0801b5f0	40
goomba_seg8_dl_0801B658	0801b658	56
goomba_seg8_dl_0801B690	0801b690	112
goomba_seg8_dl_0801CE20	0801ce20	344
goomba_seg8_dl_0801CF78	0801cf78	344
goomba_seg8_dl_0801D0D0	0801d0d0	656
goomba_seg8_dl_0801D360	0801d360	1024
goomba_seg8_dl_0801D760	0801d760	16
goomba_seg8_anims_0801DA4C	0801da4c	12
bobomb_seg8_dl_08022AC0	08022ac0	72
bobomb_seg8_dl_08022B08	08022b08	80
bobomb_seg8_dl_08022B58	08022b58	48
bobomb_seg8_dl_08022B88	08022b88	48
bobomb_seg8_dl_08022C38	08022c38	104
bobomb_seg8_dl_08022CA0	08022ca0	104
bobomb_seg8_dl_08022D08	08022d08	112
bobomb_seg8_dl_08022D78	08022d78	112
bobomb_seg8_dl_08023270	08023270	264
bobomb_seg8_dl_08023378	08023378	264
bobomb_seg8_dl_08023480	08023480	168
bobomb_seg8_anims_0802396C	0802396c	12
metal_box_seg8_dl_08024B18	08024b18	160
metal_box_dl	08024bb8	112
metal_box_seg8_collision_08024C28	08024c28	132
exclamation_box_outline_seg8_dl_08024EB8	08024eb8	120
exclamation_box_outline_seg8_dl_08024F30	08024f30	40
exclamation_box_outline_seg8_dl_08024F58	08024f58	48
exclamation_box_outline_seg8_dl_08024F88	08024f88	32
exclamation_box_outline_seg8_dl_08024FA8	08024fa8	32
exclamation_box_outline_seg8_dl_08024FC8	08024fc8	32
exclamation_box_outline_seg8_dl_08024FE8	08024fe8	32
exclamation_box_outline_seg8_dl_08025968	08025968	144
exclamation_box_outline_seg8_dl_080259F8	080259f8	112
exclamation_box_outline_seg8_dl_08025EC0	08025ec0	72
exclamation_box_outline_seg8_dl_08025F08	08025f08	112
exclamation_box_outline_seg8_collision_08025F78	08025f78	132
unknown_seg8_dl_08026260	08026260	152
unknown_seg8_collision_080262F8	080262f8	132
koopa_shell_seg8_dl_08027108	08027108	104
koopa_shell_seg8_dl_08027170	08027170	232
koopa_shell_seg8_dl_08027258	08027258	368
koopa_shell_seg8_dl_080273C8	080273c8	88
koopa_shell_seg8_dl_08027420	08027420	80
koopa_shell_seg8_dl_080288E0	080288e0	152
koopa_shell_seg8_dl_08028978	08028978	168
koopa_shell_seg8_dl_08028A20	08028a20	344
koopa_shell_seg8_dl_08028B78	08028b78	112
cave_09000000	09000000	4096
fire_09000000	09000000	2048
generic_09000000	09000000	2048
grass_09000000	09000000	2048
inside_09000000	09000000	4096
machine_09000000	09000000	2048
mountain_09000000	09000000	2048
outside_09000000	09000000	2048
sky_09000000	09000000	2048
snow_09000000	09000000	2048
spooky_09000000	09000000	2048
water_09000000	09000000	2048
fire_09000800	09000800	2048
generic_09000800	09000800	2048
grass_09000800	09000800	2048
machine_09000800	09000800	2048
mountain_09000800	09000800	4096
outside_09000800	09000800	2048
sky_09000800	09000800	2048
snow_09000800	09000800	2048
spooky_09000800	09000800	4096
water_09000800	09000800	4096
cave_09001000	09001000	2048
fire_09001000	09001000	2048
generic_09001000	09001000	2048
grass_09001000	09001000	2048
inside_09001000	09001000	4096
machine_09001000	09001000	2048
outside_09001000	09001000	4096
sky_09001000	09001000	2048
snow_09001000	09001000	4096
cave_09001800	09001800	4096
fire_09001800	09001800	2048
generic_09001800	09001800	2048
grass_09001800	09001800	2048
machine_09001800	09001800	2048
mountain_09001800	09001800	4096
sky_09001800	09001800	2048
spooky_09001800	09001800	4096
water_09001800	09001800	4096
fire_09002000	09002000	2048
generic_09002000	09002000	2048
grass_09002000	09002000	2048
inside_09002000	09002000	4096
machine_09002000	09002000	2048
outside_09002000	09002000	4096
sky_09002000	09002000	4096
snow_09002000	09002000	2048
cave_09002800	09002800	2048
fire_09002800	09002800	2048
generic_09002800	09002800	2048
grass_09002800	09002800	2048
machine_09002800	09002800	2048
mountain_09002800	09002800	2048
snow_09002800	09002800	2048
spooky_09002800	09002800	4096
water_09002800	09002800	4096
cave_09003000	09003000	2048
fire_09003000	09003000	2048
generic_09003000	09003000	2048
grass_09003000	09003000	2048
inside_09003000	09003000	2048
machine_09003000	09003000	2048
mountain_09003000	09003000	2048
outside_09003000	09003000	2048
sky_09003000	09003000	2048
snow_09003000	09003000	2048
cave_09003800	09003800	4096
fire_09003800	09003800	2048
generic_09003800	09003800	2048
grass_09003800	09003800	2048
inside_09003800	09003800	2048
machine_09003800	09003800	2048
mountain_09003800	09003800	2048
outside_09003800	09003800	2048
sky_09003800	09003800	4096
snow_09003800	09003800	2048
spooky_09003800	09003800	4096
water_09003800	09003800	4096
fire_09004000	09004000	2048
generic_09004000	09004000	2048
grass_09004000	09004000	2048
inside_09004000	09004000	2048
machine_09004000	09004000	4096
mountain_09004000	09004000	2048
outside_09004000	09004000	2048
snow_09004000	09004000	2048
cave_09004800	09004800	4096
fire_09004800	09004800	2048
generic_09004800	09004800	2048
grass_09004800	09004800	2048
inside_09004800	09004800	2048
mountain_09004800	09004800	2048
outside_09004800	09004800	4096
sky_09004800	09004800	2048
snow_09004800	09004800	2048
spooky_09004800	09004800	2048
water_09004800	09004800	4096
fire_09005000	09005000	2048
generic_09005000	09005000	2048
grass_09005000	09005000	2048
inside_09005000	09005000	2048
machine_09005000	09005000	2048
mountain_09005000	09005000	2048
sky_09005000	09005000	2048
snow_09005000	09005000	2048
spooky_09005000	09005000	4096
cave_09005800	09005800	4096
fire_09005800	09005800	2048
generic_09005800	09005800	2048
grass_09005800	09005800	2048
inside_09005800	09005800	2048
machine_09005800	09005800	2048
mountain_09005800	09005800	4096
outside_09005800	09005800	2048
sky_09005800	09005800	2048
snow_09005800	09005800	2048
water_09005800	09005800	2048
fire_09006000	09006000	2048
generic_09006000	09006000	4096
grass_09006000	09006000	2048
inside_09006000	09006000	4096
machine_09006000	09006000	2048
outside_09006000	09006000	2048
sky_09006000	09006000	2048
snow_09006000	09006000	2048
spooky_09006000	09006000	2048
water_09006000	09006000	2048
cave_09006800	09006800	2048
fire_09006800	09006800	2048
grass_09006800	09006800	2048
machine_09006800	09006800	2048
mountain_09006800	09006800	2048
outside_09006800	09006800	4096
snow_09006800	09006800	2048
spooky_09006800	09006800	2048
texture_metal_hole	09006800	2048
water_09006800	09006800	4096
cave_09007000	09007000	2048
fire_09007000	09007000	2048
generic_09007000	09007000	2048
grass_09007000	09007000	2048
inside_09007000	09007000	4096
machine_09007000	09007000	2048
mountain_09007000	09007000	2048
sky_09007000	09007000	2048
snow_09007000	09007000	4096
spooky_09007000	09007000	4096
cave_09007800	09007800	4096
fire_09007800	09007800	2048
generic_09007800	09007800	2048
grass_09007800	09007800	2048
machine_09007800	09007800	2048
mountain_09007800	09007800	2048
outside_09007800	09007800	2048
sky_09007800	09007800	2048
water_09007800	09007800	4096
fire_09008000	09008000	2048
generic_09008000	09008000	2048
grass_09008000	09008000	2048
inside_09008000	09008000	2048
machine_09008000	09008000	1024
mountain_09008000	09008000	2048
outside_09008000	09008000	2048
sky_09008000	09008000	2048
snow_09008000	09008000	2048
spooky_09008000	09008000	2048
machine_09008400	09008400	2048
cave_09008800	09008800	4096
fire_09008800	09008800	2048
generic_09008800	09008800	2048
grass_09008800	09008800	2048
inside_09008800	09008800	2048
mountain_09008800	09008800	4096
outside_09008800	09008800	2048
snow_09008800	09008800	2048
spooky_09008800	09008800	2048
water_09008800	09008800	2048
fire_09009000	09009000	2048
generic_09009000	09009000	2048
grass_09009000	09009000	2048
inside_09009000	09009000	4096
outside_09009000	09009000	2048
snow_09009000	09009000	2048
spooky_09009000	09009000	4096
water_09009000	09009000	4096
cave_09009800	09009800	2048
fire_09009800	09009800	2048
generic_09009800	09009800	2048
grass_09009800	09009800	2048
mountain_09009800	09009800	2048
outside_09009800	09009800	2048
snow_09009800	09009800	2048
cave_0900A000	0900a000	2048
fire_0900A000	0900a000	2048
generic_0900A000	0900a000	2048
grass_0900A000	0900a000	2048
inside_0900A000	0900a000	4096
mountain_0900A000	0900a000	2048
outside_0900A000	0900a000	2048
spooky_0900A000	0900a000	2048
water_0900A000	0900a000	2048
cave_0900A800	0900a800	4096
fire_0900A800	0900a800	2048
generic_0900A800	0900a800	2048
grass_0900A800	0900a800	2048
mountain_0900A800	0900a800	2048
outside_0900A800	0900a800	2048
spooky_0900A800	0900a800	2048
water_0900A800	0900a800	4096
fire_0900B000	0900b000	2048
generic_0900B000	0900b000	2048
grass_0900B000	0900b000	2048
inside_0900B000	0900b000	2048
mountain_0900B000	0900b000	2048
outside_0900B000	0900b000	1024
spooky_0900B000	0900b000	2048
outside_0900B400	0900b400	2048
cave_0900B800	0900b800	2048
fire_0900B800	0900b800	2048
grass_0900B800	0900b800	2048
inside_0900B800	0900b800	4096
mountain_0900B800	0900b800	2048
spooky_0900B800	0900b800	4096
water_0900B800	0900b800	4096
outside_0900BC00	0900bc00	2048
cave_0900C000	0900c000	2048
mountain_0900C000	0900c000	2048
title_screen_bg_dl_0A000100	0a000100	24
title_screen_bg_dl_0A000118	0a000118	24
title_screen_bg_dl_0A000130	0a000130	24
title_screen_bg_dl_0A000148	0a000148	24
title_screen_bg_dl_0A000160	0a000160	24
title_screen_bg_dl_0A000178	0a000178	24
title_screen_bg_dl_0A000190	0a000190	48
mario_title_texture_table	0a0065c0	16
game_over_texture_table	0a0065d0	16
bbh_skybox_ptrlist	0a014800	320
clouds_skybox_ptrlist	0a014800	320
bitfs_skybox_ptrlist	0a018800	320
bidw_skybox_ptrlist	0a020000	320
bits_skybox_ptrlist	0a020000	320
ccm_skybox_ptrlist	0a020000	320
cloud_floor_skybox_ptrlist	0a020000	320
ssl_skybox_ptrlist	0a020000	320
water_skybox_ptrlist	0a020000	320
wdw_skybox_ptrlist	0a020000	320
flower_bubbles_textures_ptr_0B002008	0b002008	24
lava_bubble_ptr_0B006020	0b006020	40
bubble_ptr_0B006848	0b006848	4
effect_0B00684C	0b00684c	512
tiny_bubble_dl_0B006A50	0b006a50	96
tiny_bubble_dl_0B006AB0	0b006ab0	40
tiny_bubble_dl_0B006CD8	0b006cd8	96
tiny_bubble_dl_0B006D38	0b006d38	48
tiny_bubble_dl_0B006D68	0b006d68	48
birds_geo	0c000000	152
bookend_part_geo	0c000000	192
bubba_geo	0c000000	48
bully_geo	0c000000	288
clam_shell_geo	0c000000	104
king_bobomb_geo	0c000000	776
klepto_geo	0c000000	684
monty_mole_geo	0c000000	272
spindrift_geo	0c000000	260
springboard_top_geo	0c000000	24
yellow_sphere_geo	0c000000	24
hoot_geo	0c000018	460
springboard_spring_geo	0c000018	24
springboard_bottom_geo	0c000030	24
wiggler_head_geo	0c000030	396
cap_switch_geo	0c000048	72
sushi_geo	0c000068	164
peach_geo_000098	0c000098	444
bookend_geo	0c0000c0	24
haunted_chair_geo	0c0000d8	176
penguin_geo	0c000104	280
unagi_geo	0c00010c	372
ukiki_geo	0c000110	604
bully_boss_geo	0c000120	288
small_key_geo	0c000188	44
mad_piano_geo	0c0001b4	112
enemy_lakitu_geo	0c0001bc	212
yoshi_egg_geo	0c0001e4	100
mr_blizzard_hidden_geo	0c00021c	300
boo_geo	0c000224	80
blargg_geo	0c000240	112
thwomp_geo	0c000248	28
peach_geo_000254	0c000254	444
bullet_bill_geo	0c000264	40
haunted_cage_geo	0c000274	56
heave_ho_geo	0c00028c	388
spiny_ball_geo	0c000290	152
eyerok_geo_0002AC	0c0002ac	764
water_bomb_geo	0c000308	32
spiny_geo	0c000328	376
water_bomb_shadow_geo	0c000328	24
mr_blizzard_geo	0c000348	28
fwoosh_geo	0c00036c	24
peach_geo	0c000410	76
yoshi_geo	0c000468	508
eyerok_left_hand_geo	0c0005a8	60
eyerok_right_hand_geo	0c0005e4	44
pokey_head_geo	0c000610	52
pokey_body_part_geo	0c000644	28
bowser_flames_geo	0d000000	144
koopa_flag_geo	0d000000	184
lakitu_geo	0d000000	276
moneybag_geo_000000	0d000000	120
mr_i_geo	0d000000	28
skeeter_geo	0d000000	644
mr_i_iris_geo	0d00001c	192
moneybag_geo_000078	0d000078	120
invisible_bowser_accessory_geo	0d000090	32
bowser_1_yellow_sphere_geo	0d0000b0	40
wooden_post_geo	0d0000b8	24
koopa_without_shell_geo	0d0000d0	324
bowser_geo_0000D8	0d0000d8	844
swoop_geo	0d0000dc	196
moneybag_geo	0d0000f0	80
toad_geo_000114	0d000114	360
snufit_geo	0d0001a0	144
koopa_with_shell_geo	0d000214	324
dorrie_geo	0d000230	356
toad_geo_00027C	0d00027c	360
seaweed_geo	0d000284	112
water_mine_geo	0d0002f4	48
cyan_fish_geo	0d000324	104
piranha_plant_geo	0d000358	296
bub_geo	0d00038c	136
scuttlebug_geo	0d000394	828
toad_geo	0d0003e4	88
water_ring_geo	0d000414	60
bowser_geo_000424	0d000424	844
mips_geo	0d000448	348
treasure_chest_base_geo	0d000450	24
treasure_chest_lid_geo	0d000468	24
whomp_geo	0d000480	336
boo_castle_geo	0d0005b0	80
metallic_ball_geo	0d0005d0	28
chain_chomp_geo	0d0005ec	140
bowser_geo_000770	0d000770	840
bowser_shadow_geo	0d000ab8	12
bowser_geo	0d000ac4	124
bowser_geo_no_shadow	0d000b40	124
bowser_bomb_geo	0d000bbc	64
bowser_impact_smoke_geo	0d000bfc	80
level_bowser_1_entry	0e000000	208
level_ending_entry	0e000000	80
level_pss_entry	0e000000	248
level_totwc_entry	0e000038	288
ending_geo_000050	0e000050	108
level_sa_entry	0e000050	280
level_cotmc_entry	0e000068	300
level_bowser_2_entry	0e00007c	240
level_castle_courtyard_entry	0e000098	356
level_wmotr_entry	0e0000b0	308
level_ttc_entry	0e0000c8	376
level_vcutm_entry	0e0000cc	292
bowser_1_geo_0000D0	0e0000d0	136
level_sl_entry	0e000100	608
pss_geo_000100	0e000100	184
totwc_geo_000160	0e000160	40
level_bowser_3_entry	0e00016c	288
bowser_2_geo_000170	0e000170	24
sa_geo_000170	0e000170	144
level_bitdw_entry	0e000174	576
level_ccm_entry	0e000178	612
bowser_2_geo_000188	0e000188	136
totwc_geo_000188	0e000188	152
cotmc_geo_0001A0	0e0001a0	168
level_bits_entry	0e0001e8	580
vcutm_geo_0001F0	0e0001f0	24
wmotr_geo_0001F0	0e0001f0	172
castle_courtyard_geo_000200	0e000200	24
vcutm_geo_000208	0e000208	160
castle_courtyard_geo_000218	0e000218	168
level_bitfs_entry	0e000234	624
ttc_geo_000240	0e000240	24
ttc_geo_000258	0e000258	24
level_bob_entry	0e000264	472
level_ddd_entry	0e00026c	484
ttc_geo_000270	0e000270	24
ttc_geo_000288	0e000288	32
bowser_3_geo_000290	0e000290	24
level_thi_entry	0e000290	788
bowser_3_geo_0002A8	0e0002a8	24
ttc_geo_0002A8	0e0002a8	32
level_ssl_entry	0e0002b8	764
bowser_3_geo_0002C0	0e0002c0	24
ttc_geo_0002C8	0e0002c8	24
bowser_3_geo_0002D8	0e0002d8	24
ttc_geo_0002E0	0e0002e0	24
bowser_3_geo_0002F0	0e0002f0	24
ttc_geo_0002F8	0e0002f8	24
bowser_3_geo_000308	0e000308	24
ttc_geo_000310	0e000310	24
bowser_3_geo_000320	0e000320	24
ttc_geo_000328	0e000328	24
bowser_3_geo_000338	0e000338	24
ttc_geo_000340	0e000340	24
bowser_3_geo_000350	0e000350	24
ttc_geo_000358	0e000358	24
sl_geo_000360	0e000360	24
bowser_3_geo_000368	0e000368	24
level_wdw_entry	0e000370	524
ttc_geo_000370	0e000370	24
sl_geo_000378	0e000378	24
bowser_3_geo_000380	0e000380	24
level_hmc_entry	0e000388	424
ttc_geo_000388	0e000388	24
sl_geo_000390	0e000390	24
level_ttm_entry	0e000394	892
bowser_3_geo_000398	0e000398	136
ttc_geo_0003A0	0e0003a0	24
sl_geo_0003A8	0e0003a8	220
ttc_geo_0003B8	0e0003b8	176
geo_bitdw_0003C0	0e0003c0	24
geo_bitdw_0003D8	0e0003d8	24
ccm_geo_0003D0	0e0003e0	32
level_rr_entry	0e0003e4	628
geo_bitdw_0003F0	0e0003f0	24
ccm_geo_0003F0	0e000400	28
geo_bitdw_000408	0e000408	24
level_bbh_entry	0e000418	400
ccm_geo_00040C	0e00041c	32
geo_bitdw_000420	0e000420	24
bits_geo_000430	0e000430	24
geo_bitdw_000438	0e000438	24
ccm_geo_00042C	0e00043c	48
bob_geo_000440	0e000440	24
bits_geo_000448	0e000448	24
ddd_geo_000450	0e000450	40
geo_bitdw_000450	0e000450	24
bob_geo_000458	0e000458	24
bits_geo_000460	0e000460	24
geo_bitdw_000468	0e000468	24
ccm_geo_00045C	0e00046c	56
bob_geo_000470	0e000470	24
bits_geo_000478	0e000478	24
ddd_geo_000478	0e000478	40
geo_bitdw_000480	0e000480	24
sl_geo_000484	0e000484	160
bob_geo_000488	0e000488	196
bits_geo_000490	0e000490	24
geo_bitdw_000498	0e000498	24
ddd_geo_0004A0	0e0004a0	32
ccm_geo_000494	0e0004a4	40
bits_geo_0004A8	0e0004a8	24
bitfs_geo_0004B0	0e0004b0	24
geo_bitdw_0004B0	0e0004b0	24
bits_geo_0004C0	0e0004c0	24
ddd_geo_0004C0	0e0004c0	176
bitfs_geo_0004C8	0e0004c8	24
geo_bitdw_0004C8	0e0004c8	24
ccm_geo_0004BC	0e0004cc	40
bits_geo_0004D8	0e0004d8	24
bitfs_geo_0004E0	0e0004e0	24
geo_bitdw_0004E0	0e0004e0	24
bits_geo_0004F0	0e0004f0	24
ccm_geo_0004E4	0e0004f4	56
bitfs_geo_0004F8	0e0004f8	24
geo_bitdw_0004F8	0e0004f8	24
bits_geo_000508	0e000508	24
level_castle_grounds_entry	0e000508	340
bitfs_geo_000510	0e000510	24
geo_bitdw_000510	0e000510	24
bits_geo_000520	0e000520	24
bitfs_geo_000528	0e000528	24
geo_bitdw_000528	0e000528	24
ccm_geo_00051C	0e00052c	204
hmc_geo_000530	0e000530	24
bits_geo_000538	0e000538	24
bitfs_geo_000540	0e000540	24
geo_bitdw_000540	0e000540	24
hmc_geo_000548	0e000548	40
bits_geo_000550	0e000550	24
bitfs_geo_000558	0e000558	24
geo_bitdw_000558	0e000558	24
bits_geo_000568	0e000568	24
level_wf_entry	0e000568	632
bitfs_geo_000570	0e000570	24
ddd_geo_000570	0e000570	192
geo_bitdw_000570	0e000570	24
hmc_geo_000570	0e000570	24
bits_geo_000580	0e000580	24
wdw_geo_000580	0e000580	24
bitfs_geo_000588	0e000588	24
geo_bitdw_000588	0e000588	24
hmc_geo_000588	0e000588	24
bits_geo_000598	0e000598	24
wdw_geo_000598	0e000598	40
bitfs_geo_0005A0	0e0005a0	24
geo_bitdw_0005A0	0e0005a0	24
hmc_geo_0005A0	0e0005a0	24
bits_geo_0005B0	0e0005b0	24
geo_bbh_0005B0	0e0005b0	24
thi_geo_0005B0	0e0005b0	24
bitfs_geo_0005B8	0e0005b8	24
geo_bitdw_0005B8	0e0005b8	24
hmc_geo_0005B8	0e0005b8	24
ssl_geo_0005C0	0e0005c0	24
wdw_geo_0005C0	0e0005c0	40
bits_geo_0005C8	0e0005c8	24
geo_bbh_0005C8	0e0005c8	24
thi_geo_0005C8	0e0005c8	40
bitfs_geo_0005D0	0e0005d0	24
geo_bitdw_0005D0	0e0005d0	24
hmc_geo_0005D0	0e0005d0	24
ssl_geo_0005D8	0e0005d8	64
bits_geo_0005E0	0e0005e0	24
geo_bbh_0005E0	0e0005e0	24
bitfs_geo_0005E8	0e0005e8	24
geo_bitdw_0005E8	0e0005e8	24
hmc_geo_0005E8	0e0005e8	48
wdw_geo_0005E8	0e0005e8	40
thi_geo_0005F0	0e0005f0	24
bits_geo_0005F8	0e0005f8	24
ccm_geo_0005E8	0e0005f8	184
geo_bbh_0005F8	0e0005f8	24
bitfs_geo_000600	0e000600	24
geo_bitdw_000600	0e000600	24
thi_geo_000608	0e000608	204
bits_geo_000610	0e000610	24
geo_bbh_000610	0e000610	24
wdw_geo_000610	0e000610	24
bitfs_geo_000618	0e000618	24
geo_bitdw_000618	0e000618	136
hmc_geo_000618	0e000618	64
ssl_geo_000618	0e000618	24
bits_geo_000628	0e000628	24
geo_bbh_000628	0e000628	24
wdw_geo_000628	0e000628	24
bitfs_geo_000630	0e000630	24
ssl_geo_000630	0e000630	24
bits_geo_000640	0e000640	24
geo_bbh_000640	0e000640	24
wdw_geo_000640	0e000640	24
bitfs_geo_000648	0e000648	24
ssl_geo_000648	0e000648	236
bits_geo_000658	0e000658	24
geo_bbh_000658	0e000658	24
hmc_geo_000658	0e000658	80
wdw_geo_000658	0e000658	204
bitfs_geo_000660	0e000660	24
castle_grounds_geo_000660	0e000660	148
rr_geo_000660	0e000660	24
bits_geo_000670	0e000670	24
geo_bbh_000670	0e000670	64
bitfs_geo_000678	0e000678	24
rr_geo_000678	0e000678	24
level_lll_entry	0e00067c	860
bits_geo_000688	0e000688	24
bitfs_geo_000690	0e000690	24
rr_geo_000690	0e000690	24
bits_geo_0006A0	0e0006a0	24
bitfs_geo_0006A8	0e0006a8	24
hmc_geo_0006A8	0e0006a8	56
rr_geo_0006A8	0e0006a8	24
geo_bbh_0006B0	0e0006b0	56
bits_geo_0006B8	0e0006b8	24
bitfs_geo_0006C0	0e0006c0	24
rr_geo_0006C0	0e0006c0	24
bits_geo_0006D0	0e0006d0	24
thi_geo_0006D4	0e0006d4	200
bitfs_geo_0006D8	0e0006d8	24
rr_geo_0006D8	0e0006d8	24
hmc_geo_0006E0	0e0006e0	32
bits_geo_0006E8	0e0006e8	24
geo_bbh_0006E8	0e0006e8	72
level_jrb_entry	0e0006ec	532
bitfs_geo_0006F0	0e0006f0	24
rr_geo_0006F0	0e0006f0	24
castle_grounds_geo_0006F4	0e0006f4	24
bits_geo_000700	0e000700	24
hmc_geo_000700	0e000700	72
bitfs_geo_000708	0e000708	32
rr_geo_000708	0e000708	24
castle_grounds_geo_00070C	0e00070c	24
ttm_geo_000710	0e000710	32
bits_geo_000718	0e000718	136
rr_geo_000720	0e000720	24
castle_grounds_geo_000724	0e000724	24
wdw_geo_000724	0e000724	168
bitfs_geo_000728	0e000728	24
geo_bbh_000730	0e000730	32
ttm_geo_000730	0e000730	24
ssl_geo_000734	0e000734	48
rr_geo_000738	0e000738	32
castle_grounds_geo_00073C	0e00073c	228
bitfs_geo_000740	0e000740	24
hmc_geo_000748	0e000748	40
ttm_geo_000748	0e000748	48
geo_bbh_000750	0e000750	24
bitfs_geo_000758	0e000758	24
rr_geo_000758	0e000758	24
ssl_geo_000764	0e000764	48
geo_bbh_000768	0e000768	72
bitfs_geo_000770	0e000770	24
hmc_geo_000770	0e000770	40
rr_geo_000770	0e000770	24
ttm_geo_000778	0e000778	48
bitfs_geo_000788	0e000788	24
rr_geo_000788	0e000788	24
ssl_geo_000794	0e000794	24
hmc_geo_000798	0e000798	96
thi_geo_00079C	0e00079c	160
bitfs_geo_0007A0	0e0007a0	168
rr_geo_0007A0	0e0007a0	24
ttm_geo_0007A8	0e0007a8	48
ssl_geo_0007AC	0e0007ac	32
geo_bbh_0007B0	0e0007b0	32
rr_geo_0007B8	0e0007b8	24
ssl_geo_0007CC	0e0007cc	192
geo_bbh_0007D0	0e0007d0	48
rr_geo_0007D0	0e0007d0	24
ttm_geo_0007D8	0e0007d8	48
wf_geo_0007E0	0e0007e0	64
rr_geo_0007E8	0e0007e8	24
hmc_geo_0007F8	0e0007f8	88
geo_bbh_000800	0e000800	40
rr_geo_000800	0e000800	24
ttm_geo_000808	0e000808	40
rr_geo_000818	0e000818	24
wf_geo_000820	0e000820	64
geo_bbh_000828	0e000828	56
rr_geo_000830	0e000830	24
ttm_geo_000830	0e000830	40
rr_geo_000848	0e000848	24
hmc_geo_000850	0e000850	128
ttm_geo_000858	0e000858	40
geo_bbh_000860	0e000860	40
rr_geo_000860	0e000860	24
wf_geo_000860	0e000860	24
rr_geo_000878	0e000878	24
wf_geo_000878	0e000878	24
ttm_geo_000880	0e000880	40
geo_bbh_000888	0e000888	40
ssl_geo_00088C	0e00088c	144
rr_geo_000890	0e000890	24
wf_geo_000890	0e000890	24
rr_geo_0008A8	0e0008a8	24
ttm_geo_0008A8	0e0008a8	40
wf_geo_0008A8	0e0008a8	64
geo_bbh_0008B0	0e0008b0	56
rr_geo_0008C0	0e0008c0	24
hmc_geo_0008D0	0e0008d0	104
ttm_geo_0008D0	0e0008d0	40
rr_geo_0008D8	0e0008d8	24
geo_bbh_0008E8	0e0008e8	104
wf_geo_0008E8	0e0008e8	24
rr_geo_0008F0	0e0008f0	24
ttm_geo_0008F8	0e0008f8	40
jrb_geo_000900	0e000900	24
wf_geo_000900	0e000900	64
rr_geo_000908	0e000908	24
jrb_geo_000918	0e000918	24
rr_geo_000920	0e000920	32
ttm_geo_000920	0e000920	40
jrb_geo_000930	0e000930	24
hmc_geo_000938	0e000938	96
rr_geo_000940	0e000940	24
wf_geo_000940	0e000940	24
jrb_geo_000948	0e000948	24
ttm_geo_000948	0e000948	40
geo_bbh_000950	0e000950	120
rr_geo_000958	0e000958	24
wf_geo_000958	0e000958	72
jrb_geo_000960	0e000960	24
rr_geo_000970	0e000970	24
ttm_geo_000970	0e000970	32
jrb_geo_000978	0e000978	24
rr_geo_000988	0e000988	24
jrb_geo_000990	0e000990	32
ttm_geo_000990	0e000990	48
hmc_geo_000998	0e000998	128
rr_geo_0009A0	0e0009a0	24
wf_geo_0009A0	0e0009a0	24
jrb_geo_0009B0	0e0009b0	24
rr_geo_0009B8	0e0009b8	24
wf_geo_0009B8	0e0009b8	24
ttm_geo_0009C0	0e0009c0	48
geo_bbh_0009C8	0e0009c8	80
jrb_geo_0009C8	0e0009c8	32
rr_geo_0009D0	0e0009d0	164
wf_geo_0009D0	0e0009d0	24
lll_geo_0009E0	0e0009e0	24
jrb_geo_0009E8	0e0009e8	24
wf_geo_0009E8	0e0009e8	24
ttm_geo_0009F0	0e0009f0	40
lll_geo_0009F8	0e0009f8	24
jrb_geo_000A00	0e000a00	24
wf_geo_000A00	0e000a00	64
lll_geo_000A10	0e000a10	24
geo_bbh_000A18	0e000a18	72
hmc_geo_000A18	0e000a18	112
jrb_geo_000A18	0e000a18	228
ttm_geo_000A18	0e000a18	40
lll_geo_000A28	0e000a28	24
lll_geo_000A40	0e000a40	32
ttm_geo_000A40	0e000a40	48
wf_geo_000A40	0e000a40	24
wf_geo_000A58	0e000a58	64
geo_bbh_000A60	0e000a60	120
lll_geo_000A60	0e000a60	24
ttm_geo_000A70	0e000a70	236
lll_geo_000A78	0e000a78	24
hmc_geo_000A88	0e000a88	96
lll_geo_000A90	0e000a90	24
wf_geo_000A98	0e000a98	24
lll_geo_000AA8	0e000aa8	24
wf_geo_000AB0	0e000ab0	24
lll_geo_000AC0	0e000ac0	24
wf_geo_000AC8	0e000ac8	24
geo_bbh_000AD8	0e000ad8	80
lll_geo_000AD8	0e000ad8	24
wf_geo_000AE0	0e000ae0	24
hmc_geo_000AE8	0e000ae8	96
lll_geo_000AF0	0e000af0	24
level_castle_inside_entry	0e000af8	1028
wf_geo_000AF8	0e000af8	24
jrb_geo_000AFC	0e000afc	168
lll_geo_000B08	0e000b08	24
wf_geo_000B10	0e000b10	40
lll_geo_000B20	0e000b20	24
geo_bbh_000B28	0e000b28	96
lll_geo_000B38	0e000b38	24
wf_geo_000B38	0e000b38	40
hmc_geo_000B48	0e000b48	72
lll_geo_000B50	0e000b50	24
ttm_geo_000B5C	0e000b5c	144
wf_geo_000B60	0e000b60	24
lll_geo_000B68	0e000b68	24
wf_geo_000B78	0e000b78	24
lll_geo_000B80	0e000b80	24
geo_bbh_000B88	0e000b88	104
hmc_geo_000B90	0e000b90	288
wf_geo_000B90	0e000b90	24
lll_geo_000B98	0e000b98	24
wf_geo_000BA8	0e000ba8	32
lll_geo_000BB0	0e000bb0	24
lll_geo_000BC8	0e000bc8	24
wf_geo_000BC8	0e000bc8	24
lll_geo_000BE0	0e000be0	24
wf_geo_000BE0	0e000be0	24
ttm_geo_000BEC	0e000bec	152
geo_bbh_000BF0	0e000bf0	72
lll_geo_000BF8	0e000bf8	24
wf_geo_000BF8	0e000bf8	196
lll_geo_000C10	0e000c10	32
lll_geo_000C30	0e000c30	32
geo_bbh_000C38	0e000c38	80
lll_geo_000C50	0e000c50	32
lll_geo_000C70	0e000c70	32
ttm_geo_000C84	0e000c84	144
geo_bbh_000C88	0e000c88	96
lll_geo_000C90	0e000c90	32
lll_geo_000CB0	0e000cb0	32
lll_geo_000CD0	0e000cd0	32
geo_bbh_000CE8	0e000ce8	56
lll_geo_000CF0	0e000cf0	32
lll_geo_000D10	0e000d10	32
ttm_geo_000D14	0e000d14	56
geo_bbh_000D20	0e000d20	72
lll_geo_000D30	0e000d30	32
ttm_geo_000D4C	0e000d4c	56
lll_geo_000D50	0e000d50	32
geo_bbh_000D68	0e000d68	72
lll_geo_000D70	0e000d70	32
ttm_geo_000D84	0e000d84	56
lll_geo_000D90	0e000d90	32
geo_bbh_000DB0	0e000db0	64
lll_geo_000DB0	0e000db0	32
ttm_geo_000DBC	0e000dbc	56
lll_geo_000DD0	0e000dd0	24
lll_geo_000DE8	0e000de8	24
geo_bbh_000DF0	0e000df0	80
ttm_geo_000DF4	0e000df4	24
lll_geo_000E00	0e000e00	168
geo_bbh_000E40	0e000e40	64
geo_bbh_000E80	0e000e80	48
lll_geo_000EA8	0e000ea8	24
geo_bbh_000EB0	0e000eb0	80
lll_geo_000EC0	0e000ec0	192
castle_geo_000F00	0e000f00	24
geo_bbh_000F00	0e000f00	400
castle_geo_000F18	0e000f18	24
castle_geo_000F30	0e000f30	64
castle_geo_000F70	0e000f70	24
castle_geo_000F88	0e000f88	32
castle_geo_000FA8	0e000fa8	40
castle_geo_000FD0	0e000fd0	48
castle_geo_001000	0e001000	56
castle_geo_001038	0e001038	80
castle_geo_001088	0e001088	64
castle_geo_0010C8	0e0010c8	72
castle_geo_001110	0e001110	72
castle_geo_001158	0e001158	80
castle_geo_0011A8	0e0011a8	88
castle_geo_001200	0e001200	96
castle_geo_001260	0e001260	104
castle_geo_0012C8	0e0012c8	128
castle_geo_001348	0e001348	112
castle_geo_0013B8	0e0013b8	72
castle_geo_001400	0e001400	280
castle_geo_001518	0e001518	24
castle_geo_001530	0e001530	24
castle_geo_001548	0e001548	24
castle_geo_001560	0e001560	24
castle_geo_001578	0e001578	64
castle_geo_0015B8	0e0015b8	64
castle_geo_0015F8	0e0015f8	48
castle_geo_001628	0e001628	64
castle_geo_001668	0e001668	40
castle_geo_001690	0e001690	72
castle_geo_0016D8	0e0016d8	104
castle_geo_001740	0e001740	88
castle_geo_001798	0e001798	104
castle_geo_001800	0e001800	88
castle_geo_001858	0e001858	232
castle_geo_001940	0e001940	24
castle_geo_001958	0e001958	40
castle_geo_001980	0e001980	72
castle_geo_0019C8	0e0019c8	48
castle_geo_0019F8	0e0019f8	56
castle_geo_001A30	0e001a30	40
castle_geo_001A58	0e001a58	96
castle_geo_001AB8	0e001ab8	64
castle_geo_001AF8	0e001af8	80
castle_geo_001B48	0e001b48	104
castle_geo_001BB0	0e001bb0	96
castle_geo_001C10	0e001c10	224
blue_coin_switch_geo	0f000000	32
test_platform_geo	0f000020	8
dAmpGeo	0f000028	372
cannon_base_geo	0f0001a8	24
cannon_barrel_geo	0f0001c0	24
chuckya_geo	0f0001d8	756
purple_switch_geo	0f0004cc	24
checkerboard_platform_geo	0f0004e4	24
heart_geo	0f0004fc	28
flyguy_geo	0f000518	184
breakable_box_geo	0f0005d0	64
breakable_box_small_geo	0f000610	48
bowling_ball_geo	0f000640	44
bowling_ball_track_geo	0f00066c	40
exclamation_box_geo	0f000694	80
goomba_geo	0f0006e4	212
black_bobomb_geo	0f0007b8	316
bobomb_buddy_geo	0f0008f4	316
metal_box_geo	0f000a30	40
exclamation_box_outline_geo	0f000a58	88
koopa_shell_geo	0f000ab0	44
koopa_shell2_geo	0f000adc	44
koopa_shell3_geo	0f000b08	44
level_script_entry	10000000	40
bhvStarDoor	13000000	84
bhvMrI	13000054	56
bhvMrIBody	1300008c	32
bhvMrIParticle	130000ac	76
bhvPurpleParticle	130000f8	32
bhvGiantPole	13000118	44
bhvPoleGrabbing	13000144	48
bhvTHIHugeIslandTop	13000174	32
bhvTHITinyIslandTop	13000194	24
bhvCapSwitchBase	130001ac	32
bhvCapSwitch	130001cc	40
bhvKingBobomb	130001f4	96
bhvBobombAnchorMario	13000254	36
bhvBetaChestBottom	13000278	36
bhvBetaChestLid	1300029c	28
bhvBubbleParticleSpawner	130002b8	44
bhvBubbleMaybe	130002e4	84
bhvSmallWaterWave	13000338	96
bhvSmallWaterWave398	13000398	36
bhvWaterAirBubble	130003bc	68
bhvSmallParticle	13000400	40
bhvPlungeBubble	13000428	28
bhvSmallParticleSnow	13000444	40
bhvSmallParticleBubbles	1300046c	40
bhvFishGroup	13000494	20
bhvCannon	130004a8	60
bhvCannonBarrel	130004e4	28
bhvCannonBaseUnused	13000500	40
bhvChuckya	13000528	92
bhvChuckyaAnchorMario	13000584	36
bhvUnused05A8	130005a8	12
bhvRotatingPlatform	130005b4	36
bhvTower	130005d8	40
bhvBulletBillCannon	13000600	36
bhvWFBreakableWallRight	13000624	20
bhvWFBreakableWallLeft	13000638	52
bhvKickableBoard	1300066c	56
bhvTowerDoor	130006a4	52
bhvRotatingCounterClockwise	130006d8	8
bhvWFRotatingWoodenPlatform	130006e0	40
bhvKoopaShellUnderwater	13000708	24
bhvExitPodiumWarp	13000720	60
bhvFadingWarp	1300075c	36
bhvWarp	13000780	32
bhvWarpPipe	130007a0	60
bhvWhitePuffExplosion	130007dc	28
bhvSpawnedStar	130007f8	20
bhvSpawnedStarNoLevelExit	1300080c	36
bhvSpawnedBlueCoin	13000830	88
bhvCoinInsideBoo	13000888	72
bhvCoinFormationSpawn	130008d0	28
bhvCoinFormation	130008ec	32
bhvOneCoin	1300090c	16
bhvYellowCoin	1300091c	36
bhvTemporaryYellowCoin	13000940	36
bhvThreeCoinsSpawn	13000964	32
bhvTenCoinsSpawn	13000984	32
bhvSingleCoinGetsSpawned	130009a4	60
bhvCoinSparkles	130009e0	52
bhvGoldenCoinSparkles	13000a14	32
bhvWallTinyStarParticle	13000a34	32
bhvVertStarParticleSpawner	13000a54	36
bhvPoundTinyStarParticle	13000a78	32
bhvHorStarParticleSpawner	13000a98	36
bhvPunchTinyTriangle	13000abc	28
bhvTriangleParticleSpawner	13000ad8	36
bhvDoorWarp	13000afc	16
bhvDoor	13000b0c	76
bhvGrindel	13000b58	52
bhvThwomp	13000b8c	60
bhvThwomp2	13000bc8	60
bhvTumblingBridgePlatform	13000c04	36
bhvTumblingBridge	13000c28	28
bhvBBHTumblingBridge	13000c44	32
bhvLLLTumblingBridge	13000c64	32
bhvFlame	13000c84	68
bhvAnotherElavator	13000cc8	52
bhvRRElevatorPlatform	13000cfc	52
bhvHMCElevatorPlatform	13000d30	60
bhvWaterMist	13000d6c	44
bhvBreathParticleSpawner	13000d98	28
bhvBreakBoxTriangle	13000db4	36
bhvWaterMist2	13000dd8	36
bhvUnused0DFC	13000dfc	40
bhvMistCircParticleSpawner	13000e24	24
bhvDirtParticleSpawner	13000e3c	28
bhvSnowParticleSpawner	13000e58	24
bhvWind	13000e70	24
bhvEndToad	13000e88	36
bhvEndPeach	13000eac	36
bhvUnusedParticleSpawn	13000ed0	56
bhvUkiki	13000f08	12
bhvUkikiCageChild	13000f14	24
bhvUkikiCageStar	13000f2c	28
bhvUkikiCage	13000f48	84
bhvBitFSSinkingPlatforms	13000f9c	44
bhvBitFSSinkingCagePlatform	13000fc8	56
bhvDDDMovingPole	13001000	48
bhvBitFSTiltingInvertedPyramid	13001030	52
bhvSquishablePlatform	13001064	52
bhvCutOutObject	13001098	16
bhvBetaMovingFlamesSpawn	130010a8	16
bhvBetaMovingFlames	130010b8	32
bhvRRRotatingBridgePlatform	130010d8	48
bhvFlamethrower	13001108	28
bhvFlamethrowerFlame	13001124	68
bhvBouncingFireball	13001168	28
bhvBouncingFireballFlame	13001184	76
bhvBowserShockWave	130011d0	28
bhvFireParticleSpawner	130011ec	40
bhvBlackSmokeMario	13001214	64
bhvBlackSmokeBowser	13001254	40
bhvBlackSmokeUpward	1300127c	28
bhvBetaFishSplashSpawner	13001298	28
bhvSpindrift	130012b4	64
bhvTowerPlatformGroup	130012f4	36
bhvWFSlidingTowerPlatform	13001318	40
bhvWFElevatorTowerPlatform	13001340	40
bhvWFSolidTowerPlatform	13001368	40
bhvLeafParticleSpawner	13001390	24
bhvTreeSnow	130013a8	28
bhvTreeLeaf	130013c4	24
bhvAnotherTiltingPlatform	130013dc	44
bhvSquarishPathMoving	13001408	36
bhvPiranhaPlantBubble	1300142c	28
bhvPiranhaPlantWakingBubbles	13001448	32
bhvFloorSwitchAnimatesObject	13001468	16
bhvFloorSwitchGrills	13001478	12
bhvFloorSwitchHardcodedModel	13001484	40
bhvFloorSwitchHiddenObjects	130014ac	16
bhvHiddenObject	130014bc	36
bhvBreakableBox	130014e0	56
bhvPushableMetalBox	13001518	48
bhvHeaveHo	13001548	92
bhvHeaveHoThrowMario	130015a4	28
bhvCCMTouchedStarSpawn	130015c0	36
bhvUnusedPoundablePlatform	130015e4	36
bhvBetaTrampolineTop	13001608	44
bhvBetaTrampolineSpring	13001634	28
bhvJumpingBox	13001650	44
bhvBooCage	1300167c	48
bhvStub	130016ac	12
bhvIgloo	130016b8	44
bhvBowserKey	130016e4	48
bhvGrandStar	13001714	48
bhvBetaBooKey	13001744	52
bhvAlphaBooKey	13001778	36
bhvBulletBill	1300179c	88
bhvWhitePuffSmoke	130017f4	44
bhvUnused1820	13001820	8
bhvBowserTailAnchor	13001828	40
bhvBowser	13001850	124
bhvBowserBodyAnchor	130018cc	56
bhvBowserFlameSpawn	13001904	28
bhvTiltingBowserLavaPlatform	13001920	56
bhvFallingBowserPlatform	13001958	44
bhvBlueBowserFlame	13001984	68
bhvFlameFloatingLanding	130019c8	68
bhvBlueFlamesGroup	13001a0c	36
bhvFlameBouncing	13001a30	68
bhvFlameMovingForwardGrowing	13001a74	48
bhvFlameBowser	13001aa4	68
bhvFlameLargeBurningOut	13001ae8	68
bhvBlueFish	13001b2c	40
bhvTankFishGroup	13001b54	28
bhvCheckerboardElevatorGroup	13001b70	24
bhvCheckerboardPlatformSub	13001b88	44
bhvBowserKeyUnlockDoor	13001bb4	32
bhvBowserKeyCourseExit	13001bd4	32
bhvInvisibleObjectsUnderBridge	13001bf4	16
bhvWaterLevelPillar	13001c04	48
bhvDDDWarp	13001c34	36
bhvMoatGrills	13001c58	36
bhvClockMinuteHand	13001c7c	16
bhvClockHourHand	13001c8c	36
bhvMacroUkiki	13001cb0	92
bhvStub1D0C	13001d0c	8
bhvLLLRotatingHexagonalPlatform	13001d14	44
bhvLLLSinkingRockBlock	13001d40	48
bhvStub1D70	13001d70	8
bhvLLLMovingOctagonalMeshPlatform	13001d78	44
bhvSnowBall	13001da4	4
bhvLLLRotatingBlockWithFireBars	13001da8	36
bhvLLLRotatingHexFlame	13001dcc	56
bhvLLLWoodPiece	13001e04	44
bhvLLLFloatingWoodBridge	13001e30	28
bhvVolcanoFlames	13001e4c	32
bhvLLLRotatingHexagonalRing	13001e6c	40
bhvLLLSinkingRectangularPlatform	13001e94	48
bhvLLLSinkingSquarePlatforms	13001ec4	52
bhvLLLTiltingInvertedPyramid	13001ef8	56
bhvUnused1F30	13001f30	12
bhvKoopaShell	13001f3c	44
bhvKoopaShellFlame	13001f68	40
bhvToxBox	13001f90	44
bhvPiranhaPlant	13001fbc	92
bhvLLLHexagonalMesh	13002018	32
bhvLLLBowserPuzzlePiece	13002038	48
bhvLLLBowserPuzzle	13002068	32
bhvTuxiesMother	13002088	80
bhvPenguinBaby	130020d8	8
bhvUnused20E0	130020e0	8
bhvSmallPenguin	130020e8	84
bhvManyBlueFishSpawner	1300213c	16
bhvFewBlueFishSpawner	1300214c	16
bhvFishSpawner	1300215c	28
bhvFish	13002178	28
bhvWDWExpressElevator	13002194	44
bhvWDWExpressElevatorPlatform	130021c0	36
bhvChirpChirp	130021e4	16
bhvChirpChirpUnused	130021f4	24
bhvBub	1300220c	68
bhvExclamationBox	13002250	44
bhvRotatingExclamationMark	1300227c	32
bhvSoundSpawner	1300229c	28
bhvRockSolid	130022b8	32
bhvBowserSubDoor	130022d8	48
bhvBowsersSub	13002308	48
bhvSushiShark	13002338	80
bhvSushiSharkCollisionChild	13002388	28
bhvJRBSlidingBox	130023a4	44
bhvShipPart3	130023d0	28
bhvInSunkenShip3	130023ec	48
bhvSunkenShipPart	1300241c	32
bhvSunkenShipSetRotation	1300243c	16
bhvSunkenShipPart2	1300244c	32
bhvInSunkenShip	1300246c	20
bhvInSunkenShip2	13002480	44
bhvMistParticleSpawner	130024ac	48
bhvWhitePuff1	130024dc	36
bhvWhitePuff2	13002500	40
bhvWhitePuffSmoke2	13002528	48
bhvPurpleSwitchHiddenBoxes	13002558	16
bhvBlueCoinSwitch	13002568	32
bhvHiddenBlueCoin	13002588	56
bhvOpenableCageDoor	130025c0	32
bhvOpenableGrill	130025e0	24
bhvWaterLevelDiamond	130025f8	40
bhvInitializeChangingWaterLevel	13002620	20
bhvTweesterSandParticle	13002634	28
bhvTweester	13002650	52
bhvMerryGoRoundBooManager	13002684	24
bhvAnimatedTexture	1300269c	56
bhvBooInCastle	130026d4	60
bhvBooWithCage	13002710	88
bhvBalconyBigBoo	13002768	20
bhvMerryGoRoundBigBoo	1300277c	20
bhvGhostHuntBigBoo	13002790	64
bhvCourtyardBooTriplet	130027d0	20
bhvBoo	130027e4	16
bhvMerryGoRoundBoo	130027f4	16
bhvGhostHuntBoo	13002804	104
bhvHiddenStaircaseStep	1300286c	44
bhvBooStaircase	13002898	52
bhvBBHTiltingTrapPlatform	130028cc	48
bhvHauntedBookshelf	130028fc	48
bhvMeshElevator	1300292c	60
bhvMerryGoRound	13002968	48
bhvPlaysMusicTrackWhenTouched	13002998	24
bhvInsideCannon	130029b0	4
bhvBetaBowserAnchor	130029b4	48
bhvStaticCheckeredPlatform	130029e4	44
bhvUnused2A10	13002a10	16
bhvUnusedFakeStar	13002a20	24
bhvStaticObject	13002a48	12
bhvUnused2A54	13002a54	8
bhvCastleFloorTrap	13002a5c	32
bhvFloorTrapInCastle	13002a7c	40
bhvTree	13002aa4	44
bhvSparkle	13002ad0	32
bhvSparkleSpawn	13002af0	24
bhvSparkleParticleSpawner	13002b08	84
bhvScuttlebug	13002b5c	68
bhvScuttlebugSpawn	13002ba0	24
bhvWhompKingBoss	13002bb8	20
bhvSmallWhomp	13002bcc	72
bhvWaterSplash	13002c14	76
bhvWaterDroplet	13002c60	28
bhvWaterDropletSplash	13002c7c	52
bhvBubbleSplash	13002cb0	48
bhvIdleWaterWave	13002ce0	72
bhvObjectWaterSplash	13002d28	40
bhvShallowWaterWave	13002d50	44
bhvShallowWaterSplash	13002d7c	52
bhvObjectWaveTrail	13002db0	16
bhvWaveTrail	13002dc0	68
bhvTinyStrongWindParticle	13002e04	28
bhvStrongWindParticle	13002e20	28
bhvSLSnowmanWind	13002e3c	28
bhvSLWalkingPenguin	13002e58	80
bhvYellowBall	13002ea8	16
bhvMario	13002ec0	56
bhvToadMessage	13002ef8	72
bhvUnlockDoorStar	13002f40	32
bhvInstantActiveWarp	13002f60	4
bhvAirborneWarp	13002f64	4
bhvHardAirKnockBackWarp	13002f68	4
bhvSpinAirborneCircleWarp	13002f6c	4
bhvDeathWarp	13002f70	4
bhvSpinAirborneWarp	13002f74	4
bhvFlyingWarp	13002f78	4
bhvPaintingStarCollectWarp	13002f7c	4
bhvPaintingDeathWarp	13002f80	4
bhvAirborneDeathWarp	13002f84	4
bhvAirborneStarCollectWarp	13002f88	4
bhvLaunchStarCollectWarp	13002f8c	4
bhvLaunchDeathWarp	13002f90	4
bhvSwimmingWarp	13002f94	4
bhvRandomAnimatedTexture	13002fa0	32
bhvYellowBackgroundInMenu	13002fc0	36
bhvMenuButton	13002fe4	36
bhvMenuButtonManager	13003008	36
bhvActSelectorStarType	1300302c	28
bhvActSelector	13003048	32
bhvMovingYellowCoin	13003068	60
bhvMovingBlueCoin	130030a4	48
bhvBlueCoinSliding	130030d4	48
bhvBlueCoinJumping	13003104	48
bhvSeaweed	13003134	36
bhvSeaweedBundle	13003158	28
bhvBobomb	13003174	56
bhvBobombFuseSmoke	130031ac	48
bhvBobombBuddy	130031dc	76
bhvBobombBuddyOpensCannon	13003228	76
bhvCannonClosed	13003274	52
bhvWhirlpool	130032a8	32
bhvJetStream	130032c8	24
bhvMessagePanel	130032e0	68
bhvSignOnWall	13003324	48
bhvHomingAmp	13003354	52
bhvCirclingAmp	13003388	52
bhvButterfly	130033bc	48
bhvHoot	130033ec	52
bhvBetaHoldableObject	13003420	52
bhvCarrySomething1	13003454	8
bhvCarrySomething2	1300345c	8
bhvCarrySomething3	13003464	8
bhvCarrySomething4	1300346c	8
bhvCarrySomething5	13003474	8
bhvCarrySomething6	1300347c	8
bhvObjectBubble	13003484	64
bhvObjectWaterWave	130034c4	76
bhvExplosion	13003510	72
bhvBobombBullyDeathSmoke	13003558	48
bhvSmoke	13003588	40
bhvBobombExplosionBubble	130035b0	80
bhvBobombExplosionBubble3600	13003600	20
bhvRespawner	13003614	24
bhvSmallBully	1300362c	52
bhvBigBully	13003660	52
bhvBigBullyWithMinions	13003694	52
bhvSmallChillBully	130036c8	56
bhvBigChillBully	13003700	56
bhvJetStreamRingSpawner	13003738	24
bhvJetStreamWaterRing	13003750	72
bhvMantaRayWaterRing	13003798	72
bhvMantaRayRingManager	130037e0	12
bhvBowserBomb	130037ec	48
bhvBowserBombExplosion	1300381c	36
bhvBowserBombSmoke	13003840	40
bhvCelebrationStar	13003868	32
bhvCelebrationStarSparkle	13003888	40
bhvStarKeyCollectionPuffSpawner	130038b0	32
bhvLLLDrawbridgeSpawner	130038d0	24
bhvLLLDrawbridge	130038e8	40
bhvSmallBomp	13003910	48
bhvLargeBomp	13003940	48
bhvWFSlidingPlatform	13003970	48
bhvMoneybag	130039a0	52
bhvMoneybagHidden	130039d4	52
bhvPitBowlingBall	13003a08	40
bhvFreeBowlingBall	13003a30	40
bhvBowlingBall	13003a58	40
bhvTTMBowlingBallSpawner	13003a80	36
bhvBoBBowlingBallSpawner	13003aa4	36
bhvTHIBowlingBallSpawner	13003ac8	24
bhvRRCruiserWing	13003ae0	32
bhvSpindel	13003b00	48
bhvSSLMovingPyramidWall	13003b30	48
bhvPyramidElevator	13003b60	56
bhvPyramidElevatorTrajectoryMarkerBall	13003b98	28
bhvPyramidTop	13003bb4	56
bhvPyramidTopFragment	13003bec	32
bhvPyramidPillarTouchDetector	13003c0c	36
bhvWaterfallSoundLoop	13003c30	20
bhvVolcanoSoundLoop	13003c44	20
bhvCastleFlagWaving	13003c58	36
bhvBirdsSoundLoop	13003c7c	20
bhvAmbientSounds	13003c90	20
bhvSandSoundLoop	13003ca4	20
bhvHiddenAt120Stars	13003cb8	44
bhvSnowmansBottom	13003ce4	40
bhvSnowmansHead	13003d0c	40
bhvSnowmansBodyCheckpoint	13003d34	24
bhvBigSnowmanWhole	13003d4c	40
bhvBigBoulder	13003d74	44
bhvBigBoulderGenerator	13003da0	24
bhvWingCap	13003db8	32
bhvMetalCap	13003dd8	32
bhvNormalCap	13003df8	36
bhvVanishCap	13003e1c	32
bhvStar	13003e3c	40
bhvStarSpawnCoordinates	13003e64	40
bhvHiddenRedCoinStar	13003e8c	32
bhvRedCoin	13003eac	56
bhvBowserCourseRedCoinStar	13003ee4	24
bhvHiddenStar	13003efc	32
bhvHiddenStarTrigger	13003f1c	36
bhvTTMRollingLog	13003f40	56
bhvLLLVolcanoFallingTrap	13003f78	44
bhvLLLRollingLog	13003fa4	56
bhv1UpWalking	13003fdc	52
bhv1UpRunningAway	13004010	52
bhv1UpSliding	13004044	56
bhv1Up	1300407c	56
bhv1UpJumpOnApproach	130040b4	56
bhvHidden1Up	130040ec	56
bhvHidden1UpTrigger	13004124	36
bhvHidden1UpInPole	13004148	56
bhvHidden1UpInPoleTrigger	13004180	36
bhvHidden1UpInPoleSpawner	130041a4	24
bhvControllablePlatform	130041bc	52
bhvControllablePlatformSub	130041f0	40
bhvBreakableBoxSmall	13004218	44
bhvSlidingSnowMound	13004244	44
bhvSnowMoundSpawn	13004270	20
bhvWDWSquareFloatingPlatform	13004284	48
bhvWDWRectangularFloatingPlatform	130042b4	48
bhvJRBFloatingPlatform	130042e4	48
bhvArrowLift	13004314	52
bhvOrangeNumber	13004348	40
bhvMantaRay	13004370	48
bhvFallingPillar	130043a0	36
bhvFallingPillarHitbox	130043c4	28
bhvPillarBase	130043e0	32
bhvJRBFloatingBox	13004400	44
bhvDecorativePendulum	1300442c	32
bhvTreasureChestsShip	1300444c	36
bhvTreasureChestsJRB	13004470	36
bhvTreasureChestsDDD	13004494	36
bhvTreasureChestBottom	130044b8	40
bhvTreasureChestTop	130044e0	28
bhvMips	130044fc	60
bhvYoshi	13004538	72
bhvKoopa	13004580	80
bhvKoopaRaceEndpoint	130045d0	40
bhvKoopaFlag	130045f8	60
bhvPokey	13004634	52
bhvPokeyBodyPart	13004668	48
bhvSwoop	13004698	68
bhvFlyGuy	130046dc	80
bhvGoomba	1300472c	68
bhvGoombaTripletSpawner	13004770	28
bhvChainChomp	1300478c	88
bhvChainChompChainPart	130047e4	56
bhvWoodenPost	1300481c	76
bhvChainChompGate	13004868	48
bhvWigglerHead	13004898	72
bhvWigglerBody	130048e0	56
bhvEnemyLakitu	13004918	60
bhvCameraLakitu	13004954	52
bhvCloud	13004988	36
bhvCloudPart	130049ac	28
bhvSpiny	130049c8	56
bhvMontyMole	13004a00	88
bhvMontyMoleHole	13004a58	32
bhvMontyMoleRock	13004a78	56
bhvPlatformOnTrack	13004ab0	68
bhvTrackBall	13004af4	40
bhvSeesawPlatform	13004b1c	40
bhvFerrisWheelAxle	13004b44	40
bhvFerrisWheelPlatform	13004b6c	32
bhvWaterBombSpawner	13004b8c	28
bhvWaterBomb	13004ba8	44
bhvWaterBombShadow	13004bd4	28
bhvTTCRotatingSolid	13004bf0	52
bhvTTCPendulum	13004c24	56
bhvTTCTreadmill	13004c5c	56
bhvTTCMovingBar	13004c94	56
bhvTTCCog	13004ccc	44
bhvTTCPitBlock	13004cf8	48
bhvTTCElevator	13004d28	60
bhvTTC2DRotator	13004d64	44
bhvTTCSpinner	13004d90	44
bhvMrBlizzard	13004dbc	76
bhvMrBlizzardSnowball	13004e08	68
bhvSlidingPlatform2	13004e4c	44
bhvOctagonalPlatformRotating	13004e78	40
bhvAnimatesOnFloorSwitchPress	13004ea0	44
bhvActivatedBackAndForthPlatform	13004ecc	44
bhvRecoveryHeart	13004ef8	24
bhvWaterBombCannon	13004f10	24
bhvCannonBarrelBubbles	13004f28	24
bhvUnagi	13004f40	56
bhvUnagiSubobject	13004f78	24
bhvDorrie	13004f90	68
bhvHauntedChair	13004fd4	80
bhvMadPiano	13005024	72
bhvFlyingBookend	1300506c	72
bhvBookendSpawn	130050b4	32
bhvHauntedBookshelfManager	130050d4	32
bhvBookSwitch	130050f4	44
bhvFirePiranhaPlant	13005120	56
bhvSmallPiranhaFlame	13005158	52
bhvFireSpitter	1300518c	32
bhvFlyguyFlame	130051ac	52
bhvSnufit	130051e0	60
bhvSnufitBalls	1300521c	64
bhvHorizontalGrindel	1300525c	88
bhvEyerokBoss	130052b4	28
bhvEyerokHand	130052d0	64
bhvKlepto	13005310	68
bhvBird	13005354	44
bhvRacingPenguin	13005380	68
bhvPenguinRaceFinishLine	130053c4	24
bhvPenguinRaceShortcutCheck	130053dc	24
bhvCoffinSpawner	130053f4	32
bhvCoffin	13005414	44
bhvClamShell	13005440	40
bhvSkeeter	13005468	56
bhvSkeeterWave	130054a0	24
bhvSwingPlatform	130054b8	52
bhvDonutPlatformSpawner	130054ec	24
bhvDonutPlatform	13005504	36
bhvDDDPole	13005528	68
bhvRedCoinStarMarker	1300556c	44
bhvTripletButterfly	13005598	68
bhvBubba	130055dc	52
bhvBeginningLakitu	13005610	40
bhvBeginningPeach	13005638	36
bhvEndBirds1	1300565c	36
bhvEndBirds2	13005680	36
bhvIntroScene	130056a4	24
level_intro_splash_screen	14000000	120
level_main_menu_entry_1	14000000	280
level_intro_mario_head_regular	14000078	140
level_intro_mario_head_dizzy	14000104	140
level_main_menu_entry_2	14000118	172
level_intro_entry_4	14000190	124
geo_menu_mario_save_button	140001d0	48
geo_menu_mario_save_button_fade	14000200	48
script_intro_L1	1400020c	44
geo_menu_mario_new_button	14000230	48
script_intro_L2	14000238	36
script_intro_L3	1400025c	40
geo_menu_mario_new_button_fade	14000260	48
script_intro_L4	14000284	36
geo_menu_erase_button	14000290	40
script_intro_L5	140002a8	40
geo_menu_copy_button	140002b8	40
intro_geo_0002D0	140002d0	140
geo_menu_file_button	140002e0	40
geo_menu_score_button	14000308	40
geo_menu_sound_button	14000330	40
geo_menu_generic_button	14000358	40
intro_geo_mario_head_regular	1400035c	92
geo_menu_file_select_strings_and_menu_cursor	14000380	136
intro_geo_mario_head_dizzy	140003b8	92
geo_menu_act_selector_strings	14000408	136
intro_geo_000414	14000414	232
level_main_scripts_entry	15000000	552
script_func_global_1	15000660	188
script_func_global_2	1500071c	52
script_func_global_3	15000750	28
script_func_global_4	1500076c	28
script_func_global_5	15000788	44
script_func_global_6	150007b4	52
script_func_global_7	150007e8	36
script_func_global_8	1500080c	36
script_func_global_9	15000830	28
script_func_global_10	1500084c	60
script_func_global_11	15000888	28
script_func_global_12	150008a4	52
script_func_global_13	150008d8	60
script_func_global_14	15000914	68
script_func_global_15	15000958	68
script_func_global_16	1500099c	36
script_func_global_17	150009c0	28
script_func_global_18	150009dc	52
mist_geo	16000000	32
white_puff_geo	16000020	32
explosion_geo	16000040	104
butterfly_geo	160000a8	148
yellow_coin_geo	1600013c	100
yellow_coin_no_shadow_geo	160001a0	96
blue_coin_geo	16000200	100
blue_coin_no_shadow_geo	16000264	96
red_coin_geo	160002c4	100
red_coin_no_shadow_geo	16000328	96
warp_pipe_geo	16000388	32
castle_door_geo	160003a8	148
cabin_door_geo	1600043c	148
wooden_door_geo	160004d0	148
wooden_door2_geo	16000564	148
metal_door_geo	160005f8	148
hazy_maze_door_geo	1600068c	148
haunted_door_geo	16000720	148
castle_door_0_star_geo	160007b4	180
castle_door_1_star_geo	16000868	180
castle_door_3_stars_geo	1600091c	180
key_door_geo	160009d0	180
bowser_key_geo	16000a84	44
bowser_key_cutscene_geo	16000ab0	96
red_flame_shadow_geo	16000b10	28
red_flame_geo	16000b2c	96
blue_flame_geo	16000b8c	96
fish_shadow_geo	16000bec	88
fish_geo	16000c44	72
leaves_geo	16000c8c	24
marios_cap_geo	16000ca4	76
marios_metal_cap_geo	16000cf0	76
marios_wing_cap_geo	16000d3c	108
marios_winged_metal_cap_geo	16000da8	108
number_geo	16000e14	112
mushroom_1up_geo	16000e84	28
star_geo	16000ea0	52
dirt_animation_geo	16000ed4	80
cartoon_star_geo	16000f24	72
transparent_star_geo	16000f6c	44
white_particle_geo	16000f98	28
wooden_signpost_geo	16000fb4	52
bubbly_tree_geo	16000fe8	24
spiky_tree_geo	16001000	24
snow_tree_geo	16001018	24
spiky_tree1_geo	16001030	24
palm_tree_geo	16001048	24
bubble_geo	17000000	28
purple_marble_geo	1700001c	28
smoke_geo	17000038	76
burn_smoke_geo	17000084	24
small_water_splash_geo	1700009c	68
mario_TODO_geo_0000E0	170000e0	68
idle_water_wave_geo	17000124	68
wave_trail_geo	17000168	84
sparkles_geo	170001bc	116
water_splash_geo	17000230	84
sparkles_animation_geo	17000284	92
mario_geo_face_and_wings	170002e0	316
mario_geo_left_hand	1700041c	120
mario_geo_right_hand	17000494	168
mario_geo_body	1700053c	444
mario_geo_medium_poly_left_hand	170006f8	120
mario_geo_medium_poly_right_hand	17000770	168
mario_geo_medium_poly_body	17000818	444
mario_geo_low_poly_face_and_wings	170009d4	316
mario_geo_low_poly_left_hand	17000b10	120
mario_geo_low_poly_right_hand	17000b88	168
mario_geo_low_poly_body	17000c30	444
mario_vanish_geo_face_and_wings	17000dec	316
mario_vanish_geo_left_hand	17000f28	120
mario_vanish_geo_right_hand	17000fa0	168
mario_vanish_geo_body	17001048	444
mario_vanish_geo_medium_poly_left_hand	17001204	120
mario_vanish_geo_medium_poly_right_hand	1700127c	168
mario_vanish_geo_medium_poly_body	17001324	444
mario_vanish_geo_low_poly_face_and_wings	170014e0	316
mario_vanish_geo_low_poly_left_hand	1700161c	120
mario_vanish_geo_low_poly_right_hand	17001694	168
mario_vanish_geo_low_poly_body	1700173c	444
mario_metal_geo_face_and_wings	170018f8	172
mario_metal_geo_left_hand	170019a4	120
mario_metal_geo_right_hand	17001a1c	168
mario_metal_geo_body	17001ac4	444
mario_metal_geo_medium_poly_left_hand	17001c80	120
mario_metal_geo_medium_poly_right_hand	17001cf8	168
mario_metal_geo_medium_poly_body	17001da0	444
mario_metal_geo_low_poly_face_and_wings	17001f5c	172
mario_metal_geo_low_poly_left_hand	17002008	120
mario_metal_geo_low_poly_right_hand	17002080	168
mario_metal_geo_low_poly_body	17002128	444
mario_metal_vanish_geo_face_and_wings	170022e4	172
mario_metal_vanish_geo_left_hand	17002390	120
mario_metal_vanish_geo_right_hand	17002408	168
mario_metal_vanish_geo_body	170024b0	444
mario_metal_vanish_geo_medium_poly_left_hand	1700266c	120
mario_metal_vanish_geo_medium_poly_right_hand	170026e4	168
mario_metal_vanish_geo_medium_poly_body	1700278c	460
mario_metal_vanish_geo_low_poly_face_and_wings	17002958	172
mario_metal_vanish_geo_low_poly_left_hand	17002a04	120
mario_metal_vanish_geo_low_poly_right_hand	17002a7c	168
mario_metal_vanish_geo_low_poly_body	17002b24	444
mario_geo_load_body	17002ce0	52
mario_geo_load_medium_poly_body	17002d14	52
mario_geo_load_low_poly_body	17002d48	52
mario_geo_render_body	17002d7c	88
mario_geo	17002dd4	92
